"path","source_path","bytes","sha256","source_snapshot_utc"
"configs/controlled_experiment_v1.json","configs/controlled_experiment_v1.json","1443","dc3ea55fd215e606ad52fd2fea32834f0ba2bade61de50ff79c275463cbc0d73","2026-08-13T15:25:52Z"
"configs/llm_deepseek_r1_7b_challenger_v1_development.json","configs/llm_deepseek_r1_7b_challenger_v1_development.json","3386","85a7a9a6d70698ef9b443c78b512130b154fdf7a340f3eb09d28ad48bdb68608","2026-08-19T15:26:50Z"
"configs/llm_dual_run_consensus_v1_development.json","configs/llm_dual_run_consensus_v1_development.json","1052","49a80e0ccd62e80342685ec67d8ab532e642b673d05970951780713d28f61818","2026-08-15T05:36:23Z"
"configs/llm_finbert_financial_sentiment_v1_development.json","configs/llm_finbert_financial_sentiment_v1_development.json","3513","6474fd77fa9470982ad1dc06bfeac888db4faf41aac6eee03e5214c221ec4a31","2026-08-16T11:55:46Z"
"configs/llm_fingpt_chatglm2_6b_bnb_nf4_v2_development.json","configs/llm_fingpt_chatglm2_6b_bnb_nf4_v2_development.json","2673","5fad9c474f087845b31f348483f623855242ddda021f16f2f29d40e0d3a872d8","2026-08-16T14:53:13Z"
"configs/llm_fingpt_chatglm2_6b_int4_v1_development.json","configs/llm_fingpt_chatglm2_6b_int4_v1_development.json","4485","e6bed7c96f531bb8182376018fe0e3c6ac0b7bf8313000259d7608f07de6486a","2026-08-16T14:31:45Z"
"configs/llm_gemma3_4b_challenger_v1_development.json","configs/llm_gemma3_4b_challenger_v1_development.json","3328","4de39e1cc6793ac8e2098fc92c67132fb7d8e250c2008b1c7f34c273e558ded6","2026-08-16T10:38:39Z"
"configs/llm_glm4_9b_challenger_v1_development.json","configs/llm_glm4_9b_challenger_v1_development.json","3165","ea440ebb74de4a5db864e7e51c79244876fbf91ea3e23063e84275bf1ff69f25","2026-09-12T04:14:57Z"
"configs/llm_llama31_8b_challenger_v1_development.json","configs/llm_llama31_8b_challenger_v1_development.json","3018","c39ef384c3b2899b90ea1d80e0321821cc16ef06775fa9ac0518a24dccbfe20e","2026-08-18T13:25:54Z"
"configs/llm_pipeline_v1_development.json","configs/llm_pipeline_v1_development.json","3364","e8c753c3fcb5a0c20df471539422bba8f9d0f51e17804b9fbda93eafbcb31a67","2026-08-15T05:36:13Z"
"configs/llm_qwen25_7b_challenger_v1_development.json","configs/llm_qwen25_7b_challenger_v1_development.json","2989","a725a78f1d0be6621f0caf7c23fad6b03752b2faa6da87f34d3d87ee3e292b4f","2026-08-15T05:43:35Z"
"configs/llm_qwen3_8b_challenger_v1_development.json","configs/llm_qwen3_8b_challenger_v1_development.json","3163","cdf3bffc8696e7a77c572985507be3f108fb02d0c40959e04db435694621bb6f","2026-08-18T13:36:40Z"
"configs/sealed_forward_holdout_v1.json","configs/sealed_forward_holdout_v1.json","717","c91bd87fa71ea8cdd7a44038261ba72d89909cdd2f2235585b9fa981701a1e94","2026-08-13T15:31:25Z"
"configs/technical_control_v1.json","configs/technical_control_v1.json","1386","1ecd72c6842b8349af04c89ce03e8c42c4854f46fcd4c153da50c405410f332b","2026-08-13T15:25:50Z"
"data/llm_sources/cryptovision_v2_causal.jsonl.gz","data/llm_sources/cryptovision_v2_causal.jsonl.gz","14818171","5eee73c7d6f1f71e2c55841733eeeb7119e4cb1d87d7358437b9490ad769ab81","2026-08-13T17:00:45Z"
"data/llm_sources/cryptovision_v2.zip","data/llm_sources/cryptovision_v2.zip","15428311","0c0ce86fc0a3b90378d36fbb27cd08137fd1fd9f72030cfc50a4aa967380a142","2026-08-13T16:57:28Z"
"draw_equity.py","draw_equity.py","3178","e0d763c105b4560a3dd37664f2b56f2e28220ab3c91f6f95eac8d2f9b124545f","2026-06-23T12:02:55Z"
"executor/audit_llm_determinism.py","executor/audit_llm_determinism.py","4941","cfa01d37d75f8928574588f22e07baf6e3a9b5472b31d84332da3d73a19fc276","2026-08-14T17:48:41Z"
"executor/audit_llm_outcome_calibration.py","executor/audit_llm_outcome_calibration.py","8145","f04e5ede5940dd6eacebb572d68c75c0953ccba4e23f820b04567e7a9ebbb94c","2026-08-14T14:52:20Z"
"executor/backtest_report.py","executor/backtest_report.py","16383","44547dd6ddac969ffe126b61130f61946fed3c4bba9319b39d003e7d3a829503","2026-08-05T09:19:11Z"
"executor/backtester.py","executor/backtester.py","61995","41e7f5c831d4b380a42feaac373bb9d9500cb9dcf95fd7b2090c3963737e5d64","2026-08-06T15:57:29Z"
"executor/batch_llm_scorer.py","executor/batch_llm_scorer.py","3787","a1afb43965995e4f48fcd25b240c2a61147b677a2b5f59157326118b845cac96","2026-08-04T15:21:55Z"
"executor/build_llm_daily_information_sets.py","executor/build_llm_daily_information_sets.py","4470","b36b5c2789fdf6ea62355ff6cfa2d3b0135bc5d21a550216b82e1b922cfa02dd","2026-08-13T17:01:36Z"
"executor/build_llm_dual_run_consensus.py","executor/build_llm_dual_run_consensus.py","5292","ea436e5a9015a8373f5a6015bf2f274b83fa64dce2696744d61454b78ea310fe","2026-08-14T14:57:38Z"
"executor/build_long_horizon_llm_corpus.py","executor/build_long_horizon_llm_corpus.py","6717","d2c2f9c316041804e2974d754aedcfee7df38ee5b03d02f033ead3bcbca55952","2026-08-13T16:59:11Z"
"executor/controlled_arm_contract.py","executor/controlled_arm_contract.py","1285","d0b228b10a84461381992c78d35da4a45d21d2d7b2eab76b3431bf59ebc8ed65","2026-08-13T15:27:44Z"
"executor/debug_dir.py","executor/debug_dir.py","3169","bb99989e7e3b160f9110bd595cb8f7616d3a08158b8d9d5d09f372d955041d8e","2026-07-04T11:33:53Z"
"executor/deploy_agent_proof.py","executor/deploy_agent_proof.py","3554","a2ab7abc384f49d278d4cbb1eeaf5e72646fb43cd9ae24ec4173f455897a1c48","2026-05-30T15:27:47Z"
"executor/discord_bot.py","executor/discord_bot.py","12572","02322456a9bcf28bc61e4c1c919bd6a18d14ae40d3f68bb7ff411c057686892c","2026-06-07T12:24:31Z"
"executor/download_and_score_news.py","executor/download_and_score_news.py","2728","ce345fe5b3e5bed766f1d560cdb5386bf7a07d4c0d4c3ad897be3886a108882a","2026-07-31T15:20:05Z"
"executor/evaluate_finbert_operational_gate.py","executor/evaluate_finbert_operational_gate.py","5398","32b127fde42eea3bfec5942cc9f52b1bb7ec3f9bdb3325346514246e6f3d1709","2026-08-16T11:57:55Z"
"executor/evaluate_finbert_predictive_gate.py","executor/evaluate_finbert_predictive_gate.py","7223","c8b13b334c0bb43fc484c66ffef082570982c3420d04edacd50e99dc722ae941","2026-08-16T12:10:24Z"
"executor/evaluate_fingpt_chatglm2_stage0.py","executor/evaluate_fingpt_chatglm2_stage0.py","9411","a556b18bebd4b2ce712d5a4b46e7a0111c91260edb58e58e068352ac6e7a7536","2026-08-16T14:53:13Z"
"executor/evaluate_llm_challenger_fail_fast.py","executor/evaluate_llm_challenger_fail_fast.py","3596","f98057a041320b0300d4e86e7013d9a17ad8a7ecc664e0bd72814fce8d3e60b5","2026-08-16T10:45:32Z"
"executor/evaluate_llm_challenger_gate.py","executor/evaluate_llm_challenger_gate.py","4841","5382378ba1777d031a2f86bfa79ca1edf7062acb5c37da6467b69f41d78a70e0","2026-08-15T05:43:35Z"
"executor/evaluate_llm_challenger_stage2.py","executor/evaluate_llm_challenger_stage2.py","4635","23af832f27d909ed29bf7490be0a7cb33167af57ad48e59a8571573b62480a30","2026-08-15T06:46:37Z"
"executor/executor.py","executor/executor.py","174271","ae7f5c34e796f229c8f42c9598b2c79a6f418c771e592c7de4a80cf80863f235","2026-08-06T15:59:10Z"
"executor/fetch_historical_microstructure.py","executor/fetch_historical_microstructure.py","12957","c0622d2d3350bf5e115a9ef81702eef82ef64581c93e817fd4994c1fd9c36494","2026-08-05T09:00:23Z"
"executor/freeze_experiment.py","executor/freeze_experiment.py","4428","d69f5c1466f03d85525e606d2e256b19a7f20f0f5c42be97d29f2e657686fb5c","2026-08-13T15:31:27Z"
"executor/funding_carry_research.py","executor/funding_carry_research.py","4665","cf69fab8b86a93bc11783c00c421deaca2d521b1919d0a6c77735e6302b8e2e9","2026-08-07T13:49:17Z"
"executor/live_backtester.py","executor/live_backtester.py","9362","9bf10bb4e38f14cf36714dd5f30874a705c2d822d05f36ca054a05675f6fe080","2026-06-09T06:02:39Z"
"executor/llm_bybit_lifecycle_execution.py","executor/llm_bybit_lifecycle_execution.py","4755","2b68fd7dc0ff81f5d9d9579ef552669711664972eac77dc5c6a58d602b76f584","2026-08-14T05:30:43Z"
"executor/llm_causal_pipeline.py","executor/llm_causal_pipeline.py","4760","e84f9675b48c6c3ad368838a8e2284aa8bb1ba3cd56d0616b763d02aa6dd9d5d","2026-08-14T07:21:43Z"
"executor/llm_lifecycle_adapter.py","executor/llm_lifecycle_adapter.py","4289","aec807b8965adbb739e1522a7c7397b5392a23fb1c4575465f774f26f21873e8","2026-08-14T05:29:50Z"
"executor/mantle_onchain_reader.py","executor/mantle_onchain_reader.py","10632","715827a314b99a9c5366fc087eb90a230be1abb16edff3f80c65040df90e1ca5","2026-06-07T12:25:42Z"
"executor/mantle_proof.py","executor/mantle_proof.py","14719","c26dac0ed15a855b84e064e7d739a17899fddbb1a09085673d8e919e8e37f62b","2026-07-05T04:51:35Z"
"executor/microstructure_recorder.py","executor/microstructure_recorder.py","4211","5b5a69d7dc383bab22fcb7bb22c7b18f018fc5c5c85e8886cf61e52b679e7368","2026-08-07T14:38:42Z"
"executor/migrate_llm_corpus.py","executor/migrate_llm_corpus.py","929","0420f21c192f6d422edeb01213dcb6a0a5c24aab6f4e41a052a9e5a33c1ef8d2","2026-08-13T16:15:59Z"
"executor/multi_backtest.py","executor/multi_backtest.py","16750","cae26f46fc9c6cd0262de71f3486e74e7f6b3b2df30655f2163b53eae086ef88","2026-08-05T03:47:52Z"
"executor/optimize_tech.py","executor/optimize_tech.py","8269","aaf8ef4b462c5212fc429fdb553b47e7a242df3d1b75dfbd2d838138578b33c3","2026-08-06T15:37:38Z"
"executor/requirements.txt","executor/requirements.txt","132","d168cc09b9c81b30b08f291eb1800f687fff8b005cbc9d3efb159f83b4d3db2b","2026-05-30T15:02:16Z"
"executor/research_statistics.py","executor/research_statistics.py","4766","da90ed046901d2099f6fd0a85a43143dece6c9b94bf0b204b7de56e47e6ddf28","2026-08-05T08:57:14Z"
"executor/reset_daily_stats.py","executor/reset_daily_stats.py","2629","d0e571dfe0f1bc7e308c53c956fc8c5af72c4166b10b1056644aa161a12cc2fd","2026-06-27T16:46:22Z"
"executor/scheduler.py","executor/scheduler.py","3154","34cebdd70b0a890e7f8eea83af78a7f78dd03e120a082085fb42aaaa58959b6e","2026-05-12T18:36:22Z"
"executor/score_finbert_daily_information_sets.py","executor/score_finbert_daily_information_sets.py","9569","d086354d96336f746fb024d0ac1bb4cebf39579edceda9a6daf93403f377b5f0","2026-08-16T11:55:46Z"
"executor/score_llm_causal_corpus.py","executor/score_llm_causal_corpus.py","3724","a2c2732f1357396c72c410d6474a88c6b2ce63841515d4428e5121522c4e553b","2026-08-19T15:35:55Z"
"executor/score_llm_daily_information_sets.py","executor/score_llm_daily_information_sets.py","7357","20dc4eb31f23f366e14854cc53221cfce4db3e013ac5630d3ee33d183b5239c6","2026-08-15T03:42:26Z"
"executor/sentiment_models.py","executor/sentiment_models.py","22785","214ea1b36d3213e17e252c93bd9308c75bc33bcaa40c1fcaeb35c177c5d5f5ed","2026-07-29T14:49:18Z"
"executor/shift_dates.py","executor/shift_dates.py","1055","e55b9800346c913b3380664a5cb908a6bb9dcb106074a017035141e90e9bf4ca","2026-07-31T15:28:45Z"
"executor/smart_money.py","executor/smart_money.py","10690","8520997f41d9e0e14ca0685b01658d67a6465f0d851a678877f008b00718bc33","2026-05-15T08:04:22Z"
"executor/statistical_tests.py","executor/statistical_tests.py","6436","02d62869909dabb37383a19f5e0d0f937f3a6664a5d7550e3bde0233cfe3be72","2026-08-05T06:14:08Z"
"executor/technical_autoquant_evaluator.py","executor/technical_autoquant_evaluator.py","9756","2b1f695f002105fb7a608a2d60566d5b09a552e1929c8d26743db81d10dc0353","2026-08-07T15:59:55Z"
"executor/technical_basis_factor_research.py","executor/technical_basis_factor_research.py","8337","b7e2b6785e35262d5c932f103a3dfa5a1c364e0d1cedc6bf271758e599e21bb7","2026-08-08T07:01:50Z"
"executor/technical_bear_research.py","executor/technical_bear_research.py","4637","f22e440c2ce3a2a0d2ebaf59cddd92a7de8b84a7af1a87c1890873bcf0540272","2026-08-07T13:28:30Z"
"executor/technical_bybit_lifecycle_execution.py","executor/technical_bybit_lifecycle_execution.py","22825","7792de767b630ed945c43e9f9868ce5524805420c81a0eef01c56e907f413ab8","2026-08-13T15:06:54Z"
"executor/technical_bybit_lifecycle_universe.py","executor/technical_bybit_lifecycle_universe.py","8863","78ed5d3db00c19731793cdcfe78287016b8b045003f42901e8fb4207fa1c9d11","2026-08-12T14:33:05Z"
"executor/technical_channel_walkforward.py","executor/technical_channel_walkforward.py","5690","7d21dd61de4e292049bf5c3d441c925bc64fa8934d3b190b84c9be691a237e87","2026-08-07T14:31:24Z"
"executor/technical_cross_asset_execution.py","executor/technical_cross_asset_execution.py","52567","fe5e0cafef1054097335786646de69111ef678c4c33c0e90d123c2e6e58d1a64","2026-08-12T14:28:22Z"
"executor/technical_cross_asset_research.py","executor/technical_cross_asset_research.py","10337","1bc791d38ff8cb321e4110eab3415bb591951ba513a07a9cea1ccaca1895e7c4","2026-08-07T14:52:45Z"
"executor/technical_ensemble_evaluator.py","executor/technical_ensemble_evaluator.py","5836","aae8b7101ca3e1c24c9d6c4f0febf8be4ef9712ba661ff80c0ee639c15817be5","2026-08-07T15:56:01Z"
"executor/technical_execution_semantics.py","executor/technical_execution_semantics.py","1733","33b66d520dde411b432c0cda1b5c665781e5166a2d000a9acba2fd1a3a37a16a","2026-08-13T07:51:13Z"
"executor/technical_experiment_manifest.py","executor/technical_experiment_manifest.py","2299","06ef042f0963725d85df7cf8c15e59bcb02f84eaa3a665fa8ede103c915a895f","2026-08-13T07:53:43Z"
"executor/technical_lifecycle_concentration_regime.py","executor/technical_lifecycle_concentration_regime.py","6267","bbb2c89a457fffe30fec84a061a2bd40cf215e1a8fd099020cb6368b76f44b6c","2026-08-13T15:01:02Z"
"executor/technical_lifecycle_robustness_report.py","executor/technical_lifecycle_robustness_report.py","3152","0628b237289e85b8ba88bc2e6ae94915021748daf3633655b87ccbb1b6dcf162","2026-08-13T15:17:10Z"
"executor/technical_lifecycle_robustness.py","executor/technical_lifecycle_robustness.py","5117","e13a4a718e935cbecfee281eca5d45b5320ed145b3957fcf4545c03a77556273","2026-08-13T15:17:08Z"
"executor/technical_momentum_factor_research.py","executor/technical_momentum_factor_research.py","5426","94236bd94165dd1c8c8c3ddd0b4bf53fb7d33fff201c6901a45facbd6266f8c7","2026-08-07T15:04:57Z"
"executor/technical_pit_optimizer.py","executor/technical_pit_optimizer.py","10358","161a9d13a10bfb304c22c41583df1c7d981ae15f0cd8ce5c5188db41881ed46c","2026-08-11T10:31:26Z"
"executor/technical_reversal_liquidity_research.py","executor/technical_reversal_liquidity_research.py","6519","d1c0936f7fe78aa64e3eb92656ae608a5fb3851b22e39c6a4a8ec85345a12c5d","2026-08-07T14:59:03Z"
"executor/technical_rule_research.py","executor/technical_rule_research.py","21073","3292e0ae7a6856242b3b91d74325ed4361e5f76ae0cc64357fcb8e1f3a092e72","2026-08-07T14:26:05Z"
"executor/technical_selection_inference.py","executor/technical_selection_inference.py","7527","fa0c84d2cf3802d43a49935cfbc047eb5cdcc90665b4243901efaac511937cf3","2026-08-13T15:06:58Z"
"executor/test_audit_llm_determinism.py","executor/test_audit_llm_determinism.py","1352","fbdaa03ffd40a98025ba66372148cdc492194a648fdb8062aef684402e01596f","2026-08-14T17:48:43Z"
"executor/test_audit_llm_outcome_calibration.py","executor/test_audit_llm_outcome_calibration.py","1393","79d4c8b2e02876ebd7caa97367ef4bffcbd79034ef15e090362bce7d36bf6e0b","2026-08-14T14:50:44Z"
"executor/test_build_llm_daily_information_sets.py","executor/test_build_llm_daily_information_sets.py","1458","4d234008396d8d741392a96d3652ccd6f72065cf4393fdf7a4c7f94400a20f93","2026-08-13T17:01:37Z"
"executor/test_build_llm_dual_run_consensus.py","executor/test_build_llm_dual_run_consensus.py","1227","0df6d6c8d6709c6c74f10b7dc0bbbddc7bfdeace4c514701141172d17bc9bca5","2026-08-14T14:57:40Z"
"executor/test_build_long_horizon_llm_corpus.py","executor/test_build_long_horizon_llm_corpus.py","2293","baef59ccf03722299b900aee4ad71c92983a869b64339bb229ace13e36db1641","2026-08-13T16:59:12Z"
"executor/test_controlled_experiment_freeze.py","executor/test_controlled_experiment_freeze.py","1657","7f7547923fbf33f38a2dc9d0597106b050afc88f731879f8ca4854eb06b25f86","2026-08-13T15:31:29Z"
"executor/test_evaluate_finbert_operational_gate.py","executor/test_evaluate_finbert_operational_gate.py","2165","fec8ad0a775f9e6ae40f6b6660eedb955736ae0ac343f7be6284c513e91c7509","2026-08-16T11:57:55Z"
"executor/test_evaluate_finbert_predictive_gate.py","executor/test_evaluate_finbert_predictive_gate.py","1887","2e0f3b25a2c5727a7038859798adbfc51c43dd346c95520c5d599eaf9146097e","2026-08-16T12:10:24Z"
"executor/test_evaluate_fingpt_chatglm2_stage0.py","executor/test_evaluate_fingpt_chatglm2_stage0.py","1131","effb180c530db67db7f7707a0ab630ff7227c2267f5205f3514fdfc9b07d43f9","2026-08-16T14:50:09Z"
"executor/test_evaluate_llm_challenger_fail_fast.py","executor/test_evaluate_llm_challenger_fail_fast.py","1585","e29417186831778f1750d8d3aef4b40c075072272baf9dd3858e8ea0860512db","2026-08-16T10:45:32Z"
"executor/test_evaluate_llm_challenger_gate.py","executor/test_evaluate_llm_challenger_gate.py","2163","2028db3959bfe15cbe8219cd7b79a5aa3d3ce1e453a31f8233aa49a91b5425f6","2026-08-15T05:43:35Z"
"executor/test_evaluate_llm_challenger_stage2.py","executor/test_evaluate_llm_challenger_stage2.py","2046","8310fa7231fe8e248e8c5aed0d63d88866fa2c01024c3c9514b0379732ab2c1c","2026-08-15T06:46:37Z"
"executor/test_llm_causal_pipeline.py","executor/test_llm_causal_pipeline.py","1723","f2cd5f4c21173f23f37d9195cbc1a8d1db92a181f7120e7d95c74af16587b664","2026-08-13T16:16:01Z"
"executor/test_llm_lifecycle_adapter.py","executor/test_llm_lifecycle_adapter.py","2125","3f1a4c42999219b3751e293ef448b142afd4b8ace5ad98666eaa16fd88309676","2026-08-14T05:29:51Z"
"executor/test_score_finbert_daily_information_sets.py","executor/test_score_finbert_daily_information_sets.py","2484","e4476aeb2c91e462c8a7b2a9355fb80296256c8d58fe33b4c0b42529a809c874","2026-08-16T11:55:46Z"
"executor/test_score_llm_daily_information_sets.py","executor/test_score_llm_daily_information_sets.py","2285","80f5c9f94df1aa945398a9488207be40393898b6cf834a8e6103f7abf29ad0ca","2026-08-15T05:43:35Z"
"executor/test_technical_cross_asset_execution.py","executor/test_technical_cross_asset_execution.py","2916","56952bda5a41ae7895f4081cf58710c6226bfa388b804b41ac74050d3374cb54","2026-08-13T15:01:04Z"
"executor/test_technical_execution_semantics.py","executor/test_technical_execution_semantics.py","2890","cb094c55b8c1be26cbba4c7c6780978197374438373ef36e45922031a1af835f","2026-08-13T07:53:46Z"
"executor/test_technical_selection_inference.py","executor/test_technical_selection_inference.py","1170","60a7d0c518ec18851dada13a901f83275b95eca7a0d0801a1c985feb71f50b23","2026-08-13T15:10:33Z"
"results/ablation_ai_180d.json","results/ablation_ai_180d.json","7530","a23b31157940864a53294dcc03f679cc8d7e09ce976a56764aabf5333c8235a1","2026-08-04T14:54:43Z"
"results/ablation_ai_llama3_730d.json","results/ablation_ai_llama3_730d.json","7408","e5e38c1af365f015e81ca9a821b5c4ffe5d4a70fcd20035d7ba68047c01a05d7","2026-08-04T16:20:50Z"
"results/ablation_hybrid_180d.json","results/ablation_hybrid_180d.json","7545","6a3e2ca30df6d331046fb630908fdf842ed954f30d712dc3e72703c2c13acc2b","2026-08-04T15:10:31Z"
"results/ablation_hybrid_llama3_730d_trades.json","results/ablation_hybrid_llama3_730d_trades.json","1196554","ec239a75ca0dcb84d4869bff1f3aac5e9e061bb00a3f68afbc0a08502e8e3c87","2026-08-05T06:08:29Z"
"results/ablation_hybrid_llama3_730d.json","results/ablation_hybrid_llama3_730d.json","5721","65482d7e67edddf19442352a7c8674c67fd4cc85ec257842afda3cc6c386d24c","2026-08-05T06:08:29Z"
"results/ablation_vibe_180d.json","results/ablation_vibe_180d.json","7544","9263de5670d9a79fc09fa47d50ce121aa415029a9d4b139398ad9169d250beac","2026-08-04T14:54:01Z"
"results/ablation_vibe_730d_trades.json","results/ablation_vibe_730d_trades.json","1621607","ad588578d4f54e4e71063adac55b460ba20821314290c1d3fdfe22169cc6fc5d","2026-08-05T03:54:20Z"
"results/ablation_vibe_730d.json","results/ablation_vibe_730d.json","7568","a8402eb7e9a9ba6ec44727537efa72067ceb489c5de9e9e50096457ba999cc89","2026-08-05T03:54:19Z"
"results/ai_comparison.json","results/ai_comparison.json","2347","cc65989d4308fd70d3eae605142e7275ef2e84c3110f4e3f6b9a786b716277d1","2026-07-31T15:30:11Z"
"results/basis_cache/bybit_v1_BNB_USDT_1660003200000_1786060800000.json","results/basis_cache/bybit_v1_BNB_USDT_1660003200000_1786060800000.json","39699","5dacc424b0442801e274ef56f629d75ec1425b98c834b644c0c413c38b4796fc","2026-08-08T06:25:09Z"
"results/basis_cache/bybit_v1_BTC_USDT_1660003200000_1786060800000.json","results/basis_cache/bybit_v1_BTC_USDT_1660003200000_1786060800000.json","40236","f7a42c423f9a766cbc750760956c6e4ef5c5f82b92b7a1c4d82eecf46bedc6d2","2026-08-08T06:21:05Z"
"results/basis_cache/bybit_v1_ETH_USDT_1660003200000_1786060800000.json","results/basis_cache/bybit_v1_ETH_USDT_1660003200000_1786060800000.json","40189","fcf8b583bd46100aeb572ac03ec111056019af908fd00860e7bce5343f71317c","2026-08-08T06:24:43Z"
"results/basis_cache/bybit_v1_SOL_USDT_1660003200000_1786060800000.json","results/basis_cache/bybit_v1_SOL_USDT_1660003200000_1786060800000.json","39721","4e00c53d2b84a67a23e3d83b16996b7fd0272a8e9343d94d3123b80b277d0c43","2026-08-08T06:25:00Z"
"results/basis_cache/bybit_v1_XRP_USDT_1660003200000_1786060800000.json","results/basis_cache/bybit_v1_XRP_USDT_1660003200000_1786060800000.json","39369","44e4ec24d2d23fa601f8f467fd2708706ef9091f5c76185b11d05ca1ba02036c","2026-08-08T06:24:52Z"
"results/basis_cache/okx_v1_BNB_USDT_1660003200000_1786060800000.json","results/basis_cache/okx_v1_BNB_USDT_1660003200000_1786060800000.json","48094","3cab7b3e1abef7ed463e241a10f528fb719a12ac17d34c90b2d951ac7723def0","2026-08-08T06:25:18Z"
"results/basis_cache/okx_v1_BTC_USDT_1660003200000_1786060800000.json","results/basis_cache/okx_v1_BTC_USDT_1660003200000_1786060800000.json","56613","4e99cffbe864cb969c996bb21ff5f48537bcf8e25b6d14d2726d90ac1a503d26","2026-08-08T06:24:42Z"
"results/basis_cache/okx_v1_ETH_USDT_1660003200000_1786060800000.json","results/basis_cache/okx_v1_ETH_USDT_1660003200000_1786060800000.json","56618","e60e8b65617e8ec692723a542318740a64cce1f8f5e5be2bec63770c5a47eb33","2026-08-08T06:24:51Z"
"results/basis_cache/okx_v1_SOL_USDT_1660003200000_1786060800000.json","results/basis_cache/okx_v1_SOL_USDT_1660003200000_1786060800000.json","54618","569866795bdc8c12306106f340f50904eef61609950c40ae5af84901ed83323a","2026-08-08T06:25:09Z"
"results/basis_cache/okx_v1_XRP_USDT_1660003200000_1786060800000.json","results/basis_cache/okx_v1_XRP_USDT_1660003200000_1786060800000.json","53805","8ce721639150689bd47a5fe12e68858ee2272e52860d980164eb47881e806f0c","2026-08-08T06:25:00Z"
"results/bybit_lifecycle_4h/1000BONKUSDT_1672971039000_1786492800000.json","results/bybit_lifecycle_4h/1000BONKUSDT_1672971039000_1786492800000.json","607240","d34f837da4d0f9d1d29aa82b57cb263fe259503d8cae388a4bd783b7a673004d","2026-08-12T14:40:51Z"
"results/bybit_lifecycle_4h/1000LUNCUSDT_1662681601000_1786492800000.json","results/bybit_lifecycle_4h/1000LUNCUSDT_1662681601000_1786492800000.json","597647","a1f8dc1a6d2ff9d1cf309b9a25be3ceff94ea6f7be9f577def4138a9bd19332d","2026-08-12T14:40:53Z"
"results/bybit_lifecycle_4h/1000PEPEUSDT_1683108271000_1786492800000.json","results/bybit_lifecycle_4h/1000PEPEUSDT_1683108271000_1786492800000.json","582250","876942e98f00f448dd0406861d364848daa43e06042c343bef0b1ce155bb1355","2026-08-12T14:40:32Z"
"results/bybit_lifecycle_4h/ADAUSDT_1660348800000_1786492800000.json","results/bybit_lifecycle_4h/ADAUSDT_1660348800000_1786492800000.json","595838","426501d59dd74790cdb98d89c57a677053500184ab864166ba4cd405955e68ee","2026-08-12T14:40:40Z"
"results/bybit_lifecycle_4h/APTUSDT_1666107272000_1786492800000.json","results/bybit_lifecycle_4h/APTUSDT_1666107272000_1786492800000.json","559432","279d33b59dc5336a900362fa81200a01e5e25c0d77774139ca86f5ad8ba81053","2026-08-12T14:40:35Z"
"results/bybit_lifecycle_4h/ARBUSDT_1679563660000_1786492800000.json","results/bybit_lifecycle_4h/ARBUSDT_1679563660000_1786492800000.json","514031","25d190a23c986ddff325f7cd5328615a08cc9c1b5bed3e28b8fdf6e33caf58ad","2026-08-12T14:40:36Z"
"results/bybit_lifecycle_4h/ATOMUSDT_1660348800000_1786492800000.json","results/bybit_lifecycle_4h/ATOMUSDT_1660348800000_1786492800000.json","552743","b7339cbdfd948e4a5600a62fc777af1ec22415ef69aea3c7ad082d5e75ad76f0","2026-08-12T14:40:49Z"
"results/bybit_lifecycle_4h/AVAXUSDT_1660348800000_1786492800000.json","results/bybit_lifecycle_4h/AVAXUSDT_1660348800000_1786492800000.json","560763","0322232eb1a927c1cde752ce0c66ef19b49c40f7c58c05cb9b40aa2fbaaa28b3","2026-08-12T14:40:38Z"
"results/bybit_lifecycle_4h/BCHUSDT_1660348800000_1786492800000.json","results/bybit_lifecycle_4h/BCHUSDT_1660348800000_1786492800000.json","542627","ebb2d181c600c23504bed34ffd472005237e192dd34ba2e876b9d74d42f0b193","2026-08-12T14:40:43Z"
"results/bybit_lifecycle_4h/BLZUSDT_1660348800000_1735034400000.json","results/bybit_lifecycle_4h/BLZUSDT_1660348800000_1735034400000.json","364345","76b9d6aea729a726f4d2e6a6272f1f3a55ba9356c7c7afb038527682b9714090","2026-08-12T14:40:43Z"
"results/bybit_lifecycle_4h/BTCUSDT_1660348800000_1786492800000.json","results/bybit_lifecycle_4h/BTCUSDT_1660348800000_1786492800000.json","642116","9757ea7ddb7f1562d3e9a9e3e157c8dd6ce7aefbf8c48cafaa589db2717505e0","2026-08-12T14:40:32Z"
"results/bybit_lifecycle_4h/CYBERUSDT_1692124015000_1786492800000.json","results/bybit_lifecycle_4h/CYBERUSDT_1692124015000_1786492800000.json","408089","6f4367b81f06b128caa480b41d66e4e388ddfd9f8e4daa99e739693d0165628c","2026-08-12T14:40:46Z"
"results/bybit_lifecycle_4h/DOGEUSDT_1660348800000_1786492800000.json","results/bybit_lifecycle_4h/DOGEUSDT_1660348800000_1786492800000.json","646563","060b95dda1e54d8746329dbaeea47c1b03c835046aa4f101c1bddd89771c53ba","2026-08-12T14:40:32Z"
"results/bybit_lifecycle_4h/ETCUSDT_1660348800000_1786492800000.json","results/bybit_lifecycle_4h/ETCUSDT_1660348800000_1786492800000.json","558947","e84b3c9752c139502178549a37cbd7990fe3de13dee4d4a319f6c198cfe4621c","2026-08-12T14:40:41Z"
"results/bybit_lifecycle_4h/ETHUSDT_1660348800000_1786492800000.json","results/bybit_lifecycle_4h/ETHUSDT_1660348800000_1786492800000.json","626939","73e24db6a1e7e711f17f231dec43f9647509bc71c883bec8b88a48d063407172","2026-08-12T14:40:32Z"
"results/bybit_lifecycle_4h/FARTCOINUSDT_1734683847000_1786492800000.json","results/bybit_lifecycle_4h/FARTCOINUSDT_1734683847000_1786492800000.json","251975","04bb8659f94a0e651937d6e811d55102ef1f3764e6580f69f30ff064b30f3846","2026-08-12T14:40:34Z"
"results/bybit_lifecycle_4h/GALAUSDT_1660348800000_1786492800000.json","results/bybit_lifecycle_4h/GALAUSDT_1660348800000_1786492800000.json","652949","d5b553920b5779f6100da6348feb9389dc4f858699f786ec1655fddb1a232f27","2026-08-12T14:40:39Z"
"results/bybit_lifecycle_4h/GASUSDT_1698044952000_1786492800000.json","results/bybit_lifecycle_4h/GASUSDT_1698044952000_1786492800000.json","374233","183ae0e7b589a1d47ad4516171d50e36eebd0143bab5602adaca64c9524d3960","2026-08-12T14:40:45Z"
"results/bybit_lifecycle_4h/HIFIUSDT_1693210322000_1761814800000.json","results/bybit_lifecycle_4h/HIFIUSDT_1693210322000_1761814800000.json","317262","2ed1408ce817082672e03cf8cae80abaad095a2886739f531cdc5ce5f1003b48","2026-08-12T14:40:49Z"
"results/bybit_lifecycle_4h/HYPEUSDT_1733316740000_1786492800000.json","results/bybit_lifecycle_4h/HYPEUSDT_1733316740000_1786492800000.json","252496","34c2a177857e4594f88a29376c43b46835056bef82fefe907f3343b3a7659a69","2026-08-12T14:40:33Z"
"results/bybit_lifecycle_4h/LINAUSDT_1660348800000_1743066000000.json","results/bybit_lifecycle_4h/LINAUSDT_1660348800000_1743066000000.json","420939","606b3f321395c88db37c9e89262997bc1d0486f391b8f75be8a60b0b735abdbd","2026-08-12T14:40:45Z"
"results/bybit_lifecycle_4h/LINKUSDT_1660348800000_1786492800000.json","results/bybit_lifecycle_4h/LINKUSDT_1660348800000_1786492800000.json","566367","7c998e8d68ed537b646f903439d97e9ad2d3d228963956bdb6da290eb84eca92","2026-08-12T14:40:44Z"
"results/bybit_lifecycle_4h/LOOMUSDT_1695276752000_1727172000000.json","results/bybit_lifecycle_4h/LOOMUSDT_1695276752000_1727172000000.json","158006","5fe082d4468b0cc4391fbcba608d8b37fdedf55b7be0d25e575de871a6e53387","2026-08-12T14:40:43Z"
"results/bybit_lifecycle_4h/LUNA2USDT_1660348800000_1786492800000.json","results/bybit_lifecycle_4h/LUNA2USDT_1660348800000_1786492800000.json","575898","00c991023adeccd4c5578e71d8af6e68b44a8b4b0579bec182d2cd3100ad2aa2","2026-08-12T14:40:45Z"
"results/bybit_lifecycle_4h/MATICUSDT_1660348800000_1725616800000.json","results/bybit_lifecycle_4h/MATICUSDT_1660348800000_1725616800000.json","306885","0637d60606ff767aab4baaaae31e60db5ca1df59afef5f32b489edb6478ba8be","2026-08-12T14:40:37Z"
"results/bybit_lifecycle_4h/NOTUSDT_1715874083000_1786492800000.json","results/bybit_lifecycle_4h/NOTUSDT_1715874083000_1786492800000.json","389431","04f1350526289273dad9fa0f33373511d300dd90358217db048fe75c11699bed","2026-08-12T14:40:37Z"
"results/bybit_lifecycle_4h/OPUSDT_1660348800000_1786492800000.json","results/bybit_lifecycle_4h/OPUSDT_1660348800000_1786492800000.json","599363","2d6bf548cb05705473c4bc6e7466f80953307a644adadf103d1b6c1b263228a0","2026-08-12T14:40:37Z"
"results/bybit_lifecycle_4h/ORDIUSDT_1684739410000_1786492800000.json","results/bybit_lifecycle_4h/ORDIUSDT_1684739410000_1786492800000.json","460360","b62e9bf0455c5a313f29974138222dd053fbcc7100387c941b5e697281989d18","2026-08-12T14:40:41Z"
"results/bybit_lifecycle_4h/PEOPLEUSDT_1660348800000_1786492800000.json","results/bybit_lifecycle_4h/PEOPLEUSDT_1660348800000_1786492800000.json","630781","abe6751c1a311c16146bbfbb367da927927035c1d96304763bd2663d2e28478d","2026-08-12T14:40:53Z"
"results/bybit_lifecycle_4h/RAREUSDT_1701067684000_1786492800000.json","results/bybit_lifecycle_4h/RAREUSDT_1701067684000_1786492800000.json","408564","7a1ae5f7bdc637e29a591a3e1fdfc419272183e5f9375dec86f7b345dca39edb","2026-08-12T14:40:49Z"
"results/bybit_lifecycle_4h/RAVEUSDT_1765777812000_1786492800000.json","results/bybit_lifecycle_4h/RAVEUSDT_1765777812000_1786492800000.json","101380","83546b9259e57c6024eb142a24e8d83061ef8653931aa772270e64def6040789","2026-08-12T14:40:38Z"
"results/bybit_lifecycle_4h/RIVERUSDT_1761136287000_1786492800000.json","results/bybit_lifecycle_4h/RIVERUSDT_1761136287000_1786492800000.json","110236","ab56010875faf9ea93ab55717b855a1cea6462e118964d5c34521274007755bf","2026-08-12T14:40:38Z"
"results/bybit_lifecycle_4h/RNDRUSDT_1660348800000_1721642400000.json","results/bybit_lifecycle_4h/RNDRUSDT_1660348800000_1721642400000.json","286487","2c050858c7f4b16e11884efa73b94fe7cae81250d7e8695e44a96cef828cd8d9","2026-08-12T14:40:48Z"
"results/bybit_lifecycle_4h/SEIUSDT_1692156527000_1786492800000.json","results/bybit_lifecycle_4h/SEIUSDT_1692156527000_1786492800000.json","456795","18aa5bc391479ad02c88f5432716e86636fe9621f93fc66bb9386828049607ce","2026-08-12T14:40:46Z"
"results/bybit_lifecycle_4h/SOLUSDT_1660348800000_1786492800000.json","results/bybit_lifecycle_4h/SOLUSDT_1660348800000_1786492800000.json","582267","bb20d8cfc63acb693c83d1e7cea3eba9c57e0106cb09a152dd549a055cfd4532","2026-08-12T14:40:32Z"
"results/bybit_lifecycle_4h/SOXLUSDT_1779178631000_1786492800000.json","results/bybit_lifecycle_4h/SOXLUSDT_1779178631000_1786492800000.json","33138","ead2f5437be061e6ea4de7cf76289c1b370829fa811b52fdf81d7cd8c324a3b0","2026-08-12T14:40:47Z"
"results/bybit_lifecycle_4h/SUIUSDT_1683029724000_1786492800000.json","results/bybit_lifecycle_4h/SUIUSDT_1683029724000_1786492800000.json","486044","e00cc80b3502c329f807cccfe9842d1b3e8dfb5fed21b82e9c1b172f0205dda2","2026-08-12T14:40:35Z"
"results/bybit_lifecycle_4h/TIAUSDT_1698768749000_1786492800000.json","results/bybit_lifecycle_4h/TIAUSDT_1698768749000_1786492800000.json","394916","0dbe39dc1c2f731eab33a2eb02e562aa54d3781c61ba595e5122f83aa35fb7b2","2026-08-12T14:40:47Z"
"results/bybit_lifecycle_4h/TRBUSDT_1660348800000_1786492800000.json","results/bybit_lifecycle_4h/TRBUSDT_1660348800000_1786492800000.json","554191","cb27abd9a6df94361925404f626c2ad168880a995211dbe39bcd67ca2e9df234","2026-08-12T14:40:36Z"
"results/bybit_lifecycle_4h/TRUMPUSDT_1737181907000_1786492800000.json","results/bybit_lifecycle_4h/TRUMPUSDT_1737181907000_1786492800000.json","217242","1fdb05df2ef50ae2ff68afafa5a361d2d1a3dc3f9b6e9ed357c22f9acd159e51","2026-08-12T14:40:46Z"
"results/bybit_lifecycle_4h/WLDUSDT_1690184920000_1786492800000.json","results/bybit_lifecycle_4h/WLDUSDT_1690184920000_1786492800000.json","438201","92f1ec49ec2b1f8d440dd80fcb1ec48c38b17d5968f582843228fd165b8b9ea7","2026-08-12T14:40:49Z"
"results/bybit_lifecycle_4h/XRPUSDT_1660348800000_1786492800000.json","results/bybit_lifecycle_4h/XRPUSDT_1660348800000_1786492800000.json","604825","e562859371a5e6442cb16b235c5c79c9ce2e8e2d0e2c6ab2cce33362d3075377","2026-08-12T14:40:32Z"
"results/bybit_lifecycle_4h/ZECUSDT_1660348800000_1786492800000.json","results/bybit_lifecycle_4h/ZECUSDT_1660348800000_1786492800000.json","530975","a4d09d8615b239e721e6a467b63cbe5746be42e507980dd0b159760e5d8e0a93","2026-08-12T14:40:36Z"
"results/bybit_lifecycle_daily/0GUSDT_1758175736000_1786406400000.json","results/bybit_lifecycle_daily/0GUSDT_1758175736000_1786406400000.json","22203","d773faf7d4ff98c71d0fec77fa77ffa554b4a76fcca28edc2c5b1f78612fd27e","2026-08-12T14:36:44Z"
"results/bybit_lifecycle_daily/10000000AIDOGEUSDT_1709542899000_1745809200000.json","results/bybit_lifecycle_daily/10000000AIDOGEUSDT_1709542899000_1745809200000.json","32445","bdafa2671c7ea33b349d51b4fe7690f8f632a6440fa389ae155e8af335c97dd7","2026-08-12T14:36:44Z"
"results/bybit_lifecycle_daily/1000000BABYDOGEUSDT_1718105652000_1786406400000.json","results/bybit_lifecycle_daily/1000000BABYDOGEUSDT_1718105652000_1786406400000.json","64723","2363a135fca2359f6a343ff562b3d84f433f57c930b79d606c60910b63f8f487","2026-08-12T14:36:44Z"
"results/bybit_lifecycle_daily/1000000CHEEMSUSDT_1732531212000_1779958800000.json","results/bybit_lifecycle_daily/1000000CHEEMSUSDT_1732531212000_1779958800000.json","35610","a2901681562245b001bf8173a1a2ea342b8dc14af1d31e11a933c4562cc8ead0","2026-08-12T14:36:44Z"
"results/bybit_lifecycle_daily/1000000MOGUSDT_1715874213000_1786406400000.json","results/bybit_lifecycle_daily/1000000MOGUSDT_1715874213000_1786406400000.json","55761","0b7a50e73f5163bf0c8ec2c0688f354dc1c187b3b965b589f85d6ad3daae0fb7","2026-08-12T14:36:44Z"
"results/bybit_lifecycle_daily/1000000PEIPEIUSDT_1720088189000_1760706000000.json","results/bybit_lifecycle_daily/1000000PEIPEIUSDT_1720088189000_1760706000000.json","32743","7e2963dc9951b3a88638b4b743ea1622abb045f0eb666da33436525a6cee33ee","2026-08-12T14:36:44Z"
"results/bybit_lifecycle_daily/1000000VINUUSDT_1701155354000_1707213600000.json","results/bybit_lifecycle_daily/1000000VINUUSDT_1701155354000_1707213600000.json","5316","7d415edf17fa7e2c3202824fba7381d64ca719095f528f745a107774c62c0554","2026-08-12T14:36:44Z"
"results/bybit_lifecycle_daily/10000COQUSDT_1710233332000_1759744800000.json","results/bybit_lifecycle_daily/10000COQUSDT_1710233332000_1759744800000.json","41956","ee48acb83f5bff6651cfa3e9a795d34f837b1e717b4856b487229b1960b70252","2026-08-12T14:36:45Z"
"results/bybit_lifecycle_daily/10000ELONUSDT_1739179416000_1770368400000.json","results/bybit_lifecycle_daily/10000ELONUSDT_1739179416000_1770368400000.json","27979","3c4ba31fb08861830907f72de3136e727c3fc929ee5b7ebf6218ea7fddd1a757","2026-08-12T14:36:44Z"
"results/bybit_lifecycle_daily/10000LADYSUSDT_1683802102000_1759741200000.json","results/bybit_lifecycle_daily/10000LADYSUSDT_1683802102000_1759741200000.json","72202","49e06a6c310cd679e449993eabb4dc896443766ecd0fa27eb5caf3f299c182d4","2026-08-12T14:36:44Z"
"results/bybit_lifecycle_daily/10000NEXUSDT_1779350242000_1786406400000.json","results/bybit_lifecycle_daily/10000NEXUSDT_1779350242000_1786406400000.json","5782","62900b36d84b63796a35035d3199786a4dd5cdfed1d7d5fd24a35433a61fbb08","2026-08-12T14:36:44Z"
"results/bybit_lifecycle_daily/10000NFTUSDT_1660348800000_1726653600000.json","results/bybit_lifecycle_daily/10000NFTUSDT_1660348800000_1726653600000.json","56490","ab7e514008d2a22ac6c40d1f76f57f686c095610ebf2176563b7dd4c337d86ba","2026-08-12T14:36:44Z"
"results/bybit_lifecycle_daily/10000QUBICUSDT_1735034038000_1778752800000.json","results/bybit_lifecycle_daily/10000QUBICUSDT_1735034038000_1778752800000.json","37752","b8a18a8c23ce35c6e832861ad42dd06c391cb516ba8841208df562c75675abaf","2026-08-12T14:36:44Z"
"results/bybit_lifecycle_daily/10000SATSUSDT_1700127695000_1786406400000.json","results/bybit_lifecycle_daily/10000SATSUSDT_1700127695000_1786406400000.json","80252","6c768da0f8d67aea3e2303c15a335b543623c8f707a0f363a452a75cc5b5fb91","2026-08-12T14:36:44Z"
"results/bybit_lifecycle_daily/10000STARLUSDT_1697777803000_1722506400000.json","results/bybit_lifecycle_daily/10000STARLUSDT_1697777803000_1722506400000.json","20576","134f7a23e65a9c5ed85721956ef3e1e54eada61c7376a7af661ffc746c0c1c8d","2026-08-12T14:36:44Z"
"results/bybit_lifecycle_daily/10000WENUSDT_1706689209000_1760707800000.json","results/bybit_lifecycle_daily/10000WENUSDT_1706689209000_1760707800000.json","41375","1431aae6824f768ba351ef73c22133d51479c4f04a80d5e8ccfb95fc02e41479","2026-08-12T14:36:45Z"
"results/bybit_lifecycle_daily/10000WHYUSDT_1728030481000_1756890000000.json","results/bybit_lifecycle_daily/10000WHYUSDT_1728030481000_1756890000000.json","26623","0b5bb2ca4b9d38bdeb79b5ff835c5b92b71bc16186eaa0c78d2039f38167fc59","2026-08-12T14:36:45Z"
"results/bybit_lifecycle_daily/1000APUUSDT_1718876005000_1752224400000.json","results/bybit_lifecycle_daily/1000APUUSDT_1718876005000_1752224400000.json","25744","823c0e6b8e48ec7a51629e37b82907c923cdd3f8f6e5a8b985cc247226b09034","2026-08-12T14:36:45Z"
"results/bybit_lifecycle_daily/1000BEERUSDT_1717147586000_1729591200000.json","results/bybit_lifecycle_daily/1000BEERUSDT_1717147586000_1729591200000.json","10682","1700d828724bc01eb51393cc2ae464f72baaac0b8de49b45407b90afc9bfed98","2026-08-12T14:36:45Z"
"results/bybit_lifecycle_daily/1000BONKUSDT_1672971039000_1786406400000.json","results/bybit_lifecycle_daily/1000BONKUSDT_1672971039000_1786406400000.json","103391","74f0e2c973e2e2bf5552fbca501224ca03a37068d17dd056859088301942623a","2026-08-12T14:36:45Z"
"results/bybit_lifecycle_daily/1000BTTUSDT_1660348800000_1786406400000.json","results/bybit_lifecycle_daily/1000BTTUSDT_1660348800000_1786406400000.json","115855","8a35aafbe37a74df0f829b91ce9e17d02ba429815b63ab4eb6867682a3477eb6","2026-08-12T14:36:45Z"
"results/bybit_lifecycle_daily/1000CATSUSDT_1728633388000_1751706000000.json","results/bybit_lifecycle_daily/1000CATSUSDT_1728633388000_1751706000000.json","19536","fd2ea1b36a8d0379cfbda4cf833f56d6d6ca87ec15b3fe19c6f55d1baed86a6f","2026-08-12T14:36:45Z"
"results/bybit_lifecycle_daily/1000CATUSDT_1726140905000_1786406400000.json","results/bybit_lifecycle_daily/1000CATUSDT_1726140905000_1786406400000.json","54310","de1e45984f468b317898cbcb2f93224ba0ffba87c5d2c2c6be0f014ce2515de4","2026-08-12T14:36:45Z"
"results/bybit_lifecycle_daily/1000FLOKIUSDT_1677228986000_1786406400000.json","results/bybit_lifecycle_daily/1000FLOKIUSDT_1677228986000_1786406400000.json","92911","9aee501091bcf5c77d2c951e50430bfcc95414477bbcefca859c3af5980a3d47","2026-08-12T14:36:45Z"
"results/bybit_lifecycle_daily/1000IQ50USDT_1710845021000_1720432800000.json","results/bybit_lifecycle_daily/1000IQ50USDT_1710845021000_1720432800000.json","8007","e47f78a849bf708b232fe335636a2063813f86cc4f2d93425c2123e0d887b6da","2026-08-12T14:36:45Z"
"results/bybit_lifecycle_daily/1000LUNCUSDT_1662681601000_1786406400000.json","results/bybit_lifecycle_daily/1000LUNCUSDT_1662681601000_1786406400000.json","101962","011d7e74d03151e51258b236df269a8fdd089c38d7f628dc61bc8442d34a2bba","2026-08-12T14:36:46Z"
"results/bybit_lifecycle_daily/1000MUMUUSDT_1727072884000_1749718800000.json","results/bybit_lifecycle_daily/1000MUMUUSDT_1727072884000_1749718800000.json","20155","4c80e7f0a49ed15ecf69c39245a9d65d9e0c4742600b81b301d771fa007f9f81","2026-08-12T14:36:45Z"
"results/bybit_lifecycle_daily/1000NEIROCTOUSDT_1726480024000_1786406400000.json","results/bybit_lifecycle_daily/1000NEIROCTOUSDT_1726480024000_1786406400000.json","48552","d23b7c751b8d791a6cd644418dad6a0cdb57096bc525753259a7224648ebf24a","2026-08-12T14:36:45Z"
"results/bybit_lifecycle_daily/1000PEPEUSDT_1683108271000_1786406400000.json","results/bybit_lifecycle_daily/1000PEPEUSDT_1683108271000_1786406400000.json","98961","921b6a1cd8511de2723d323c1d343e85ae7a540e3cf8934dadbca9aa9f803c70","2026-08-12T14:36:46Z"
"results/bybit_lifecycle_daily/1000RATSUSDT_1700633654000_1786406400000.json","results/bybit_lifecycle_daily/1000RATSUSDT_1700633654000_1786406400000.json","71872","91370aae3962a82392bee0b40c2005bd776aab8cae49adff67b61c13867fab94","2026-08-12T14:36:46Z"
"results/bybit_lifecycle_daily/1000TAGUSDT_1753691858000_1786406400000.json","results/bybit_lifecycle_daily/1000TAGUSDT_1753691858000_1786406400000.json","24456","87d73db8a59ef870df8beb9c054191acd8d66a23e0451427af76e419331be015","2026-08-12T14:36:46Z"
"results/bybit_lifecycle_daily/1000TOSHIUSDT_1733390562000_1786406400000.json","results/bybit_lifecycle_daily/1000TOSHIUSDT_1733390562000_1786406400000.json","41687","e7eefa08f2dd636b1a4ac10f3ce2a5a76060574b72b744416b3b028228eea4a5","2026-08-12T14:36:46Z"
"results/bybit_lifecycle_daily/1000TURBOUSDT_1709205139000_1786406400000.json","results/bybit_lifecycle_daily/1000TURBOUSDT_1709205139000_1786406400000.json","59462","2c1c116333c1a33115e4a3d83936677333e6701ae40289399b053b2d434f9367","2026-08-12T14:36:46Z"
"results/bybit_lifecycle_daily/1000XECUSDT_1660348800000_1786406400000.json","results/bybit_lifecycle_daily/1000XECUSDT_1660348800000_1786406400000.json","104171","9d4343e3102c77866305bd95079e07c6b9c672da034140c7d31064362ff726b3","2026-08-12T14:36:46Z"
"results/bybit_lifecycle_daily/1000XUSDT_1729841874000_1770800400000.json","results/bybit_lifecycle_daily/1000XUSDT_1729841874000_1770800400000.json","33769","b80eb18c429f4a3e2cd25383d5cfbc4fa533e23871c549847d323a0db5ea27a8","2026-08-12T14:36:46Z"
"results/bybit_lifecycle_daily/1CATUSDT_1703668037000_1737536400000.json","results/bybit_lifecycle_daily/1CATUSDT_1703668037000_1737536400000.json","30218","08a1760149d07013b3ce023d258d2adf4ea00042a002951e0f89854fd5140efa","2026-08-12T14:36:46Z"
"results/bybit_lifecycle_daily/1INCHUSDT_1660348800000_1786406400000.json","results/bybit_lifecycle_daily/1INCHUSDT_1660348800000_1786406400000.json","99110","85c04c2a3958076c8c960c5086a1322c9007a5894212d8e7590d3367c25a44c4","2026-08-12T14:36:46Z"
"results/bybit_lifecycle_daily/2ZUSDT_1759412287000_1786406400000.json","results/bybit_lifecycle_daily/2ZUSDT_1759412287000_1786406400000.json","22075","9ebf2c142ac35e5eee6e4907630de6c99bc907ca71734dd97b70d8f25db2b11e","2026-08-12T14:36:46Z"
"results/bybit_lifecycle_daily/4USDT_1759926326000_1786406400000.json","results/bybit_lifecycle_daily/4USDT_1759926326000_1786406400000.json","23171","c744f792c76f9371b51e9320f48479d645d73a41b9536c2282ea19dbc809fea7","2026-08-12T14:36:46Z"
"results/bybit_lifecycle_daily/A2ZUSDT_1753952943000_1772190000000.json","results/bybit_lifecycle_daily/A2ZUSDT_1753952943000_1772190000000.json","16159","13b36c42affef27857099744de8825f10377e1f6c1cb7aa5da6142c80f1f3a39","2026-08-12T14:36:46Z"
"results/bybit_lifecycle_daily/A8USDT_1721641953000_1763715600000.json","results/bybit_lifecycle_daily/A8USDT_1721641953000_1763715600000.json","34217","c294274f7d8e285d20602bb77fb3b754d2d29396c567486f2ff03e22822ff9fb","2026-08-12T14:36:46Z"
"results/bybit_lifecycle_daily/AALUSDT_1784799594000_1786406400000.json","results/bybit_lifecycle_daily/AALUSDT_1784799594000_1786406400000.json","1126","b25f97432687a61879936d0fb1a5c5961e05ab078089e2a974ee69fb69d1ab50","2026-08-12T14:36:46Z"
"results/bybit_lifecycle_daily/AAOIUSDT_1780993432000_1786406400000.json","results/bybit_lifecycle_daily/AAOIUSDT_1780993432000_1786406400000.json","4046","32422738926016268859327fbc3105cef9ad8958fc3a95e34e25e2c380e0b11e","2026-08-12T14:36:46Z"
"results/bybit_lifecycle_daily/AAPLUSDT_1777364510000_1786406400000.json","results/bybit_lifecycle_daily/AAPLUSDT_1777364510000_1786406400000.json","6592","d845525ed9f42dbdf446f2ac8ef4306623c9e37f3f200f537f843bac15d50e2e","2026-08-12T14:36:46Z"
"results/bybit_lifecycle_daily/AAVEUSDT_1660348800000_1786406400000.json","results/bybit_lifecycle_daily/AAVEUSDT_1660348800000_1786406400000.json","94640","bf250d20adf3ef6db9760d379c6d73b19b32b571b666afd8ada83a77f14363ce","2026-08-12T14:36:47Z"
"results/bybit_lifecycle_daily/ACEUSDT_1702882175000_1786406400000.json","results/bybit_lifecycle_daily/ACEUSDT_1702882175000_1786406400000.json","63577","987de8d37f77e05e462bece2466add62ba63d6bf3fa3e9af2d2450f11e19bd01","2026-08-12T14:36:47Z"
"results/bybit_lifecycle_daily/ACHUSDT_1660348800000_1786406400000.json","results/bybit_lifecycle_daily/ACHUSDT_1660348800000_1786406400000.json","110894","a336ae1876fa3c7dfb3250917a7ff4066959b0ab7c05eddc83f2c857679c0379","2026-08-12T14:36:47Z"
"results/bybit_lifecycle_daily/ACTUSDT_1731312852000_1786406400000.json","results/bybit_lifecycle_daily/ACTUSDT_1731312852000_1786406400000.json","46592","998841a61c66142c864bc34cd193ee62b5d4f8595ccbaf5b44dd8c0d380a1b83","2026-08-12T14:36:47Z"
"results/bybit_lifecycle_daily/ACUUSDT_1769154278000_1786406400000.json","results/bybit_lifecycle_daily/ACUUSDT_1769154278000_1786406400000.json","14194","0a321f865824b7a3099eb24ba2eab7c8d458453837671688cf7eef1a4e759bef","2026-08-12T14:36:47Z"
"results/bybit_lifecycle_daily/ACXUSDT_1733478941000_1786406400000.json","results/bybit_lifecycle_daily/ACXUSDT_1733478941000_1786406400000.json","41424","8673af03cc4fd08f11a5df849c3f697fb55e0205e0ca2107dc1d132364a83a8c","2026-08-12T14:36:47Z"
"results/bybit_lifecycle_daily/ADAUSDT_1660348800000_1786406400000.json","results/bybit_lifecycle_daily/ADAUSDT_1660348800000_1786406400000.json","101668","b8085e585241c7889ca9d344c3736b2276deedc2b886a9b423e0d7fb7ab9c8a9","2026-08-12T14:36:47Z"
"results/bybit_lifecycle_daily/ADBEUSDT_1782721878000_1786406400000.json","results/bybit_lifecycle_daily/ADBEUSDT_1782721878000_1786406400000.json","2686","64dd73df0f56c7bcfea8c189cd75b83a3a48ddb88c99177407dae301fa345c8b","2026-08-12T14:36:47Z"
"results/bybit_lifecycle_daily/AEHRUSDT_1784193622000_1786406400000.json","results/bybit_lifecycle_daily/AEHRUSDT_1784193622000_1786406400000.json","1588","3a7c543ed1471984a2891d308053fec42b80b10ccce022010cde3e3f3528ff25","2026-08-12T14:36:47Z"
"results/bybit_lifecycle_daily/AERGOUSDT_1700129246000_1784970000000.json","results/bybit_lifecycle_daily/AERGOUSDT_1700129246000_1784970000000.json","68023","d12cfac283db2f90893a63e89c7b6ff770f80ed5c437192ae87014795b913fd3","2026-08-12T14:36:47Z"
"results/bybit_lifecycle_daily/AEROUSDT_1721034308000_1786406400000.json","results/bybit_lifecycle_daily/AEROUSDT_1721034308000_1786406400000.json","50932","e65b184d84cd4823c9d94c62b9b24827ca61085cf9ec4113e9c8f00014d6bbb3","2026-08-12T14:36:47Z"
"results/bybit_lifecycle_daily/AEVOUSDT_1710327014000_1786406400000.json","results/bybit_lifecycle_daily/AEVOUSDT_1710327014000_1786406400000.json","61322","0f59c071cc2838733967d9c77e68b882c8dda25bf24c4dc1d19739c24b1adb39","2026-08-12T14:36:47Z"
"results/bybit_lifecycle_daily/AGIUSDT_1700209664000_1786406400000.json","results/bybit_lifecycle_daily/AGIUSDT_1700209664000_1786406400000.json","72052","a4b06b9b3f40b397fd93c1860c3737facd2e585678a43556e0fb5a4ab498a4c7","2026-08-12T14:36:47Z"
"results/bybit_lifecycle_daily/AGIXUSDT_1675929184000_1717754400000.json","results/bybit_lifecycle_daily/AGIXUSDT_1675929184000_1717754400000.json","34106","03f686fc6be6190734d54c14a92e4bae2d91291af1023e083bbdbb7962471da4","2026-08-12T14:36:47Z"
"results/bybit_lifecycle_daily/AGLDUSDT_1660348800000_1786406400000.json","results/bybit_lifecycle_daily/AGLDUSDT_1660348800000_1786406400000.json","98540","d24a7a6e77de13b6ac974dfe5720130fcc627cdb8c584ab364945ccd6997782f","2026-08-12T14:36:48Z"
"results/bybit_lifecycle_daily/AGTUSDT_1748411235000_1761055200000.json","results/bybit_lifecycle_daily/AGTUSDT_1748411235000_1761055200000.json","11320","23dc1e7a66f366fd3ac111aefcb270f48f7afed4c0cf1442df265f9bc5519194","2026-08-12T14:36:47Z"
"results/bybit_lifecycle_daily/AI16ZUSDT_1735546658000_1762419600000.json","results/bybit_lifecycle_daily/AI16ZUSDT_1735546658000_1762419600000.json","21737","b08d2152869496634e6a5f3631cf74af5637c401c1645313e98590d2e21b1a82","2026-08-12T14:36:47Z"
"results/bybit_lifecycle_daily/AIAUSDT_1758190000000_1765616400000.json","results/bybit_lifecycle_daily/AIAUSDT_1758190000000_1765616400000.json","5884","85bdac51b6ff0545689cc3e2f1c3c271c57733f676661c15c28e0578c9625e39","2026-08-12T14:36:47Z"
"results/bybit_lifecycle_daily/AIGENSYNUSDT_1777526715000_1786406400000.json","results/bybit_lifecycle_daily/AIGENSYNUSDT_1777526715000_1786406400000.json","7420","c9a4fe6b97beff13a19426ffc86a66dcf892cb22e54aa368e3f45913ff936265","2026-08-12T14:36:47Z"
"results/bybit_lifecycle_daily/AINUSDT_1752145090000_1772787600000.json","results/bybit_lifecycle_daily/AINUSDT_1752145090000_1772787600000.json","16790","b521575bddb0719c6f342e8c0fedcd0bd1281a8805fb78a2affa87203e6c7d1d","2026-08-12T14:36:48Z"
"results/bybit_lifecycle_daily/AIOUSDT_1755090699000_1786406400000.json","results/bybit_lifecycle_daily/AIOUSDT_1755090699000_1786406400000.json","25294","ea99eb1c814fdecef58996e20a53ad610982509731c2b63a7c30fa8530f28fe6","2026-08-12T14:36:48Z"
"results/bybit_lifecycle_daily/AIOZUSDT_1718266561000_1786406400000.json","results/bybit_lifecycle_daily/AIOZUSDT_1718266561000_1786406400000.json","53233","4e53a766712b284b191f734e255715ef7d3f5a686f1e8b54f3588d9792c02e2e","2026-08-12T14:36:48Z"
"results/bybit_lifecycle_daily/AIUSDT_1705405869000_1763114400000.json","results/bybit_lifecycle_daily/AIUSDT_1705405869000_1763114400000.json","45254","af2c9918c830ea8ce157ad3b8d3369ca8843a25e3811471d707d8ba00d20ff86","2026-08-12T14:36:48Z"
"results/bybit_lifecycle_daily/AIXBTUSDT_1734683907000_1786406400000.json","results/bybit_lifecycle_daily/AIXBTUSDT_1734683907000_1786406400000.json","43645","6206d2eb94c9ad41b40ff6ee97ad0cfea3c668c72f09ac6166042a0f8e42b640","2026-08-12T14:36:48Z"
"results/bybit_lifecycle_daily/AKEUSDT_1758892362000_1786406400000.json","results/bybit_lifecycle_daily/AKEUSDT_1758892362000_1786406400000.json","25825","c3901c785a943efcb9638a1c5a37f58a541fd20b7c931855735a8bd0ea51250c","2026-08-12T14:36:48Z"
"results/bybit_lifecycle_daily/AKROUSDT_1660348800000_1735034400000.json","results/bybit_lifecycle_daily/AKROUSDT_1660348800000_1735034400000.json","65898","ff4805f40a3f57e20d5e92c1c1441fd1cd497ed78e6a9bd0c58ff25e578994c7","2026-08-12T14:36:48Z"
"results/bybit_lifecycle_daily/AKTUSDT_1719392170000_1786406400000.json","results/bybit_lifecycle_daily/AKTUSDT_1719392170000_1786406400000.json","49487","d041c79a43ffb775e9313a3b242d71dc6337afac39ea44da983a7b106f27d930","2026-08-12T14:36:48Z"
"results/bybit_lifecycle_daily/ALABUSDT_1782721173000_1786406400000.json","results/bybit_lifecycle_daily/ALABUSDT_1782721173000_1786406400000.json","2695","119cb1ac0b8c8a0fb667294c76744292727040f29b79649b5237a6f96e3e600a","2026-08-12T14:36:48Z"
"results/bybit_lifecycle_daily/ALCHUSDT_1736235131000_1786406400000.json","results/bybit_lifecycle_daily/ALCHUSDT_1736235131000_1786406400000.json","42183","9db0d67d8c9d8cd342f4f41e3a3ce404829fcdec05cf6718977f81a8a2bd4669","2026-08-12T14:36:48Z"
"results/bybit_lifecycle_daily/ALEOUSDT_1726735815000_1769245200000.json","results/bybit_lifecycle_daily/ALEOUSDT_1726735815000_1769245200000.json","32765","b4e9d068d5ebecbbb7a18d00df7b514b509c9d83bdbab1e6601e6412fdddb9d1","2026-08-12T14:36:48Z"
"results/bybit_lifecycle_daily/ALGOUSDT_1660348800000_1786406400000.json","results/bybit_lifecycle_daily/ALGOUSDT_1660348800000_1786406400000.json","101490","ae0929429581c27d7e5955039a209d33e873a23196d1e39f0311d355e197a4d4","2026-08-12T14:36:49Z"
"results/bybit_lifecycle_daily/ALICEUSDT_1660348800000_1786406400000.json","results/bybit_lifecycle_daily/ALICEUSDT_1660348800000_1786406400000.json","93433","6d0ab57ccc66cd99ece34b88bf1916e9f13c2ecbea92b9aa8fb4fab14448224a","2026-08-12T14:36:49Z"
"results/bybit_lifecycle_daily/ALLOUSDT_1763123540000_1786406400000.json","results/bybit_lifecycle_daily/ALLOUSDT_1763123540000_1786406400000.json","19362","8d3d41e592f743650f743202b8fc93fd9b41ca08498ed857c4b923f6f01dd407","2026-08-12T14:36:48Z"
"results/bybit_lifecycle_daily/ALPACAUSDT_1690957298000_1746003600000.json","results/bybit_lifecycle_daily/ALPACAUSDT_1690957298000_1746003600000.json","45349","68ad80691300b821650e41cebe0d8ceeb71451c29c1ebbb38bc78322fb95c4c3","2026-08-12T14:36:48Z"
"results/bybit_lifecycle_daily/ALPHAUSDT_1660348800000_1760518800000.json","results/bybit_lifecycle_daily/ALPHAUSDT_1660348800000_1760518800000.json","82332","fc4b24769ac7831301284d5c8cab083553eed18406452b9e2480b61d73cff5de","2026-08-12T14:36:49Z"
"results/bybit_lifecycle_daily/ALPINEUSDT_1755164723000_1786406400000.json","results/bybit_lifecycle_daily/ALPINEUSDT_1755164723000_1786406400000.json","23363","e4e1fe364c7944c13c2c6d63db1ded1b5531ff594f4ca02fff097d4656142f6f","2026-08-12T14:36:48Z"
"results/bybit_lifecycle_daily/ALTUSDT_1706181459000_1786406400000.json","results/bybit_lifecycle_daily/ALTUSDT_1706181459000_1786406400000.json","67541","19986c3584bef57d94affc84b52488892ecb3df2505ef650e9992f8db56ba50f","2026-08-12T14:36:49Z"
"results/bybit_lifecycle_daily/ALUUSDT_1736841722000_1772787600000.json","results/bybit_lifecycle_daily/ALUUSDT_1736841722000_1772787600000.json","31067","fe0404d1809161b9e515b018e86a1a0b638fdb63f127667798be9449c8c0b0a7","2026-08-12T14:36:49Z"
"results/bybit_lifecycle_daily/AMATUSDT_1780647383000_1786406400000.json","results/bybit_lifecycle_daily/AMATUSDT_1780647383000_1786406400000.json","4241","279445476af5513c6266782cad28a28f8b3958a2ee8cf115b86dfe7ea8afefa6","2026-08-12T14:36:49Z"
"results/bybit_lifecycle_daily/AMBUSDT_1685947506000_1740304800000.json","results/bybit_lifecycle_daily/AMBUSDT_1685947506000_1740304800000.json","47868","a0d1a66e979d3f41f7f3bfcfd847d4dc8629ad8bb90064cfdac992672ed5e326","2026-08-12T14:36:49Z"
"results/bybit_lifecycle_daily/AMCUSDT_1785147298000_1786406400000.json","results/bybit_lifecycle_daily/AMCUSDT_1785147298000_1786406400000.json","891","4641f424aa463a09e4e17c070be13f84913a5fad7fa7eb7216409de92595bcbc","2026-08-12T14:36:49Z"
"results/bybit_lifecycle_daily/AMDSTOCKUSDT_1779957173000_1786406400000.json","results/bybit_lifecycle_daily/AMDSTOCKUSDT_1779957173000_1786406400000.json","4712","a90e29bfdef2a5e1cbee780accf116c7fb3acf340f2ccf5e7905c8b9d4c9df0f","2026-08-12T14:36:49Z"
"results/bybit_lifecycle_daily/AMGNUSDT_1785489635000_1786406400000.json","results/bybit_lifecycle_daily/AMGNUSDT_1785489635000_1786406400000.json","682","ab8515394958b2dbd0d24936c34f77058388f9b26034653e276137091149d60e","2026-08-12T14:36:49Z"
"results/bybit_lifecycle_daily/AMZNUSDT_1777363587000_1786406400000.json","results/bybit_lifecycle_daily/AMZNUSDT_1777363587000_1786406400000.json","6568","21c1c8504d663847d9ebcf4bae9a1d1275b4d37aa832acf8269b5cdb18e7f46a","2026-08-12T14:36:49Z"
"results/bybit_lifecycle_daily/ANIMEUSDT_1737642024000_1786406400000.json","results/bybit_lifecycle_daily/ANIMEUSDT_1737642024000_1786406400000.json","42785","bab86147cb89ed8f272516c57e51124fe31b9648ed2bf862a5f259fc1702296b","2026-08-12T14:36:49Z"
"results/bybit_lifecycle_daily/ANKRUSDT_1660348800000_1786406400000.json","results/bybit_lifecycle_daily/ANKRUSDT_1660348800000_1786406400000.json","106702","b79dced393965b9d8ab9e7a304fcea7b8ab0319d27d86ded2cc84291ac136d6a","2026-08-12T14:36:49Z"
"results/bybit_lifecycle_daily/ANTUSDT_1660348800000_1721901600000.json","results/bybit_lifecycle_daily/ANTUSDT_1660348800000_1721901600000.json","42236","964c61e5e9fc89ab97c93a42a86eca97823a0629ff751dd1520fe5b241f5b216","2026-08-12T14:36:49Z"
"results/bybit_lifecycle_daily/APEUSDT_1660348800000_1786406400000.json","results/bybit_lifecycle_daily/APEUSDT_1660348800000_1786406400000.json","99408","84541ee17ff8f8bf6171581938553757bd09d6a496865f09b7f8f9b232743419","2026-08-12T14:36:49Z"
"results/bybit_lifecycle_daily/APEXUSDT_1759047493000_1786406400000.json","results/bybit_lifecycle_daily/APEXUSDT_1759047493000_1786406400000.json","21280","2a24efd115dd3379ced0ad8d63a697e1a6f9a985a6791a0205b9943690c387a8","2026-08-12T14:36:49Z"
"results/bybit_lifecycle_daily/API3USDT_1660348800000_1786406400000.json","results/bybit_lifecycle_daily/API3USDT_1660348800000_1786406400000.json","93172","0a32cffa78b5732d83f14ecd2076b43ed6e146994ad952f60304e983842f49b1","2026-08-12T14:36:50Z"
"results/bybit_lifecycle_daily/APLDUSDT_1784285433000_1786406400000.json","results/bybit_lifecycle_daily/APLDUSDT_1784285433000_1786406400000.json","1509","7b5acb1883ff7adf5b349d5a20c86ca1b3d70ce9db5daa07813b756cbd717a75","2026-08-12T14:36:49Z"
"results/bybit_lifecycle_daily/APPSTOCKUSDT_1784195913000_1786406400000.json","results/bybit_lifecycle_daily/APPSTOCKUSDT_1784195913000_1786406400000.json","1634","5f4c00829c32ee2c5da73031fe9c1d06acc32426dfe218d3aab564c2130d391a","2026-08-12T14:36:49Z"
"results/bybit_lifecycle_daily/APRUSDT_1761221867000_1786406400000.json","results/bybit_lifecycle_daily/APRUSDT_1761221867000_1786406400000.json","20546","7a1c5c474da44be4e603c5ae8ab9cf12607f26d21f0db357dab2d7002e69d960","2026-08-12T14:36:49Z"
"results/bybit_lifecycle_daily/APTUSDT_1666107272000_1786406400000.json","results/bybit_lifecycle_daily/APTUSDT_1666107272000_1786406400000.json","95505","857fb92bc4c99de6028474a37b236ba624dd3e47ba6f82c19d6db4cce60f6e7e","2026-08-12T14:36:50Z"
"results/bybit_lifecycle_daily/ARBUSDT_1679563660000_1786406400000.json","results/bybit_lifecycle_daily/ARBUSDT_1679563660000_1786406400000.json","87675","9b1a70b4222432c7b3d7841f7e1d38f495bd0ff310154f6c5e6b97316f2d43d7","2026-08-12T14:36:50Z"
"results/bybit_lifecycle_daily/ARCUSDT_1735892178000_1786406400000.json","results/bybit_lifecycle_daily/ARCUSDT_1735892178000_1786406400000.json","42839","a88a68e230f2f43253b2a236b335e01ae0739756c96ee513fbe991fe209bcadc","2026-08-12T14:36:50Z"
"results/bybit_lifecycle_daily/ARIAUSDT_1756903625000_1786406400000.json","results/bybit_lifecycle_daily/ARIAUSDT_1756903625000_1786406400000.json","24468","885d81904bf63b4935f10b1545dcda9bc5611c929dfcecfb4ee2b22e094d856b","2026-08-12T14:36:50Z"
"results/bybit_lifecycle_daily/ARKKUSDT_1784538556000_1786406400000.json","results/bybit_lifecycle_daily/ARKKUSDT_1784538556000_1786406400000.json","1298","eef80af6efca8988f77b7f4899f6f1f6915fbff975028e5ef5f1974f3c0d8b7b","2026-08-12T14:36:50Z"
"results/bybit_lifecycle_daily/ARKMUSDT_1690508471000_1786406400000.json","results/bybit_lifecycle_daily/ARKMUSDT_1690508471000_1786406400000.json","76350","d95257862ea06f530c4c3a9912c5ca63aeaac0e7aca8c5471b0d07073edbdf21","2026-08-12T14:36:50Z"
"results/bybit_lifecycle_daily/ARKUSDT_1690869317000_1786406400000.json","results/bybit_lifecycle_daily/ARKUSDT_1690869317000_1786406400000.json","75729","b077da2ec0fe17c00f5a4450a3d1dad15ca2f3f400bade9109b678d0a0f9d618","2026-08-12T14:36:50Z"
"results/bybit_lifecycle_daily/ARMUSDT_1778659627000_1786406400000.json","results/bybit_lifecycle_daily/ARMUSDT_1778659627000_1786406400000.json","5713","4204c5f61f488a86256956573562aaadd2e85e7c0fbb78e1e26bbda3e5a89d38","2026-08-12T14:36:50Z"
"results/bybit_lifecycle_daily/ARPAUSDT_1660348800000_1786406400000.json","results/bybit_lifecycle_daily/ARPAUSDT_1660348800000_1786406400000.json","104787","3c1225f5d710ce3c494804e22685f70dd1a1194fd858c8540dc2bd3997daf4e9","2026-08-12T14:36:50Z"
"results/bybit_lifecycle_daily/ARUSDT_1660348800000_1786406400000.json","results/bybit_lifecycle_daily/ARUSDT_1660348800000_1786406400000.json","92139","a29a5f5b6d95e2b05fa32f9220e4f3d5fe8f3ea337ccbe484cbe65f553e40457","2026-08-12T14:36:50Z"
"results/bybit_lifecycle_daily/ARXUSDT_1782186545000_1786406400000.json","results/bybit_lifecycle_daily/ARXUSDT_1782186545000_1786406400000.json","3284","cf53ed79a53869bc54356d6c7d30603867045b8d5cf419e6c2161048b9369765","2026-08-12T14:36:50Z"
"results/bybit_lifecycle_daily/ASMLUSDT_1782459823000_1786406400000.json","results/bybit_lifecycle_daily/ASMLUSDT_1782459823000_1786406400000.json","3101","9becf31f9fab40b5d67d74f8eb454df2aaacd6ca3fe939439dccf62ac5c6f974","2026-08-12T14:36:50Z"
"results/bybit_lifecycle_daily/ASPUSDT_1753359185000_1786406400000.json","results/bybit_lifecycle_daily/ASPUSDT_1753359185000_1786406400000.json","26728","423f88fc271c3f6ed896fe6b00c4094618bdac65b9641f682d79f35ef0af93cd","2026-08-12T14:36:51Z"
"results/bybit_lifecycle_daily/ASRUSDT_1755163098000_1786406400000.json","results/bybit_lifecycle_daily/ASRUSDT_1755163098000_1786406400000.json","22659","297573ace591c697aff6462d4c2b270c4a2c8ebbb78c6d0297d97b41b7cf08a4","2026-08-12T14:36:50Z"
"results/bybit_lifecycle_daily/ASTERUSDT_1758267993000_1786406400000.json","results/bybit_lifecycle_daily/ASTERUSDT_1758267993000_1786406400000.json","22358","2d19eedb3700d0a0dac0afd36f1b237a63beebf60d7d2f5dbb05386beb8ef300","2026-08-12T14:36:51Z"
"results/bybit_lifecycle_daily/ASTRUSDT_1660348800000_1786406400000.json","results/bybit_lifecycle_daily/ASTRUSDT_1660348800000_1786406400000.json","108101","308a92d97d43b9dd6885bc435b3ecbe277e98825b5fea255180f1f1fefc7af1a","2026-08-12T14:36:51Z"
"results/bybit_lifecycle_daily/ASTSUSDT_1780563205000_1786406400000.json","results/bybit_lifecycle_daily/ASTSUSDT_1780563205000_1786406400000.json","4042","f79c75e3e7f686ba00f884bcee058277b8d74881b3bc0d668827f907f2a683bc","2026-08-12T14:36:51Z"
"results/bybit_lifecycle_daily/ATAUSDT_1691483941000_1759741200000.json","results/bybit_lifecycle_daily/ATAUSDT_1691483941000_1759741200000.json","55436","71cdb712f3f8cabad4c782482958ec75a1431826278cf7c5c094fa97e98abb14","2026-08-12T14:36:51Z"
"results/bybit_lifecycle_daily/ATHUSDT_1718269304000_1786406400000.json","results/bybit_lifecycle_daily/ATHUSDT_1718269304000_1786406400000.json","58216","caddacdc79e253432a5ddb66fe86b2fbf3a6b5667b1fd50318fedeeaf6d9223e","2026-08-12T14:36:51Z"
"results/bybit_lifecycle_daily/ATOMUSDT_1660348800000_1786406400000.json","results/bybit_lifecycle_daily/ATOMUSDT_1660348800000_1786406400000.json","94518","40f648f2dc6076f75456576c32a1b5b46997507f608d1851005b40a551d09e65","2026-08-12T14:36:51Z"
"results/bybit_lifecycle_daily/ATUSDT_1761746016000_1786406400000.json","results/bybit_lifecycle_daily/ATUSDT_1761746016000_1786406400000.json","20026","d2aabe40c92a0f80f29cfc1ff13a609a484be1c9c907188bc24ac106d0987c99","2026-08-12T14:36:51Z"
"results/bybit_lifecycle_daily/AUCTIONUSDT_1690526070000_1786406400000.json","results/bybit_lifecycle_daily/AUCTIONUSDT_1690526070000_1786406400000.json","70506","8cb75bd409b72da876076159aa168b974cc35c1b8229e0d5f3cac0130dc3958f","2026-08-12T14:36:51Z"
"results/bybit_lifecycle_daily/AUDIOUSDT_1660348800000_1763114400000.json","results/bybit_lifecycle_daily/AUDIOUSDT_1660348800000_1763114400000.json","81305","7f2dfba383e40f03cf3e63d933fde8df461e0cfb8a8cd39eb0a7232538e7bdfc","2026-08-12T14:36:51Z"
"results/bybit_lifecycle_daily/AUSDT_1748420402000_1786406400000.json","results/bybit_lifecycle_daily/AUSDT_1748420402000_1786406400000.json","30293","533639235598ee6514dcf87e7c9f486f1cc5cf92175379c402b18380f546ba49","2026-08-12T14:36:51Z"
"results/bybit_lifecycle_daily/AVAAIUSDT_1736325126000_1786406400000.json","results/bybit_lifecycle_daily/AVAAIUSDT_1736325126000_1786406400000.json","43360","9ff7d1e4c37c15b4d59403c966368cd44919b179444e15c0cdf16ee1fb528040","2026-08-12T14:36:51Z"
"results/bybit_lifecycle_daily/AVAILUSDT_1721745394000_1761471000000.json","results/bybit_lifecycle_daily/AVAILUSDT_1721745394000_1761471000000.json","33057","6658a257bb3cd763c1549e7f0f045d8c9568e90adbfb53ccfc456726cea14854","2026-08-12T14:36:51Z"
"results/bybit_lifecycle_daily/AVAUSDT_1734343893000_1786406400000.json","results/bybit_lifecycle_daily/AVAUSDT_1734343893000_1786406400000.json","39602","5c63f4e20223a6c7562a71be7be72ba0e44229c04b29cdece3cb5e1db172fd4f","2026-08-12T14:36:51Z"
"results/bybit_lifecycle_daily/AVAXUSDT_1660348800000_1786406400000.json","results/bybit_lifecycle_daily/AVAXUSDT_1660348800000_1786406400000.json","95901","0906611bd1a32ed63aa962fc57d150a17245979144c40f4ea1bc9998e581a4fc","2026-08-12T14:36:52Z"
"results/bybit_lifecycle_daily/AVGOUSDT_1778573548000_1786406400000.json","results/bybit_lifecycle_daily/AVGOUSDT_1778573548000_1786406400000.json","5683","1056d817208d306f511565b6af4a303b33c12698af9bcbcd94809ac54a8c44c2","2026-08-12T14:36:51Z"
"results/bybit_lifecycle_daily/AVLUSDT_1740048791000_1774602000000.json","results/bybit_lifecycle_daily/AVLUSDT_1740048791000_1774602000000.json","27024","f185aada7b60c03a689fd9df5da8036e4760f7b406cacdfa2a5f4a4de3d5f537","2026-08-12T14:36:51Z"
"results/bybit_lifecycle_daily/AVNTUSDT_1757426737000_1786406400000.json","results/bybit_lifecycle_daily/AVNTUSDT_1757426737000_1786406400000.json","23617","8393593a387941ece26b7bbf9f42c58a4b8215d0e6877284d9674e4d9a2bf600","2026-08-12T14:36:52Z"
"results/bybit_lifecycle_daily/AWEUSDT_1747904988000_1786406400000.json","results/bybit_lifecycle_daily/AWEUSDT_1747904988000_1786406400000.json","31304","7ce6efffb22f34ad5c5feea90ff50d75ef03324977f1487312c329e6f995c019","2026-08-12T14:36:52Z"
"results/bybit_lifecycle_daily/AXLUSDT_1701941550000_1786406400000.json","results/bybit_lifecycle_daily/AXLUSDT_1701941550000_1786406400000.json","66371","448a7dc2244d83034de3c9970b336a5d63fc2f438ff98d3643d7a994c78a0c52","2026-08-12T14:36:52Z"
"results/bybit_lifecycle_daily/AXSUSDT_1660348800000_1786406400000.json","results/bybit_lifecycle_daily/AXSUSDT_1660348800000_1786406400000.json","92868","07915677530d60e5f23115d412718d96205ac8ba741c11086dbaecdf11221b23","2026-08-12T14:36:52Z"
"results/bybit_lifecycle_daily/AXTIUSDT_1781603882000_1786406400000.json","results/bybit_lifecycle_daily/AXTIUSDT_1781603882000_1786406400000.json","3406","f3dc5a27a281e79854e5514bc4b010d7a32a37bc20c4f1d8d0c4638ed0036e78","2026-08-12T14:36:52Z"
"results/bybit_lifecycle_daily/AZTECUSDT_1770881266000_1786406400000.json","results/bybit_lifecycle_daily/AZTECUSDT_1770881266000_1786406400000.json","13725","befded6648b1d705c3c8a7af950422645dacc6740ea78337ca715821d9f1b4ca","2026-08-12T14:36:52Z"
"results/bybit_lifecycle_daily/B2USDT_1749460723000_1786406400000.json","results/bybit_lifecycle_daily/B2USDT_1749460723000_1786406400000.json","27851","666e22b8f57d85b39faa2c312e10103e7f6b7e68774ab5015a3ef2e450b29e3d","2026-08-12T14:36:52Z"
"results/bybit_lifecycle_daily/B3USDT_1739355381000_1786406400000.json","results/bybit_lifecycle_daily/B3USDT_1739355381000_1786406400000.json","42701","fc8a6b072044f1c6713addf2fc2e0b677e14cfbe522a1850b9a990b8cef55c66","2026-08-12T14:36:52Z"
"results/bybit_lifecycle_daily/BABAUSDT_1778659392000_1786406400000.json","results/bybit_lifecycle_daily/BABAUSDT_1778659392000_1786406400000.json","5614","d91d947877d33c7b3bc40494cd5ba78d833741f4ca91ad11b3929f9759ce7cb8","2026-08-12T14:36:52Z"
"results/bybit_lifecycle_daily/BABYUSDT_1743672875000_1786406400000.json","results/bybit_lifecycle_daily/BABYUSDT_1743672875000_1786406400000.json","36458","ba8f7c162ad51930f1b73596332ef81a8e52a8cb52ee982f33d1f8ebec4066a4","2026-08-12T14:36:52Z"
"results/bybit_lifecycle_daily/BACUSDT_1785837953000_1786406400000.json","results/bybit_lifecycle_daily/BACUSDT_1785837953000_1786406400000.json","402","b29876bd5e42f21bb713a746ce967af4ecee3464efad9185060cc8f69c3beefa","2026-08-12T14:36:52Z"
"results/bybit_lifecycle_daily/BADGERUSDT_1692174718000_1761382800000.json","results/bybit_lifecycle_daily/BADGERUSDT_1692174718000_1761382800000.json","50130","540012f304477a121a6363de220aa2c5425a480bc93183869307e27143e148de","2026-08-12T14:36:52Z"
"results/bybit_lifecycle_daily/BAKEUSDT_1660348800000_1759748400000.json","results/bybit_lifecycle_daily/BAKEUSDT_1660348800000_1759748400000.json","77334","0487101a4c2d1770c7b8eeefb32b5e63b6ffd2deb9f033c1567bb7ab6c311ebc","2026-08-12T14:36:53Z"
"results/bybit_lifecycle_daily/BALUSDT_1660348800000_1753779757000.json","results/bybit_lifecycle_daily/BALUSDT_1660348800000_1753779757000.json","66728","583e6859675618763d110ff2f0271e6ac8184d70caaeda75f9d3f56fa88fe7d8","2026-08-12T14:36:53Z"
"results/bybit_lifecycle_daily/BANANAS31USDT_1743154150000_1786406400000.json","results/bybit_lifecycle_daily/BANANAS31USDT_1743154150000_1786406400000.json","38058","5e223508dec89f789f93297cc1a125c0f6990ad64379ab0bf59ef73de41bb2d1","2026-08-12T14:36:52Z"
"results/bybit_lifecycle_daily/BANANAUSDT_1721386183000_1786406400000.json","results/bybit_lifecycle_daily/BANANAUSDT_1721386183000_1786406400000.json","49082","c8a1f2cf194543dd8079f0e81de60cc11ce79cf170ce645d876d928717a0effb","2026-08-12T14:36:52Z"
"results/bybit_lifecycle_daily/BANDUSDT_1660348800000_1786406400000.json","results/bybit_lifecycle_daily/BANDUSDT_1660348800000_1786406400000.json","92241","08cb45283e8e30021f76404558bd39d540c2045db169a87539984fbe766d7d8a","2026-08-12T14:36:53Z"
"results/bybit_lifecycle_daily/BANKUSDT_1746694311000_1786406400000.json","results/bybit_lifecycle_daily/BANKUSDT_1746694311000_1786406400000.json","32584","d8c42cab7112c85bda5ab64dc613b7c78310ddf4fe5f2ce43e701fd7cb833ed4","2026-08-12T14:36:52Z"
"results/bybit_lifecycle_daily/BANUSDT_1731919190000_1786406400000.json","results/bybit_lifecycle_daily/BANUSDT_1731919190000_1786406400000.json","45209","0c3b50ff5139b255e85e3dc7a1b43c842a2e4101f52bbd355d0a59b24ebc028b","2026-08-12T14:36:53Z"
"results/bybit_lifecycle_daily/BARDUSDT_1758016137000_1786406400000.json","results/bybit_lifecycle_daily/BARDUSDT_1758016137000_1786406400000.json","22829","9c30954164064dd767f52236c04ba94824352165ac26dffb70e94b15f9754f79","2026-08-12T14:36:53Z"
"results/bybit_lifecycle_daily/BASEDUSDT_1774859022000_1786406400000.json","results/bybit_lifecycle_daily/BASEDUSDT_1774859022000_1786406400000.json","9552","ee1569eb4c6b1d8d3b5bc370d94f932d1953770feff78d5049086dd0e2bb68bb","2026-08-12T14:36:53Z"
"results/bybit_lifecycle_daily/BATUSDT_1660348800000_1786406400000.json","results/bybit_lifecycle_daily/BATUSDT_1660348800000_1786406400000.json","97994","c8f77e608df78e0f1b7a2cde23c45c51273f72a22872eb009e3ffd163ed5bbc9","2026-08-12T14:36:53Z"
"results/bybit_lifecycle_daily/BBUSDT_1715686860000_1786406400000.json","results/bybit_lifecycle_daily/BBUSDT_1715686860000_1786406400000.json","56429","7494e6079e5a52410ab20b36e03bb02b3ff48a46b1c0ddfba16d6216ceca14c1","2026-08-12T14:36:53Z"
"results/bybit_lifecycle_daily/BBXUSDT_1782202516000_1786406400000.json","results/bybit_lifecycle_daily/BBXUSDT_1782202516000_1786406400000.json","2968","f329f6eb13dce30ca79daf80f2a52eb7c4d5a225391261bce34497e6b46798f4","2026-08-12T14:36:53Z"
"results/bybit_lifecycle_daily/BCHUSDT_1660348800000_1786406400000.json","results/bybit_lifecycle_daily/BCHUSDT_1660348800000_1786406400000.json","92817","1c87da9a556c3ff8dccac2e819b1416d4694a9b5e4e28c81c641c911fc69dd6b","2026-08-12T14:36:53Z"
"results/bybit_lifecycle_daily/BDXNUSDT_1748946949000_1761055200000.json","results/bybit_lifecycle_daily/BDXNUSDT_1748946949000_1761055200000.json","10116","a6609e19cbd9f32955e7d9d39e76f94c15ed6cceedc69eed831e7a26f5db3b79","2026-08-12T14:36:53Z"
"results/bybit_lifecycle_daily/BEAMUSDT_1699955296000_1786406400000.json","results/bybit_lifecycle_daily/BEAMUSDT_1699955296000_1786406400000.json","77339","0d517e62de6a06ac747ff8519d3e90dce0cd413e98067464c5fdc02b1b99f773","2026-08-12T14:36:54Z"
"results/bybit_lifecycle_daily/BEATUSDT_1763722433000_1786406400000.json","results/bybit_lifecycle_daily/BEATUSDT_1763722433000_1786406400000.json","18472","44e60701e522a9c047b7424f088bca7ca1ec917d3c2eef640f587e657a9d2413","2026-08-12T14:36:53Z"
"results/bybit_lifecycle_daily/BELUSDT_1660348800000_1786406400000.json","results/bybit_lifecycle_daily/BELUSDT_1660348800000_1786406400000.json","97680","3678de12435eb973481fb22d417c4fc900dd0c6b46d49df3bbd4820a4df95b24","2026-08-12T14:36:54Z"
"results/bybit_lifecycle_daily/BENDOGUSDT_1717405671000_1738227600000.json","results/bybit_lifecycle_daily/BENDOGUSDT_1717405671000_1738227600000.json","18687","9a8f669d6c13a2224b33e0d484530395968e50900458d5d433b0efe780f99fce","2026-08-12T14:36:53Z"
"results/bybit_lifecycle_daily/BERAUSDT_1738847788000_1786406400000.json","results/bybit_lifecycle_daily/BERAUSDT_1738847788000_1786406400000.json","35608","fd88c3ce954518376796ed5866c13fb98cd3d4b30c6e9905e1531d456543647c","2026-08-12T14:36:53Z"
"results/bybit_lifecycle_daily/BEUSDT_1779957342000_1786406400000.json","results/bybit_lifecycle_daily/BEUSDT_1779957342000_1786406400000.json","4738","569937007a26f9e301d56730a741e67f4eaedb18400c9594385079cbb89cff9d","2026-08-12T14:36:53Z"
"results/bybit_lifecycle_daily/BICOUSDT_1660348800000_1786406400000.json","results/bybit_lifecycle_daily/BICOUSDT_1660348800000_1786406400000.json","98217","dfd497c263916f8251fdfde2372b9e391f4a967dd1ef465b0d2ecf23ab561469","2026-08-12T14:36:54Z"
"results/bybit_lifecycle_daily/BIGTIMEUSDT_1697099745000_1786406400000.json","results/bybit_lifecycle_daily/BIGTIMEUSDT_1697099745000_1786406400000.json","74602","0b6d2451f36f59086bbefdb4572c4ba2d03b5af88c0f86ad0752aed23e457447","2026-08-12T14:36:54Z"
"results/bybit_lifecycle_daily/BIIBUSDT_1785924318000_1786406400000.json","results/bybit_lifecycle_daily/BIIBUSDT_1785924318000_1786406400000.json","383","bf6bfd0b359f80d1d0b8aa33a2f581267cb9be251f470db9c2cefc72d61df1cd","2026-08-12T14:36:54Z"
"results/bybit_lifecycle_daily/BILLUSDT_1778049738000_1786406400000.json","results/bybit_lifecycle_daily/BILLUSDT_1778049738000_1786406400000.json","7014","02559f96cbce0e4ac60f27cda924c54d690e167fd81c9b4e5d885e3d6d0141e8","2026-08-12T14:36:54Z"
"results/bybit_lifecycle_daily/BILLYUSDT_1732697476000_1739959200000.json","results/bybit_lifecycle_daily/BILLYUSDT_1732697476000_1739959200000.json","6110","202cad5d53dcca8140e75c0d32520709ef1d722fe480a6d59f1f7643651933a3","2026-08-12T14:36:54Z"
"results/bybit_lifecycle_daily/BIOUSDT_1735034094000_1786406400000.json","results/bybit_lifecycle_daily/BIOUSDT_1735034094000_1786406400000.json","43063","d0985e3ede78e735634360462ef3173d8ba2f67e4700abf672ea5a4c78561b6f","2026-08-12T14:36:54Z"
"results/bybit_lifecycle_daily/BIRBUSDT_1769598765000_1786406400000.json","results/bybit_lifecycle_daily/BIRBUSDT_1769598765000_1786406400000.json","13936","d088cc938dcc20955092c71cb522e48d7492b4c676cc61101e8e47102caf8823","2026-08-12T14:36:54Z"
"results/bybit_lifecycle_daily/BITOUSDT_1785147545000_1786406400000.json","results/bybit_lifecycle_daily/BITOUSDT_1785147545000_1786406400000.json","862","4b1f7e5cb80faa769dad0b1eb42dee77b015d843abb1615c0da0914bb152db56","2026-08-12T14:36:54Z"
"results/bybit_lifecycle_daily/BITUSDT_1660348800000_1688454000000.json","results/bybit_lifecycle_daily/BITUSDT_1660348800000_1688454000000.json","21563","f60f1de6e9ad04d4c65875d3574405df9d6f236d1784d4d6958389ebfb50b7f1","2026-08-12T14:36:54Z"
"results/bybit_lifecycle_daily/BLASTUSDT_1719480310000_1786406400000.json","results/bybit_lifecycle_daily/BLASTUSDT_1719480310000_1786406400000.json","61237","2485112b827ef0cda9d8aa4fde933256db86ee748f6550089849a08eab869359","2026-08-12T14:36:54Z"
"results/bybit_lifecycle_daily/BLENDUSDT_1777455508000_1786406400000.json","results/bybit_lifecycle_daily/BLENDUSDT_1777455508000_1786406400000.json","7300","c2409d80a242e4ed595089f9c16afe4d7bad95dec93c2a9f706da3fde6935702","2026-08-12T14:36:54Z"
"results/bybit_lifecycle_daily/BLESSUSDT_1758708305000_1786406400000.json","results/bybit_lifecycle_daily/BLESSUSDT_1758708305000_1786406400000.json","24224","29b810629be240b5fd3bf8e5f56f6eb69b5c760786289f5d83d617cf8404bf67","2026-08-12T14:36:54Z"
"results/bybit_lifecycle_daily/BLUAIUSDT_1761219528000_1786406400000.json","results/bybit_lifecycle_daily/BLUAIUSDT_1761219528000_1786406400000.json","22222","ad43b8169128caa67e9628a0eaadc811ddc1d74723892373f275c19607b2f83d","2026-08-12T14:36:54Z"
"results/bybit_lifecycle_daily/BLUEUSDT_1734509782000_1744016400000.json","results/bybit_lifecycle_daily/BLUEUSDT_1734509782000_1744016400000.json","7838","589ffc5826223c61c77ee3e7c9f332993596cf68bf9bad0a5a558b4deb0ae4fe","2026-08-12T14:36:54Z"
"results/bybit_lifecycle_daily/BLURUSDT_1676428387000_1786406400000.json","results/bybit_lifecycle_daily/BLURUSDT_1676428387000_1786406400000.json","89621","8fdef58dedd99b1e60ce19a63ce82366f1ab0c7fc749c3128a99c16c87d34e4a","2026-08-12T14:36:55Z"
"results/bybit_lifecycle_daily/BLZUSDT_1660348800000_1735034400000.json","results/bybit_lifecycle_daily/BLZUSDT_1660348800000_1735034400000.json","62274","274777ae158634adfdf8935d54206d04dd7a83a19f1d2ea3d4c2aedc61ef4f90","2026-08-12T14:36:54Z"
"results/bybit_lifecycle_daily/BMNRUSDT_1778745562000_1786406400000.json","results/bybit_lifecycle_daily/BMNRUSDT_1778745562000_1786406400000.json","5576","e09da98301bc0503df29e8f40c0b5a8983d1b189c4958f40dbc0882d57ed7186","2026-08-12T14:36:54Z"
"results/bybit_lifecycle_daily/BMTUSDT_1741852724000_1786406400000.json","results/bybit_lifecycle_daily/BMTUSDT_1741852724000_1786406400000.json","37612","dda7b7913a04cf3753e3a1853cfe244dad0676860514f4e81d365f5b4345140e","2026-08-12T14:36:54Z"
"results/bybit_lifecycle_daily/BNBUSDT_1660348800000_1786406400000.json","results/bybit_lifecycle_daily/BNBUSDT_1660348800000_1786406400000.json","93872","eea433dd59f3f5776fd7ce24bf7affe0d89455b9067275cf15bdafff0008f4e8","2026-08-12T14:36:55Z"
"results/bybit_lifecycle_daily/BNCUSDT_1784193688000_1786406400000.json","results/bybit_lifecycle_daily/BNCUSDT_1784193688000_1786406400000.json","1564","8a49d66ff6f956a77bc875652e39c67610d6e9f9e15e1eac95ff91d0b489e528","2026-08-12T14:36:55Z"
"results/bybit_lifecycle_daily/BNTUSDT_1691385533000_1786406400000.json","results/bybit_lifecycle_daily/BNTUSDT_1691385533000_1786406400000.json","73001","7f52ecd4aea8af53296dad05b8df1f98c3a134b68daa149d09d23d8be1eea36b","2026-08-12T14:36:55Z"
"results/bybit_lifecycle_daily/BNXUSDT_1677564318000_1742202000000.json","results/bybit_lifecycle_daily/BNXUSDT_1677564318000_1742202000000.json","49941","a918a8c35f430c13e54595e1247d5abc20d0c256d89ac1ae87e2795b9f3f803b","2026-08-12T14:36:55Z"
"results/bybit_lifecycle_daily/BOBAUSDT_1660348800000_1786406400000.json","results/bybit_lifecycle_daily/BOBAUSDT_1660348800000_1786406400000.json","102536","1767177cfe125652d4abeae3fca09f21e850f52150708314bea1dd2cc52ecda3","2026-08-12T14:36:55Z"
"results/bybit_lifecycle_daily/BOBBOBUSDT_1763972948000_1785142800000.json","results/bybit_lifecycle_daily/BOBBOBUSDT_1763972948000_1785142800000.json","18600","bb5202d92b8ac0019a878aea41eec7ebc491de7ef3f916505c1acd721c02141f","2026-08-12T14:36:55Z"
"results/bybit_lifecycle_daily/BOMEUSDT_1710492745000_1786406400000.json","results/bybit_lifecycle_daily/BOMEUSDT_1710492745000_1786406400000.json","69903","b0bfed5ebd6131dc8e8f3580313e1d0117cb87173405224f3cc9c74a23330299","2026-08-12T14:36:55Z"
"results/bybit_lifecycle_daily/BONDUSDT_1697435935000_1735034400000.json","results/bybit_lifecycle_daily/BONDUSDT_1697435935000_1735034400000.json","27076","afe9b6df10a2c5dc5af45e4a295cbc42c3bf28595773e15df453e94a4e1f7da6","2026-08-12T14:36:55Z"
"results/bybit_lifecycle_daily/BOTUSDT_1782892908000_1786406400000.json","results/bybit_lifecycle_daily/BOTUSDT_1782892908000_1786406400000.json","2461","a89ffc27cea72b7be5e1e91c2ee3b2c69d89821aeff84f72199bdd5b8675ddba","2026-08-12T14:36:55Z"
"results/bybit_lifecycle_daily/BRETTUSDT_1714119444000_1786406400000.json","results/bybit_lifecycle_daily/BRETTUSDT_1714119444000_1786406400000.json","62090","41d724b50854f829a982b87913be5b4a86e42f92c44f8da54e2cf3b52a839775","2026-08-12T14:36:55Z"
"results/bybit_lifecycle_daily/BREVUSDT_1767099365000_1786406400000.json","results/bybit_lifecycle_daily/BREVUSDT_1767099365000_1786406400000.json","15869","92f0ef469ff20c5b31ecd3e5607c10658d7f03ce18cfbf693887e920571b33d8","2026-08-12T14:36:55Z"
"results/bybit_lifecycle_daily/BRKBUSDT_1785405218000_1786406400000.json","results/bybit_lifecycle_daily/BRKBUSDT_1785405218000_1786406400000.json","718","cb1b582712585ee0f8641b9ef0d495248657a5e20e2f5ef86d17e81e130e839b","2026-08-12T14:36:55Z"
"results/bybit_lifecycle_daily/BROCCOLIUSDT_1739535111000_1786406400000.json","results/bybit_lifecycle_daily/BROCCOLIUSDT_1739535111000_1786406400000.json","40409","6653faec8f49fe9f661a6549f645b5b6ee47173d255a6aacab15a62659db4258","2026-08-12T14:36:55Z"
"results/bybit_lifecycle_daily/BRUSDT_1742476788000_1786406400000.json","results/bybit_lifecycle_daily/BRUSDT_1742476788000_1786406400000.json","36181","6e698354d39dc14f0b63d13929bd64e098ba05ef1b11b86d9021767023113c93","2026-08-12T14:36:55Z"
"results/bybit_lifecycle_daily/BSBUSDT_1774500541000_1786406400000.json","results/bybit_lifecycle_daily/BSBUSDT_1774500541000_1786406400000.json","9509","d1665f3a7788ae1f593dc196ea134a87eaa3f465f98f871569c3da4630cac7ec","2026-08-12T14:36:55Z"
"results/bybit_lifecycle_daily/BSPUSDT_1783325155000_1786406400000.json","results/bybit_lifecycle_daily/BSPUSDT_1783325155000_1786406400000.json","2124","e0d7ec1bf84b4b1138714ec01d109ce7cc481792d418a44b361953490f848174","2026-08-12T14:36:55Z"
"results/bybit_lifecycle_daily/BSUUSDT_1756290653000_1777539600000.json","results/bybit_lifecycle_daily/BSUUSDT_1756290653000_1777539600000.json","17399","7be11c3e525650191dc9509311c8b52b8e9dfaa75c9c1ed17ed8444007ba88d8","2026-08-12T14:36:55Z"
"results/bybit_lifecycle_daily/BSVUSDT_1660348800000_1786406400000.json","results/bybit_lifecycle_daily/BSVUSDT_1660348800000_1786406400000.json","89765","ea7d7f71f6363fb2d7ea09d02593279eb5ec80866c695bcdc5f502e9f7ae0ed0","2026-08-12T14:36:56Z"
"results/bybit_lifecycle_daily/BSWUSDT_1660348800000_1759309200000.json","results/bybit_lifecycle_daily/BSWUSDT_1660348800000_1759309200000.json","79750","938a7ee733ec4983212f639b875a4786ea36f6a31e6a2d50c2d8fd1d2094b40b","2026-08-12T14:36:56Z"
"results/bybit_lifecycle_daily/BTCUSDT_1660348800000_1786406400000.json","results/bybit_lifecycle_daily/BTCUSDT_1660348800000_1786406400000.json","109382","7ed956ce1a316e011736e06561df190c6f305632b6c15e6339001b284cf3bb00","2026-08-12T14:36:56Z"
"results/bybit_lifecycle_daily/BTRUSDT_1756293116000_1786406400000.json","results/bybit_lifecycle_daily/BTRUSDT_1756293116000_1786406400000.json","25051","c4451b9c45596e9a09b45262c00ce668adbed6c3ecda577b22dbb13b9ddb5de9","2026-08-12T14:36:56Z"
"results/bybit_lifecycle_daily/BTWUSDT_1780646878000_1786406400000.json","results/bybit_lifecycle_daily/BTWUSDT_1780646878000_1786406400000.json","4843","9b5b8862ba641139129e3e45f0a487b87f41195d110ff51db14fcdaff186b96d","2026-08-12T14:36:56Z"
"results/bybit_lifecycle_daily/BUSDT_1747980646000_1786406400000.json","results/bybit_lifecycle_daily/BUSDT_1747980646000_1786406400000.json","31702","bea85f1d5de4c54237664f7f85c3bb411a0d8b1097ea1e87f7767075dac268e6","2026-08-12T14:36:56Z"
"results/bybit_lifecycle_daily/BUSDUSDT_1676340857000_1702026000000.json","results/bybit_lifecycle_daily/BUSDUSDT_1676340857000_1702026000000.json","19153","de0e9886e7a7dce46a9039471f151162129b69dbe68fe69a30e32fa29e09d4ad","2026-08-12T14:36:56Z"
"results/bybit_lifecycle_daily/BUZZUSDT_1737537136000_1745031600000.json","results/bybit_lifecycle_daily/BUZZUSDT_1737537136000_1745031600000.json","6542","3ca6b35b8545b8a1bdd377a484d8e33e03be617533da6d8f1fea71f8146c6b93","2026-08-12T14:36:56Z"
"results/bybit_lifecycle_daily/BXUSDT_1784285361000_1786406400000.json","results/bybit_lifecycle_daily/BXUSDT_1784285361000_1786406400000.json","1556","405c4ad21b9a9f7013d7a84ca9820fb10d7817e3b0fc3427a9b7854b370b0e5c","2026-08-12T14:36:56Z"
"results/bybit_lifecycle_daily/BZUSDT_1778659712000_1786406400000.json","results/bybit_lifecycle_daily/BZUSDT_1778659712000_1786406400000.json","5470","9c77fe98b7f2862dffded491c7e66bbb0499b726841af156a1affd2f9246920d","2026-08-12T14:36:56Z"
"results/bybit_lifecycle_daily/C98USDT_1660348800000_1786406400000.json","results/bybit_lifecycle_daily/C98USDT_1660348800000_1786406400000.json","101891","567c1d01a6c27a88c423d88bd54aaf10d5a3c926d2285cb30105bd17e26a6632","2026-08-12T14:36:56Z"
"results/bybit_lifecycle_daily/CAKEUSDT_1699005636000_1786406400000.json","results/bybit_lifecycle_daily/CAKEUSDT_1699005636000_1786406400000.json","64025","ebfffb6e00be5f3722d607880a989b241dc378ba964fce7cbdb251c6b1bff6b9","2026-08-12T14:36:56Z"
"results/bybit_lifecycle_daily/CAMPUSDT_1756369902000_1776330000000.json","results/bybit_lifecycle_daily/CAMPUSDT_1756369902000_1776330000000.json","17474","06100f9dead30c4454e7b3dd74edaecce92dbf13d4c387515985da21d6168cc6","2026-08-12T14:36:56Z"
"results/bybit_lifecycle_daily/CANTOUSDT_1716448128000_1723456800000.json","results/bybit_lifecycle_daily/CANTOUSDT_1716448128000_1723456800000.json","5715","b9b50684c273925d44c803353f2131d4e70f78287953c82c3b8b2166d5bbdfbf","2026-08-12T14:36:56Z"
"results/bybit_lifecycle_daily/CAPUSDT_1782703707000_1786406400000.json","results/bybit_lifecycle_daily/CAPUSDT_1782703707000_1786406400000.json","3117","69e0f1a2f4505d5cb6e5383d55b629b905f3ef4685cfabf1c5f5a37d278e8f18","2026-08-12T14:36:56Z"
"results/bybit_lifecycle_daily/CARVUSDT_1729068075000_1786406400000.json","results/bybit_lifecycle_daily/CARVUSDT_1729068075000_1786406400000.json","45235","23b976307de83999f58773af8ba2c4337dc95bdfe6cff18c5e9158ff25155236","2026-08-12T14:36:56Z"
"results/bybit_lifecycle_daily/CASHCATUSDT_1785924043000_1786406400000.json","results/bybit_lifecycle_daily/CASHCATUSDT_1785924043000_1786406400000.json","438","0a18258930e7acc72775b03e4977e5b1129861a7537113a112f6a4198b696e1a","2026-08-12T14:36:56Z"
"results/bybit_lifecycle_daily/CATIUSDT_1725869712000_1786406400000.json","results/bybit_lifecycle_daily/CATIUSDT_1725869712000_1786406400000.json","48654","7ffa46e7ae84018ddd8d0b7d2f8d23b748da95373ef759f893521f2dd1af5351","2026-08-12T14:36:56Z"
"results/bybit_lifecycle_daily/CATSTOCKUSDT_1782986123000_1786406400000.json","results/bybit_lifecycle_daily/CATSTOCKUSDT_1782986123000_1786406400000.json","2511","5f1c096eb7a85aef784db8a60eaf2347af63c4a4a47df152e1b02bed22f63a57","2026-08-12T14:36:56Z"
"results/bybit_lifecycle_daily/CBRSUSDT_1779179085000_1786406400000.json","results/bybit_lifecycle_daily/CBRSUSDT_1779179085000_1786406400000.json","5413","0cf9485a46c4baa77b546fdb6a49f9491c3047e9883e73e55c58762a7a367193","2026-08-12T14:36:57Z"
"results/bybit_lifecycle_daily/CCUSDT_1761916855000_1786406400000.json","results/bybit_lifecycle_daily/CCUSDT_1761916855000_1786406400000.json","20531","4b5e5b3e2355f298670fe75c810cd18e2a368d3e0db6d8c3a0c7dbecbc404d11","2026-08-12T14:36:57Z"
"results/bybit_lifecycle_daily/CEEKUSDT_1660348800000_1728554400000.json","results/bybit_lifecycle_daily/CEEKUSDT_1660348800000_1728554400000.json","54936","398216dd6b43d4ec83fe4f8cc003d46be666e52fce4c3cc65aba19009eaa3794","2026-08-12T14:36:57Z"
"results/bybit_lifecycle_daily/CELOUSDT_1660348800000_1786406400000.json","results/bybit_lifecycle_daily/CELOUSDT_1660348800000_1786406400000.json","97682","dd97f0f1a6a174dbc628775d0882938c2e36a33a2d43b8ef9df8992c2cb8eafc","2026-08-12T14:36:57Z"
"results/bybit_lifecycle_daily/CELRUSDT_1660348800000_1763715600000.json","results/bybit_lifecycle_daily/CELRUSDT_1660348800000_1763715600000.json","86598","491f65c3a5a5c0095d2159718cf1bec4ef2b03bcaf97f53caa9c24758ca7298e","2026-08-12T14:36:57Z"
"results/bybit_lifecycle_daily/CETUSUSDT_1707104643000_1786406400000.json","results/bybit_lifecycle_daily/CETUSUSDT_1707104643000_1786406400000.json","66554","1d081a9bdf2f01377a7e26a38c85a0cd64f3f514d697b134a36963c222f799a3","2026-08-12T14:36:57Z"
"results/bybit_lifecycle_daily/CFGUSDT_1773720175000_1786406400000.json","results/bybit_lifecycle_daily/CFGUSDT_1773720175000_1786406400000.json","9782","e38dc06fdb862d5dff0a5fa7f14857b50e3d0fedbf1b771570c1b13ce67cefd4","2026-08-12T14:36:57Z"
"results/bybit_lifecycle_daily/CFXUSDT_1676883925000_1786406400000.json","results/bybit_lifecycle_daily/CFXUSDT_1676883925000_1786406400000.json","92291","dea9eb661671e9e1bbe66feabdca6a5959b9127663f7158405accbd762ca45dd","2026-08-12T14:36:57Z"
"results/bybit_lifecycle_daily/CGPTUSDT_1736506047000_1786406400000.json","results/bybit_lifecycle_daily/CGPTUSDT_1736506047000_1786406400000.json","41834","ef2a708d05c128370b812ad739e45433148ca60931ad112736bc2951e499db54","2026-08-12T14:36:57Z"
"results/bybit_lifecycle_daily/CHESSUSDT_1725265715000_1761814800000.json","results/bybit_lifecycle_daily/CHESSUSDT_1725265715000_1761814800000.json","29131","807e013f789f51614f7750b439c718021c9f8a0e5d08f3a7f55fd98529d891bc","2026-08-12T14:36:57Z"
"results/bybit_lifecycle_daily/CHILLGUYUSDT_1732181897000_1786406400000.json","results/bybit_lifecycle_daily/CHILLGUYUSDT_1732181897000_1786406400000.json","48133","38784ad6b3eaf903a9d6c307a8f54ee94a4f067f43863548c830ac3244ea4f64","2026-08-12T14:36:57Z"
"results/bybit_lifecycle_daily/CHIPUSDT_1776331130000_1786406400000.json","results/bybit_lifecycle_daily/CHIPUSDT_1776331130000_1786406400000.json","8428","28daeead8cf69825a805b0d79ae2a011d37e111081eac7d69005b0f9e22ef828","2026-08-12T14:36:57Z"
"results/bybit_lifecycle_daily/CHRUSDT_1660348800000_1786406400000.json","results/bybit_lifecycle_daily/CHRUSDT_1660348800000_1786406400000.json","100746","0d408f7ba3e37e99bbf5c41893aab8877fc17b83179306916bebd67f3b62cf9d","2026-08-12T14:36:58Z"
"results/bybit_lifecycle_daily/CHZUSDT_1660348800000_1786406400000.json","results/bybit_lifecycle_daily/CHZUSDT_1660348800000_1786406400000.json","105684","fd76d85c580fddcb41da417d7a1ea758661a254641c89be7936ee8487b1877b3","2026-08-12T14:36:58Z"
"results/bybit_lifecycle_daily/CIENUSDT_1782721808000_1786406400000.json","results/bybit_lifecycle_daily/CIENUSDT_1782721808000_1786406400000.json","2644","7f16548c6a6d523f76e91fe88790dc556cc90d4e6d8d7cf68537c1a94a7ed1a5","2026-08-12T14:36:57Z"
"results/bybit_lifecycle_daily/CIFRUSDT_1786098184000_1786406400000.json","results/bybit_lifecycle_daily/CIFRUSDT_1786098184000_1786406400000.json","248","8bcc4f73579921c32683b98377eaa514d2c27352d3247ea8281d7a8d8b8ad634","2026-08-12T14:36:57Z"
"results/bybit_lifecycle_daily/CKBUSDT_1660348800000_1786406400000.json","results/bybit_lifecycle_daily/CKBUSDT_1660348800000_1786406400000.json","111973","c2ea427af80841c43d21d98bf74292a2f317c632e0ff6776d72e23f22c386165","2026-08-12T14:36:58Z"
"results/bybit_lifecycle_daily/CLANKERUSDT_1745835370000_1786406400000.json","results/bybit_lifecycle_daily/CLANKERUSDT_1745835370000_1786406400000.json","29594","ea08b875f09cc763d1b6a9c5dfb6a15f7c7906ef0ac9e2b313513fb3aed361f3","2026-08-12T14:36:57Z"
"results/bybit_lifecycle_daily/CLOUDUSDT_1721381288000_1778230800000.json","results/bybit_lifecycle_daily/CLOUDUSDT_1721381288000_1778230800000.json","45633","0b9824765dfa692dd83af69fbfec82eb037ccbfbba93c3ba434bfc73b09f89f2","2026-08-12T14:36:58Z"
"results/bybit_lifecycle_daily/CLOUSDT_1760701337000_1786406400000.json","results/bybit_lifecycle_daily/CLOUSDT_1760701337000_1786406400000.json","20912","9dc403704fbd80672bea4e3562167c705948baf4a23df1dc47f4ab8e32df5838","2026-08-12T14:36:58Z"
"results/bybit_lifecycle_daily/CLSKUSDT_1785837875000_1786406400000.json","results/bybit_lifecycle_daily/CLSKUSDT_1785837875000_1786406400000.json","413","5fa3cf39a52d592cc8eb70d329c597edb50bdd5491dff12d1f12a7c3cd1e4a14","2026-08-12T14:36:58Z"
"results/bybit_lifecycle_daily/CLUSDT_1774338320000_1786406400000.json","results/bybit_lifecycle_daily/CLUSDT_1774338320000_1786406400000.json","9142","2834a78b56da174138bdd060ee2400d852c44b1f9786933249acbb71ededadf1","2026-08-12T14:36:58Z"
"results/bybit_lifecycle_daily/COAIUSDT_1759394107000_1786406400000.json","results/bybit_lifecycle_daily/COAIUSDT_1759394107000_1786406400000.json","20836","fbc53fe16e3252ecd77f85586b6ab1c012f47c092fc993a2b28487fa5799140c","2026-08-12T14:36:58Z"
"results/bybit_lifecycle_daily/COCOSUSDT_1676883506000_1685113200000.json","results/bybit_lifecycle_daily/COCOSUSDT_1676883506000_1685113200000.json","6290","c2548a4662fcb36ec467d4b5cc5b8f87c7556e9da212983b5d285dd74661361e","2026-08-12T14:36:58Z"
"results/bybit_lifecycle_daily/COHRUSDT_1781603709000_1786406400000.json","results/bybit_lifecycle_daily/COHRUSDT_1781603709000_1786406400000.json","3478","19175abd13989cfd3e9bbfbf676c76ac5ccf7850085a81500916f9a3feee7ca0","2026-08-12T14:36:58Z"
"results/bybit_lifecycle_daily/COINUSDT_1777450718000_1786406400000.json","results/bybit_lifecycle_daily/COINUSDT_1777450718000_1786406400000.json","6573","30e21c9f95a335105c72778b54f1aa4dbd92ea1a62200247f5c25783da455148","2026-08-12T14:36:58Z"
"results/bybit_lifecycle_daily/COMBOUSDT_1686210792000_1743066000000.json","results/bybit_lifecycle_daily/COMBOUSDT_1686210792000_1743066000000.json","43110","82910eaa1b86e854e84032ff6fafc0a7bfa6fda2f431e4413c61a74ec28fd000","2026-08-12T14:36:58Z"
"results/bybit_lifecycle_daily/COMMONUSDT_1761570547000_1770022800000.json","results/bybit_lifecycle_daily/COMMONUSDT_1761570547000_1770022800000.json","7621","3e7dd78d6a3aba26d775acc3667334fa7b50ca7feb376eb99277e79967f76ce3","2026-08-12T14:36:58Z"
"results/bybit_lifecycle_daily/COMPUSDT_1660348800000_1786406400000.json","results/bybit_lifecycle_daily/COMPUSDT_1660348800000_1786406400000.json","90240","5f79989e30430d45d8bbb23ec39a4c95d0d7c81ee21d544d160089422d8afbbb","2026-08-12T14:36:58Z"
"results/bybit_lifecycle_daily/COOKIEUSDT_1736235179000_1786406400000.json","results/bybit_lifecycle_daily/COOKIEUSDT_1736235179000_1786406400000.json","41403","146b8d04ec7769305212e434b544a6fa7adb4cb41504273bede27c720d231179","2026-08-12T14:36:58Z"
"results/bybit_lifecycle_daily/COOKUSDT_1733125644000_1774602000000.json","results/bybit_lifecycle_daily/COOKUSDT_1733125644000_1774602000000.json","35686","34ee44acb06eceb8596fe12338ccf2a89e9354a7cd02273b0b6ec3b0684bea2a","2026-08-12T14:36:58Z"
"results/bybit_lifecycle_daily/COREUSDT_1675927514000_1786406400000.json","results/bybit_lifecycle_daily/COREUSDT_1675927514000_1786406400000.json","86776","ce209cf9367c0297eff884db51026bb34c8b5c248d1a106594e88ee95d0fa9df","2026-08-12T14:36:59Z"
"results/bybit_lifecycle_daily/COSTUSDT_1783500299000_1786406400000.json","results/bybit_lifecycle_daily/COSTUSDT_1783500299000_1786406400000.json","2037","3158bb2e2d39819526c6f3bf42d3fa4677c24f5c6b55c979d9da0843370409bf","2026-08-12T14:36:58Z"
"results/bybit_lifecycle_daily/COSUSDT_1715245263000_1761469200000.json","results/bybit_lifecycle_daily/COSUSDT_1715245263000_1761469200000.json","40646","58c11d480cf28d5781123050f84ecc0c78738f3ed4a34f1e8f1e5f48243b5fb0","2026-08-12T14:36:59Z"
"results/bybit_lifecycle_daily/COTIUSDT_1660348800000_1786406400000.json","results/bybit_lifecycle_daily/COTIUSDT_1660348800000_1786406400000.json","105371","3ee3ddebadb0437c96c90783bf498da876a1e3d2468367d6d48c985e5afec584","2026-08-12T14:36:59Z"
"results/bybit_lifecycle_daily/COVALUSDT_1709879506000_1721815200000.json","results/bybit_lifecycle_daily/COVALUSDT_1709879506000_1721815200000.json","9813","ad33475a513721613ba387ef88128fb97631c7ad4cc52026ab3cf5f6285b30c5","2026-08-12T14:36:58Z"
"results/bybit_lifecycle_daily/COWUSDT_1731060401000_1786406400000.json","results/bybit_lifecycle_daily/COWUSDT_1731060401000_1786406400000.json","43554","65c0bea3d5e3e321a37bf0ddf1a25ab68e1eb0ded09203c15b94822b89404e05","2026-08-12T14:36:59Z"
"results/bybit_lifecycle_daily/CPOOLUSDT_1741248211000_1760778000000.json","results/bybit_lifecycle_daily/CPOOLUSDT_1741248211000_1760778000000.json","16132","6074cbde77c870ff777403162fe62e63d610355950c168df3b393483028ef401","2026-08-12T14:36:59Z"
"results/bybit_lifecycle_daily/CRCLUSDT_1778056166000_1786406400000.json","results/bybit_lifecycle_daily/CRCLUSDT_1778056166000_1786406400000.json","6017","ba9106c3980cf14c4d2d8065f8657c22b786af2f6eb1b8d25fbd99cff898097b","2026-08-12T14:36:59Z"
"results/bybit_lifecycle_daily/CRDOUSDT_1782202737000_1786406400000.json","results/bybit_lifecycle_daily/CRDOUSDT_1782202737000_1786406400000.json","3109","12cc8a36aa90c560aacff05046a7db36b949dff41c853aa130afab579fdd43ad","2026-08-12T14:36:59Z"
"results/bybit_lifecycle_daily/CREAMUSDT_1660348800000_1688115600000.json","results/bybit_lifecycle_daily/CREAMUSDT_1660348800000_1688115600000.json","20379","ccf04131646500684ad70add36c1df72b32e6b129d1cc1ca2d8f52ec7dda567a","2026-08-12T14:36:59Z"
"results/bybit_lifecycle_daily/CRMUSDT_1784799756000_1786406400000.json","results/bybit_lifecycle_daily/CRMUSDT_1784799756000_1786406400000.json","1177","8ed02d55af2995f1b472a1b71952dbfa1fbf464d18756621953413bc8273e86e","2026-08-12T14:36:59Z"
"results/bybit_lifecycle_daily/CROSSUSDT_1752145300000_1786406400000.json","results/bybit_lifecycle_daily/CROSSUSDT_1752145300000_1786406400000.json","27963","36e604a85cee7bc0f16df439dcfc5bd8e1bf77b9461cc4e2eba40e90cd1a1b31","2026-08-12T14:36:59Z"
"results/bybit_lifecycle_daily/CROUSDT_1660348800000_1786406400000.json","results/bybit_lifecycle_daily/CROUSDT_1660348800000_1786406400000.json","103886","91e909b30f59259ffcfda8a9e73d029a80bf23eb78fc1a2511d07ec8883ea9cc","2026-08-12T14:36:59Z"
"results/bybit_lifecycle_daily/CRVUSDT_1660348800000_1786406400000.json","results/bybit_lifecycle_daily/CRVUSDT_1660348800000_1786406400000.json","99018","c5bd6812826b3e3446265708db16bb0f0c3e71a7047dfb4408685ce9753469a1","2026-08-12T14:36:59Z"
"results/bybit_lifecycle_daily/CRWDUSDT_1783065201000_1786406400000.json","results/bybit_lifecycle_daily/CRWDUSDT_1783065201000_1786406400000.json","2400","94d1e84dab59300e00f1311e90ea86705d79bcb6e7887d66e01d3c3d4f116ffc","2026-08-12T14:36:59Z"
"results/bybit_lifecycle_daily/CRWVUSDT_1778574111000_1786406400000.json","results/bybit_lifecycle_daily/CRWVUSDT_1778574111000_1786406400000.json","5548","aae7f64edc1a5ec18a7f4cb6e9100b3916d4ba463db3a55b327725352de0d1fc","2026-08-12T14:36:59Z"
"results/bybit_lifecycle_daily/CSCOUSDT_1779263175000_1786406400000.json","results/bybit_lifecycle_daily/CSCOUSDT_1779263175000_1786406400000.json","5083","02a6a42c04f708342aab7452d13a233f692b3de280a028b3bba6ce9eb2dc486e","2026-08-12T14:36:59Z"
"results/bybit_lifecycle_daily/CTCUSDT_1660348800000_1786406400000.json","results/bybit_lifecycle_daily/CTCUSDT_1660348800000_1786406400000.json","99485","ed01d1497bcb4f52fa64496100ebf31812bb64e6fffb19cc21e8caa2af5687a5","2026-08-12T14:36:59Z"
"results/bybit_lifecycle_daily/CTKUSDT_1660348800000_1776852000000.json","results/bybit_lifecycle_daily/CTKUSDT_1660348800000_1776852000000.json","89021","eb8c7766a93c206a272938031afa903d39016e10d690b8f98df450ab579c7bb8","2026-08-12T14:37:00Z"
"results/bybit_lifecycle_daily/CTRUSDT_1780993713000_1786406400000.json","results/bybit_lifecycle_daily/CTRUSDT_1780993713000_1786406400000.json","4660","77a9ac1b219be63b12c62c92aac0420cc7ba2cd7761fa5bb3201a2772d0fef26","2026-08-12T14:36:59Z"
"results/bybit_lifecycle_daily/CTSIUSDT_1660348800000_1773910800000.json","results/bybit_lifecycle_daily/CTSIUSDT_1660348800000_1773910800000.json","92877","85ba7b24fb844f665218019d4ebee9e364a30c10d3b80ae3bc9eee3e1e7a6e5e","2026-08-12T14:37:00Z"
"results/bybit_lifecycle_daily/CUDISUSDT_1749717315000_1770800400000.json","results/bybit_lifecycle_daily/CUDISUSDT_1749717315000_1770800400000.json","17326","5c1fea7c89bd6e3dc78b4ffdc615295d42144b66861ed64b6b2414f00231e3ca","2026-08-12T14:37:00Z"
"results/bybit_lifecycle_daily/CUSDT_1752574968000_1786406400000.json","results/bybit_lifecycle_daily/CUSDT_1752574968000_1786406400000.json","27853","8156434164779a9e5914ad8bde90af9a66333b8f0de88fbba56e6dab101346a9","2026-08-12T14:37:00Z"
"results/bybit_lifecycle_daily/CVCUSDT_1660348800000_1786406400000.json","results/bybit_lifecycle_daily/CVCUSDT_1660348800000_1786406400000.json","103706","490503da53e69216cb0700add3ef86c2a55bc999a78f984294346033a7af2ff6","2026-08-12T14:37:00Z"
"results/bybit_lifecycle_daily/CVXUSDT_1660348800000_1786406400000.json","results/bybit_lifecycle_daily/CVXUSDT_1660348800000_1786406400000.json","91955","12bbbeabca4f3908577fbca4a7fd470648ce2c5e43d0ada1d34a5e1b571cd5ea","2026-08-12T14:37:00Z"
"results/bybit_lifecycle_daily/CXMTUSDT_1785140018000_1786406400000.json","results/bybit_lifecycle_daily/CXMTUSDT_1785140018000_1786406400000.json","920","09c680426a97770b07dfe1875f3a704062829dfcbf25c0271224098b44e89a50","2026-08-12T14:37:00Z"
"results/bybit_lifecycle_daily/CYBERUSDT_1692124015000_1786406400000.json","results/bybit_lifecycle_daily/CYBERUSDT_1692124015000_1786406400000.json","69836","10ee2d23a6bcc5487474d766cabd161bf963832585e856baafdbbc0be6beec77","2026-08-12T14:37:00Z"
"results/bybit_lifecycle_daily/CYSUSDT_1765537544000_1786406400000.json","results/bybit_lifecycle_daily/CYSUSDT_1765537544000_1786406400000.json","16037","a706114995d40656d399d6bd7c2de78d73347b73c506fb0bcd1f67ecbc9f6ac7","2026-08-12T14:37:00Z"
"results/bybit_lifecycle_daily/DAMUSDT_1755521321000_1768035600000.json","results/bybit_lifecycle_daily/DAMUSDT_1755521321000_1768035600000.json","10499","0fb9aca126741d1c2516e715022cfcd0adb5bd6cbcbfd6fed9d0e8bd275a2793","2026-08-12T14:37:00Z"
"results/bybit_lifecycle_daily/DAOUSDT_1711507811000_1727172000000.json","results/bybit_lifecycle_daily/DAOUSDT_1711507811000_1727172000000.json","11933","22de418803e0cb8fab5c995287bba13d1fe6bf0a1ba1e54cb86119ef794a3d1a","2026-08-12T14:37:00Z"
"results/bybit_lifecycle_daily/DARKUSDT_1745595290000_1751360400000.json","results/bybit_lifecycle_daily/DARKUSDT_1745595290000_1751360400000.json","4792","ce9900de99222fae0fe77920e0141b595d7507c41becfaa0ac982d339a8f3bd4","2026-08-12T14:37:00Z"
"results/bybit_lifecycle_daily/DARUSDT_1660348800000_1736132400000.json","results/bybit_lifecycle_daily/DARUSDT_1660348800000_1736132400000.json","57998","e1586ff0d49a52ad64d99ea330cf5ea0b991bfa9cfe5fd4d24d92c508ce2427d","2026-08-12T14:37:01Z"
"results/bybit_lifecycle_daily/DASHUSDT_1660348800000_1786406400000.json","results/bybit_lifecycle_daily/DASHUSDT_1660348800000_1786406400000.json","88917","2f87825e0cee9f03aeed108ed355045182d80890bf842d7ba17354a34eaa0d2f","2026-08-12T14:37:01Z"
"results/bybit_lifecycle_daily/DATAOLD01USDT_1781607686000_1781610000000.json","results/bybit_lifecycle_daily/DATAOLD01USDT_1781607686000_1781610000000.json","2","4f53cda18c2baa0c0354bb5f9a3ecbe5ed12ab4d8e11ba873c2f11161202b945","2026-08-12T14:37:00Z"
"results/bybit_lifecycle_daily/DATAUSDT_1782815431000_1786406400000.json","results/bybit_lifecycle_daily/DATAUSDT_1782815431000_1786406400000.json","2231","2ed26a4a59a91534e65506390eaaa23631b952f3f7adbbde71db385fcad5dcc1","2026-08-12T14:37:00Z"
"results/bybit_lifecycle_daily/DBRUSDT_1729161730000_1786406400000.json","results/bybit_lifecycle_daily/DBRUSDT_1729161730000_1786406400000.json","47869","f0118cad8f163db7541aef9e154401839e84b56096c47aca30a928b8f037f803","2026-08-12T14:37:00Z"
"results/bybit_lifecycle_daily/DEEPUSDT_1729165754000_1786406400000.json","results/bybit_lifecycle_daily/DEEPUSDT_1729165754000_1786406400000.json","47615","050474a14c8da052205d187c0cac5ea0ad1dbb80f234c994d1dc02c8f7cd6374","2026-08-12T14:37:00Z"
"results/bybit_lifecycle_daily/DEGENUSDT_1711971483000_1778752800000.json","results/bybit_lifecycle_daily/DEGENUSDT_1711971483000_1778752800000.json","59707","b148556497d369089132079fb75a9d0cccbf9f8e10738c729fa6bb460e60a6d9","2026-08-12T14:37:01Z"
"results/bybit_lifecycle_daily/DELLUSDT_1780387603000_1786406400000.json","results/bybit_lifecycle_daily/DELLUSDT_1780387603000_1786406400000.json","4423","4a662294f635452155769fe8f3805837e6f79473f7f30826cfd8576a02748abb","2026-08-12T14:37:01Z"
"results/bybit_lifecycle_daily/DENTUSDT_1660348800000_1770368400000.json","results/bybit_lifecycle_daily/DENTUSDT_1660348800000_1770368400000.json","100532","0aca7e4bfd4e8e47e25b0c38e2e7375fb79c0c32270487bbcd971a9b3d02159e","2026-08-12T14:37:01Z"
"results/bybit_lifecycle_daily/DEXEUSDT_1721898539000_1786406400000.json","results/bybit_lifecycle_daily/DEXEUSDT_1721898539000_1786406400000.json","46811","519106547a6d55725f251af40fd2d034bf3c5d90e50c86109b56f8dca72ef9a8","2026-08-12T14:37:01Z"
"results/bybit_lifecycle_daily/DGBUSDT_1660348800000_1772190000000.json","results/bybit_lifecycle_daily/DGBUSDT_1660348800000_1772190000000.json","95911","b3db70059726024712b4fc07aac1f9f2da06cee5d7eb179f02e3ef1af0a15d8a","2026-08-12T14:37:01Z"
"results/bybit_lifecycle_daily/DIAUSDT_1753256933000_1786406400000.json","results/bybit_lifecycle_daily/DIAUSDT_1753256933000_1786406400000.json","25650","55f5a9316801e72d911ec7ae35ebefc746b75fa9efbd0463a5cc18e62f3def9c","2026-08-12T14:37:01Z"
"results/bybit_lifecycle_daily/DKNGUSDT_1784538352000_1786406400000.json","results/bybit_lifecycle_daily/DKNGUSDT_1784538352000_1786406400000.json","1296","e9485855b5b3f0b868feaac653109abff02916373d05b20491499ae62e542e30","2026-08-12T14:37:01Z"
"results/bybit_lifecycle_daily/DMCUSDT_1751539595000_1761057000000.json","results/bybit_lifecycle_daily/DMCUSDT_1751539595000_1761057000000.json","8888","e59d7f90c92844a074ecb67ea75049720b7e82668d8b26467431126acb56a0a4","2026-08-12T14:37:01Z"
"results/bybit_lifecycle_daily/DODOUSDT_1660348800000_1772787600000.json","results/bybit_lifecycle_daily/DODOUSDT_1660348800000_1772787600000.json","91760","e65dad413ce3f2911a2b9848045c62c2354d45e8b2bf7e0817dffd39f94e98c2","2026-08-12T14:37:01Z"
"results/bybit_lifecycle_daily/DOGEUSDT_1660348800000_1786406400000.json","results/bybit_lifecycle_daily/DOGEUSDT_1660348800000_1786406400000.json","110238","efa491dc38423042865eb76a43df7d31855fce57ac13273d89c21dd53c00099c","2026-08-12T14:37:01Z"
"results/bybit_lifecycle_daily/DOGSUSDT_1724674595000_1761296400000.json","results/bybit_lifecycle_daily/DOGSUSDT_1724674595000_1761296400000.json","35439","ae792ec6b9445602daa72d7ddfc044fa4a798de341e0c03c4a0efdbd22cf32a6","2026-08-12T14:37:01Z"
"results/bybit_lifecycle_daily/DOGUSDT_1717495120000_1779958800000.json","results/bybit_lifecycle_daily/DOGUSDT_1717495120000_1779958800000.json","56407","adbe00af17d075947b76aecfd3714ec78e0290e815d978183488f6eaecd17569","2026-08-12T14:37:01Z"
"results/bybit_lifecycle_daily/DOLOUSDT_1753692850000_1786406400000.json","results/bybit_lifecycle_daily/DOLOUSDT_1753692850000_1786406400000.json","27004","4b57aa2e2661c12d6ef619f6e77cf6e95ce050a12ab2fdffd1e971d9006106c9","2026-08-12T14:37:01Z"
"results/bybit_lifecycle_daily/DOODUSDT_1746796833000_1786406400000.json","results/bybit_lifecycle_daily/DOODUSDT_1746796833000_1786406400000.json","35426","080b6220817a48bd2005f392ba52638c44972678336ddbbd294c70abc7f945a9","2026-08-12T14:37:01Z"
"results/bybit_lifecycle_daily/DOP1USDT_1720603161000_1738227600000.json","results/bybit_lifecycle_daily/DOP1USDT_1720603161000_1738227600000.json","15935","09ce6373775579af43339f8714c1e6b22a45d052ee6f0df72d7755977fd8bcd4","2026-08-12T14:37:01Z"
"results/bybit_lifecycle_daily/DOTUSDT_1660348800000_1786406400000.json","results/bybit_lifecycle_daily/DOTUSDT_1660348800000_1786406400000.json","95459","7de557c00939f6bcb0e1cfec054c85a7f79ee86681267dadae7c976d720b4ef2","2026-08-12T14:37:02Z"
"results/bybit_lifecycle_daily/DRAMUSDT_1779178914000_1786406400000.json","results/bybit_lifecycle_daily/DRAMUSDT_1779178914000_1786406400000.json","5244","2e497847dd493aeeb1bd6dec638149b832c8a6b84741b0b4330721ddec7c17d0","2026-08-12T14:37:02Z"
"results/bybit_lifecycle_daily/DRIFTUSDT_1716283968000_1786406400000.json","results/bybit_lifecycle_daily/DRIFTUSDT_1716283968000_1786406400000.json","55766","60fb08e15ab8b0c373c38318704eec535c169a1f2a1bcbbaba4f8d4cbd54d493","2026-08-12T14:37:02Z"
"results/bybit_lifecycle_daily/DUCKUSDT_1737022888000_1760432400000.json","results/bybit_lifecycle_daily/DUCKUSDT_1737022888000_1760432400000.json","20863","f73d73fb5906ccb9dc8382ace2caeec7339163ec93bb96834cf8e0c51669c858","2026-08-12T14:37:02Z"
"results/bybit_lifecycle_daily/DUSKUSDT_1660348800000_1786406400000.json","results/bybit_lifecycle_daily/DUSKUSDT_1660348800000_1786406400000.json","102913","efe7bd1feb25f0093e4fdf70a32645ece5d534f528f20ec1ed737d8217a2e0c1","2026-08-12T14:37:02Z"
"results/bybit_lifecycle_daily/DYDXUSDT_1660348800000_1786406400000.json","results/bybit_lifecycle_daily/DYDXUSDT_1660348800000_1786406400000.json","96411","154432c3d24348e123821a8a94a8aa439b17db62254705ba4041c93e9d22b190","2026-08-12T14:37:02Z"
"results/bybit_lifecycle_daily/DYMUSDT_1707273410000_1786406400000.json","results/bybit_lifecycle_daily/DYMUSDT_1707273410000_1786406400000.json","61677","f3fdb34881ab7d5184313a91272d41f97ecb141059e44308f14f6db6e8d543a0","2026-08-12T14:37:02Z"
"results/bybit_lifecycle_daily/EBAYUSDT_1786098422000_1786406400000.json","results/bybit_lifecycle_daily/EBAYUSDT_1786098422000_1786406400000.json","250","ec3ddbfdbcfb3afad920d8320638e364c4bbfd72708eb3e58f42b57b3751cb91","2026-08-12T14:37:02Z"
"results/bybit_lifecycle_daily/EDENUSDT_1759232604000_1786406400000.json","results/bybit_lifecycle_daily/EDENUSDT_1759232604000_1786406400000.json","22281","02c3367c04860336d64025810a9b56c7ccce8f2494939afa98d2809ff5731b71","2026-08-12T14:37:02Z"
"results/bybit_lifecycle_daily/EDGEUSDT_1773977854000_1786406400000.json","results/bybit_lifecycle_daily/EDGEUSDT_1773977854000_1786406400000.json","9593","03d30740ce290bf6a3224da28de5c500f18f198aea91200c0942f02ee10f032b","2026-08-12T14:37:02Z"
"results/bybit_lifecycle_daily/EDUUSDT_1683273334000_1786406400000.json","results/bybit_lifecycle_daily/EDUUSDT_1683273334000_1786406400000.json","81244","f481f849c025e94ff08bfcab4d89407fae5432df595f00b38066c5f48a22875c","2026-08-12T14:37:03Z"
"results/bybit_lifecycle_daily/EGLDUSDT_1660348800000_1786406400000.json","results/bybit_lifecycle_daily/EGLDUSDT_1660348800000_1786406400000.json","89958","b7ecac8c9fc8a536f559e1e10b8a6e3f5d1858cdaca3acf8e162f5bf6dbd52c9","2026-08-12T14:37:03Z"
"results/bybit_lifecycle_daily/EIGENUSDT_1722915813000_1786406400000.json","results/bybit_lifecycle_daily/EIGENUSDT_1722915813000_1786406400000.json","50350","fafcede814da35bced1811ede83b0cef605150f61d75f86af6e74fbd23d6ef41","2026-08-12T14:37:02Z"
"results/bybit_lifecycle_daily/ELSAUSDT_1769066535000_1786406400000.json","results/bybit_lifecycle_daily/ELSAUSDT_1769066535000_1786406400000.json","14386","d91c22ac4dc162be30a0b66782dafe22ab1e49d1474583a46d1f701a3c689b2a","2026-08-12T14:37:02Z"
"results/bybit_lifecycle_daily/ELXUSDT_1741763140000_1764838800000.json","results/bybit_lifecycle_daily/ELXUSDT_1741763140000_1764838800000.json","18046","f73d2f21623eb55942710f0d8a00cd4ca0966cac65811303c735e693dbf58b6d","2026-08-12T14:37:03Z"
"results/bybit_lifecycle_daily/ENAUSDT_1712050966000_1786406400000.json","results/bybit_lifecycle_daily/ENAUSDT_1712050966000_1786406400000.json","61057","715b80794f34be696c40a6eb8a1f4a70d2a9654ceccafae363d4fef03dfebc43","2026-08-12T14:37:02Z"
"results/bybit_lifecycle_daily/ENJUSDT_1660348800000_1786406400000.json","results/bybit_lifecycle_daily/ENJUSDT_1660348800000_1786406400000.json","101419","82bb636b9df39f93778dce769d61175a0873e8238f4497e027e9745629453996","2026-08-12T14:37:03Z"
"results/bybit_lifecycle_daily/ENSOUSDT_1760433661000_1786406400000.json","results/bybit_lifecycle_daily/ENSOUSDT_1760433661000_1786406400000.json","20175","0bdae0c7c1462ca4b422c15869d5065e9d11923afe4cf5a4a10dc7f81072931d","2026-08-12T14:37:03Z"
"results/bybit_lifecycle_daily/ENSUSDT_1660348800000_1786406400000.json","results/bybit_lifecycle_daily/ENSUSDT_1660348800000_1786406400000.json","92463","c8ce3b884b5c1d144534997e7cde186183aa4359a564e2497703081299f441fa","2026-08-12T14:37:03Z"
"results/bybit_lifecycle_daily/EOSUSDT_1660348800000_1747818000000.json","results/bybit_lifecycle_daily/EOSUSDT_1660348800000_1747818000000.json","67707","a9bc2d16bda6764aebcde67a6d0f993b3e42e1aa241d32eb627f2b79beda34e1","2026-08-12T14:37:03Z"
"results/bybit_lifecycle_daily/EPICUSDT_1741940281000_1786406400000.json","results/bybit_lifecycle_daily/EPICUSDT_1741940281000_1786406400000.json","33808","e2de1ca7391b8bfca915b5e07844be8869c55ff8403dbcd1cce1944901668e53","2026-08-12T14:37:03Z"
"results/bybit_lifecycle_daily/EPTUSDT_1745238159000_1769763600000.json","results/bybit_lifecycle_daily/EPTUSDT_1745238159000_1769763600000.json","21761","50ffd14508ce50c72edf4b45ac90fb07a70e9b9bddf8c0831a6e3e505b4ddb11","2026-08-12T14:37:03Z"
"results/bybit_lifecycle_daily/ERAUSDT_1752767182000_1786406400000.json","results/bybit_lifecycle_daily/ERAUSDT_1752767182000_1786406400000.json","26837","3460b8e9bf290abe9dfc0ca9c1a763a85144405c23fd2809f7f0293fd1ba8080","2026-08-12T14:37:03Z"
"results/bybit_lifecycle_daily/ESPORTSUSDT_1753783524000_1786406400000.json","results/bybit_lifecycle_daily/ESPORTSUSDT_1753783524000_1786406400000.json","27201","73528f61c69b894cb33ab38ddc1b842f422c308e200a97cb8e07aee3a9f4d2e0","2026-08-12T14:37:03Z"
"results/bybit_lifecycle_daily/ESPUSDT_1770715786000_1786406400000.json","results/bybit_lifecycle_daily/ESPUSDT_1770715786000_1786406400000.json","12926","44395a2fc79216eadbc5876627bd4009dd73445e324fa712706c0a1417d84ec2","2026-08-12T14:37:03Z"
"results/bybit_lifecycle_daily/ESUSDT_1752661653000_1783674000000.json","results/bybit_lifecycle_daily/ESUSDT_1752661653000_1783674000000.json","24728","557ce187f36f23c55a76b5cdf9355a7df2a2e62cb687a0c6cb1e30d2d622bec7","2026-08-12T14:37:03Z"
"results/bybit_lifecycle_daily/ETCUSDT_1660348800000_1786406400000.json","results/bybit_lifecycle_daily/ETCUSDT_1660348800000_1786406400000.json","95495","4e4045d6be4ac30e1cf1051aa693e3d0830c4fd6449872bec482b21c7a6c9f64","2026-08-12T14:37:04Z"
"results/bybit_lifecycle_daily/ETHBTCUSDT_1717749178000_1786406400000.json","results/bybit_lifecycle_daily/ETHBTCUSDT_1717749178000_1786406400000.json","60240","b6b4ceceb3de5ee6b8b23db5905151ed400ff928b0a21fc5f50786d474fcb9db","2026-08-12T14:37:04Z"
"results/bybit_lifecycle_daily/ETHFIUSDT_1710767803000_1786406400000.json","results/bybit_lifecycle_daily/ETHFIUSDT_1710767803000_1786406400000.json","59046","a2adcb376fa287d5a0a1dae7687f9589d0b6a720384757a14c89aa081170fbc3","2026-08-12T14:37:04Z"
"results/bybit_lifecycle_daily/ETHUSDT_1660348800000_1786406400000.json","results/bybit_lifecycle_daily/ETHUSDT_1660348800000_1786406400000.json","106900","bdb53a779224bc3c6295a8c8936f8ca49a50819d4c0d9aebbea81fed0e835642","2026-08-12T14:37:04Z"
"results/bybit_lifecycle_daily/ETHWUSDT_1663286400000_1763715600000.json","results/bybit_lifecycle_daily/ETHWUSDT_1663286400000_1763715600000.json","73647","97ff983b20da3af86ebc156260232d3ee508f7eae68bab1c9a37ead4a46649ac","2026-08-12T14:37:04Z"
"results/bybit_lifecycle_daily/EULUSDT_1760430633000_1786406400000.json","results/bybit_lifecycle_daily/EULUSDT_1760430633000_1786406400000.json","19255","e63e0e062e8fa477333f5b35725c0dcd6b3875623ae8a4f9111faaa711f6b227","2026-08-12T14:37:04Z"
"results/bybit_lifecycle_daily/EVAAUSDT_1760701166000_1786406400000.json","results/bybit_lifecycle_daily/EVAAUSDT_1760701166000_1786406400000.json","19644","bd201bbfa6e3ed21d579c636bc33e26f08dfdaa0ca3eb3e5a1fc06e14cb72be2","2026-08-12T14:37:04Z"
"results/bybit_lifecycle_daily/EWJUSDT_1778142464000_1786406400000.json","results/bybit_lifecycle_daily/EWJUSDT_1778142464000_1786406400000.json","5517","a0cc7a0435cca8c85940c058614981f3989e6d703285a032623587a6d8f5985f","2026-08-12T14:37:04Z"
"results/bybit_lifecycle_daily/EWTUSDT_1780563286000_1786406400000.json","results/bybit_lifecycle_daily/EWTUSDT_1780563286000_1786406400000.json","4108","fdf73c995e549bf77abc20d06056b088b6caa59a2cef31d89175cd968f16bcac","2026-08-12T14:37:04Z"
"results/bybit_lifecycle_daily/EWYUSDT_1778142224000_1786406400000.json","results/bybit_lifecycle_daily/EWYUSDT_1778142224000_1786406400000.json","6258","1cff23c6ca4d543db1efc370a954a581422a5a53019a5e72bfc4210f8a5cf66f","2026-08-12T14:37:04Z"
"results/bybit_lifecycle_daily/FARTCOINUSDT_1734683847000_1786406400000.json","results/bybit_lifecycle_daily/FARTCOINUSDT_1734683847000_1786406400000.json","42915","2525c44f8ec7e7e09d48376556e1fe58b5390f5d0e6b1bc5e2f750b4b373df30","2026-08-12T14:37:04Z"
"results/bybit_lifecycle_daily/FBUSDT_1727254932000_1756890000000.json","results/bybit_lifecycle_daily/FBUSDT_1727254932000_1756890000000.json","21518","bf9e748edb4f43b15aaeeca0d573266bcc39712ebbc1f8fa3fd267c484cf5237","2026-08-12T14:37:04Z"
"results/bybit_lifecycle_daily/FDUSDUSDT_1723802609000_1739959200000.json","results/bybit_lifecycle_daily/FDUSDUSDT_1723802609000_1739959200000.json","11779","db7767632be657b5c643a17b4d2561daa53e74200ee7a55003e9c772fb1072f3","2026-08-12T14:37:04Z"
"results/bybit_lifecycle_daily/FETUSDT_1675759851000_1717754400000.json","results/bybit_lifecycle_daily/FETUSDT_1675759851000_1717754400000.json","34212","38a3d0f8736be33a871e976c1796c4a298135890b0b4400abafe765e2b6009d2","2026-08-12T14:37:04Z"
"results/bybit_lifecycle_daily/FFUSDT_1759155773000_1786406400000.json","results/bybit_lifecycle_daily/FFUSDT_1759155773000_1786406400000.json","22512","f47dadd66f7a934857767fa9dd4fdbfcb42663ba44f9c9b8a6b8753b82703c13","2026-08-12T14:37:04Z"
"results/bybit_lifecycle_daily/FHEUSDT_1767771601000_1786406400000.json","results/bybit_lifecycle_daily/FHEUSDT_1767771601000_1786406400000.json","15602","28fe5a5509f7f560db90ed474fd7128db570ea2e2981618412c84eb9c1e69751","2026-08-12T14:37:04Z"
"results/bybit_lifecycle_daily/FIDAUSDT_1727254994000_1786406400000.json","results/bybit_lifecycle_daily/FIDAUSDT_1727254994000_1786406400000.json","48959","2654f4ee39cca991613fb8f8dd856dd6950bb055c01efad20ffc96d7ee47790d","2026-08-12T14:37:04Z"
"results/bybit_lifecycle_daily/FIGHTUSDT_1769168536000_1786406400000.json","results/bybit_lifecycle_daily/FIGHTUSDT_1769168536000_1786406400000.json","15329","27c242e86035a2a5ddb27885f7257b8019863682997084efe5a8b865b0279c07","2026-08-12T14:37:04Z"
"results/bybit_lifecycle_daily/FILUSDT_1660348800000_1786406400000.json","results/bybit_lifecycle_daily/FILUSDT_1660348800000_1786406400000.json","92771","5b2e9593b34b6230443bffb79fe6e5fa2cfaed9a4711d820ddd97f825ee2697a","2026-08-12T14:37:05Z"
"results/bybit_lifecycle_daily/FIOUSDT_1727330785000_1777539600000.json","results/bybit_lifecycle_daily/FIOUSDT_1727330785000_1777539600000.json","41518","7461f3856ac5b36789a9bbea363fe46b3076ed93aa0478cc12b7cfcde0930b97","2026-08-12T14:37:04Z"
"results/bybit_lifecycle_daily/FIREUSDT_1715243965000_1742288400000.json","results/bybit_lifecycle_daily/FIREUSDT_1715243965000_1742288400000.json","20902","2b92f430369d53c214d7dc811538411758bd16d2dc8adc47d605532463ac85d8","2026-08-12T14:37:04Z"
"results/bybit_lifecycle_daily/FISUSDT_1753692741000_1761055200000.json","results/bybit_lifecycle_daily/FISUSDT_1753692741000_1761055200000.json","6013","579870e17dcee67d1ce71c129a7ec5372cd16e5616139d0f3bbdb6f2ca5f35a5","2026-08-12T14:37:04Z"
"results/bybit_lifecycle_daily/FITFIUSDT_1660348800000_1730800800000.json","results/bybit_lifecycle_daily/FITFIUSDT_1660348800000_1730800800000.json","61471","22c501b88ce7fa6030c8fae35b96637f9c49f9e319b510c1b49ffec0c0701869","2026-08-12T14:37:05Z"
"results/bybit_lifecycle_daily/FLEXUSDT_1783065302000_1786406400000.json","results/bybit_lifecycle_daily/FLEXUSDT_1783065302000_1786406400000.json","2405","5a2af94b8467384b87286e10d0020cda1b003dd5f54afca4ac7e03511b2b9cf1","2026-08-12T14:37:05Z"
"results/bybit_lifecycle_daily/FLMUSDT_1660348800000_1761987600000.json","results/bybit_lifecycle_daily/FLMUSDT_1660348800000_1761987600000.json","83918","06453cd365f299c6c8703b7988d8d770f9f6a00149c36ef1dad4cbf78546fc27","2026-08-12T14:37:05Z"
"results/bybit_lifecycle_daily/FLNCUSDT_1781603229000_1786406400000.json","results/bybit_lifecycle_daily/FLNCUSDT_1781603229000_1786406400000.json","3302","f84c5dcc44e3b94a1ef4e20e166e01a4f3b84d1e564d2ea2967ec4989cc917df","2026-08-12T14:37:05Z"
"results/bybit_lifecycle_daily/FLOCKUSDT_1736412607000_1786406400000.json","results/bybit_lifecycle_daily/FLOCKUSDT_1736412607000_1786406400000.json","41527","f61141b758c07fc3bd32c55782056516b9d47e5b6905a64b36e8cbe216822373","2026-08-12T14:37:05Z"
"results/bybit_lifecycle_daily/FLOWUSDT_1660348800000_1786406400000.json","results/bybit_lifecycle_daily/FLOWUSDT_1660348800000_1786406400000.json","98366","5ee0031345b10b687a42f41d057ac57cb6608e9278a66115c99e4dc43e79be56","2026-08-12T14:37:05Z"
"results/bybit_lifecycle_daily/FLRUSDT_1678953508000_1786406400000.json","results/bybit_lifecycle_daily/FLRUSDT_1678953508000_1786406400000.json","89626","e278d91174a707e00150350f88fc76334501e8ed5516110147b3d3ace50ebb3b","2026-08-12T14:37:05Z"
"results/bybit_lifecycle_daily/FLUIDUSDT_1758714467000_1786406400000.json","results/bybit_lifecycle_daily/FLUIDUSDT_1758714467000_1786406400000.json","19841","6266e0ef08e1df35d6208a95d3f0d5bb40bc6cfe461edd85209fb394d43fcde1","2026-08-12T14:37:05Z"
"results/bybit_lifecycle_daily/FLUXUSDT_1725438663000_1786406400000.json","results/bybit_lifecycle_daily/FLUXUSDT_1725438663000_1786406400000.json","47445","dae3c5cf1e4e62d3848387885a1194e610f3103d4e57fc97af8180636e9ad218","2026-08-12T14:37:05Z"
"results/bybit_lifecycle_daily/FLYUSDT_1784538492000_1786406400000.json","results/bybit_lifecycle_daily/FLYUSDT_1784538492000_1786406400000.json","1320","e0ca03dbf75135c4e12db4db49cd55f2eb16cf7870a829534ee9ce254b9afdd8","2026-08-12T14:37:05Z"
"results/bybit_lifecycle_daily/FOGOUSDT_1768115669000_1786406400000.json","results/bybit_lifecycle_daily/FOGOUSDT_1768115669000_1786406400000.json","15189","afd583830ae0b8d0daf4e28249d10337a504db6b828c239828e7b1433a6841a7","2026-08-12T14:37:05Z"
"results/bybit_lifecycle_daily/FOLKSUSDT_1765278382000_1786406400000.json","results/bybit_lifecycle_daily/FOLKSUSDT_1765278382000_1786406400000.json","16459","85b9f99d6ce6bf712268d87147e1ffcdcf07d891753494bea40c3288abb6104d","2026-08-12T14:37:05Z"
"results/bybit_lifecycle_daily/FORMUSDT_1742378167000_1786406400000.json","results/bybit_lifecycle_daily/FORMUSDT_1742378167000_1786406400000.json","34326","7fcf45826ca388965f378834e4790985205379b23690e12ccf23d8055da67a2c","2026-08-12T14:37:05Z"
"results/bybit_lifecycle_daily/FORTHUSDT_1690868839000_1763114400000.json","results/bybit_lifecycle_daily/FORTHUSDT_1690868839000_1763114400000.json","54738","9c8fb29d0f1318cf4071389a91d95bd33db30c6fe4ca73a318af80b13b4739fc","2026-08-12T14:37:05Z"
"results/bybit_lifecycle_daily/FOXYUSDT_1712916605000_1747904400000.json","results/bybit_lifecycle_daily/FOXYUSDT_1712916605000_1747904400000.json","31409","01ed0e8268b2d9ee8cbc4355a65c4f169ccb9c1e1bbb74cfce7008896486d6ed","2026-08-12T14:37:06Z"
"results/bybit_lifecycle_daily/FRAGUSDT_1751361087000_1761057000000.json","results/bybit_lifecycle_daily/FRAGUSDT_1751361087000_1761057000000.json","8048","87437b8efe049a0474aa001e7d92f70ecf7be9174dc2e298693d7d92359cd8e0","2026-08-12T14:37:05Z"
"results/bybit_lifecycle_daily/FRONTUSDT_1695023419000_1724752800000.json","results/bybit_lifecycle_daily/FRONTUSDT_1695023419000_1724752800000.json","24159","55c42a5126aeaf98bddb1bd8af577162e44f83c228d6f3a0c9d5c2c6699e00c3","2026-08-12T14:37:05Z"
"results/bybit_lifecycle_daily/FTMUSDT_1660348800000_1736503200000.json","results/bybit_lifecycle_daily/FTMUSDT_1660348800000_1736503200000.json","60624","85f6f7170eb53c96a49eec2da00ae8ef9ce77a9d1ae48aeccc19106b3d2c0998","2026-08-12T14:37:06Z"
"results/bybit_lifecycle_daily/FTNUSDT_1715854342000_1750669200000.json","results/bybit_lifecycle_daily/FTNUSDT_1715854342000_1750669200000.json","26146","368ace19ed19b4d636f6c37fb6fa28584b1ab8997676cff1af71500a835fb1ae","2026-08-12T14:37:06Z"
"results/bybit_lifecycle_daily/FTTUSDT_1660348800000_1668340800000.json","results/bybit_lifecycle_daily/FTTUSDT_1660348800000_1668340800000.json","5558","e32151ca43aa74c2bbd9aad6fc0307b1ea4c9402da4fe9d065053189f4793039","2026-08-12T14:37:06Z"
"results/bybit_lifecycle_daily/FUELUSDT_1735630145000_1761469200000.json","results/bybit_lifecycle_daily/FUELUSDT_1735630145000_1761469200000.json","21489","aea025fcef0769abe8c7f8bc00a8ec182e517bd43c73ffb598d60078e94a4799","2026-08-12T14:37:06Z"
"results/bybit_lifecycle_daily/FUNUSDT_1702541853000_1731664800000.json","results/bybit_lifecycle_daily/FUNUSDT_1702541853000_1731664800000.json","25244","8f438461737e0bcc075524d60f539a90ace52953689b2ac4ca3e2b9ba08c6983","2026-08-12T14:37:06Z"
"results/bybit_lifecycle_daily/FUSDT_1733480292000_1786406400000.json","results/bybit_lifecycle_daily/FUSDT_1733480292000_1786406400000.json","46003","f824cc306425fa3e0453ce6fb008188ae116415b66ba0b6f5e0e1c46afa7cd35","2026-08-12T14:37:06Z"
"results/bybit_lifecycle_daily/FWDIUSDT_1784196063000_1786406400000.json","results/bybit_lifecycle_daily/FWDIUSDT_1784196063000_1786406400000.json","1563","abd4982adbf425a0a4d21279fef72c8c0dea2a4203eba70585dae7cbc05601d1","2026-08-12T14:37:06Z"
"results/bybit_lifecycle_daily/FWOGUSDT_1731402187000_1769245200000.json","results/bybit_lifecycle_daily/FWOGUSDT_1731402187000_1769245200000.json","32115","a733282c7b7fa43e1d5f43f1ea8f8e0ef1e50cba27039edbe427d38ef87448e9","2026-08-12T14:37:06Z"
"results/bybit_lifecycle_daily/FXSUSDT_1660348800000_1767344400000.json","results/bybit_lifecycle_daily/FXSUSDT_1660348800000_1767344400000.json","81563","67f9a75372b6acc090014c7328543071d7485bbb3fee20aff2dbc27694b35882","2026-08-12T14:37:07Z"
"results/bybit_lifecycle_daily/GALAUSDT_1660348800000_1786406400000.json","results/bybit_lifecycle_daily/GALAUSDT_1660348800000_1786406400000.json","111304","622e03a44941d30f2f350533dde76492cf451719c8469750a329cf201fa1f666","2026-08-12T14:37:06Z"
"results/bybit_lifecycle_daily/GALUSDT_1660348800000_1721642400000.json","results/bybit_lifecycle_daily/GALUSDT_1660348800000_1721642400000.json","47303","1a4fa962799d2360cb023bdd75a6e748c17f6d13f141a897b42545a0715582e9","2026-08-12T14:37:06Z"
"results/bybit_lifecycle_daily/GASUSDT_1698044952000_1786406400000.json","results/bybit_lifecycle_daily/GASUSDT_1698044952000_1786406400000.json","64112","c1dbb81807791578fe7d34401819b65d099ebd099d5dbe3d5f0fa4f912fb9f10","2026-08-12T14:37:06Z"
"results/bybit_lifecycle_daily/GDXUSDT_1785147482000_1786406400000.json","results/bybit_lifecycle_daily/GDXUSDT_1785147482000_1786406400000.json","878","4b310be5faa0c31e54f0dc005a8b5e3b8a46f362b2779351f68c1d95062b4154","2026-08-12T14:37:06Z"
"results/bybit_lifecycle_daily/GEMSUSDT_1733390495000_1742893200000.json","results/bybit_lifecycle_daily/GEMSUSDT_1733390495000_1742893200000.json","7870","3627f20d22e9b1d7ecd24f1212cc0b234f9e461a3fa4917d1fc327ca311a6dcc","2026-08-12T14:37:06Z"
"results/bybit_lifecycle_daily/GENIUSUSDT_1776324480000_1786406400000.json","results/bybit_lifecycle_daily/GENIUSUSDT_1776324480000_1786406400000.json","7719","29ad628e7043b6142bfd14dd283ca840fe1c0f772aea8912120762461cc8ebb7","2026-08-12T14:37:06Z"
"results/bybit_lifecycle_daily/GEUSDT_1785489214000_1786406400000.json","results/bybit_lifecycle_daily/GEUSDT_1785489214000_1786406400000.json","682","f19eed7ca34a7e4be588e6ccd0ddd783a4eba86695d0167db01600374e8b27b1","2026-08-12T14:37:06Z"
"results/bybit_lifecycle_daily/GEVUSDT_1783677021000_1786406400000.json","results/bybit_lifecycle_daily/GEVUSDT_1783677021000_1786406400000.json","2086","27389fe8902a33bfd67773cb9b51a65f3be7a810f1207ec06afa183686f7e57e","2026-08-12T14:37:06Z"
"results/bybit_lifecycle_daily/GFTUSDT_1676009998000_1733130000000.json","results/bybit_lifecycle_daily/GFTUSDT_1676009998000_1733130000000.json","47577","3f2b22035215af561ee1fb9f4edd1df0c99fc043c3b78438ab2133e338b35100","2026-08-12T14:37:07Z"
"results/bybit_lifecycle_daily/GIGADEVICEUSDT_1785230576000_1786406400000.json","results/bybit_lifecycle_daily/GIGADEVICEUSDT_1785230576000_1786406400000.json","832","97e7d76abba0c4de4e7d3c0e56e0663cf4215f9e707177ba1caf25ab69d6b624","2026-08-12T14:37:07Z"
"results/bybit_lifecycle_daily/GIGAUSDT_1733989346000_1785142800000.json","results/bybit_lifecycle_daily/GIGAUSDT_1733989346000_1785142800000.json","44736","e4731760ceb5ee33cb26c755dc147f79ca45a66f0a115da6d02605c525b1daa8","2026-08-12T14:37:07Z"
"results/bybit_lifecycle_daily/GIGGLEUSDT_1760012012000_1786406400000.json","results/bybit_lifecycle_daily/GIGGLEUSDT_1760012012000_1786406400000.json","19705","7cb94d2d3afc30586a0d192316e2e30f8284a5f31eb64cc7d59115c11713cd1c","2026-08-12T14:37:07Z"
"results/bybit_lifecycle_daily/GILDUSDT_1785489556000_1786406400000.json","results/bybit_lifecycle_daily/GILDUSDT_1785489556000_1786406400000.json","703","d42b65b45bf4efd9faad2d3974e0e0e018e9980317d8eede7301cba913a40fa2","2026-08-12T14:37:07Z"
"results/bybit_lifecycle_daily/GLMRUSDT_1660348800000_1764147600000.json","results/bybit_lifecycle_daily/GLMRUSDT_1660348800000_1764147600000.json","83233","8d28540049bec3aa7d53ffd956c8e0725d9de090afa0a54cdccdbba95011169f","2026-08-12T14:37:07Z"
"results/bybit_lifecycle_daily/GLMUSDT_1691643479000_1786406400000.json","results/bybit_lifecycle_daily/GLMUSDT_1691643479000_1786406400000.json","78069","3133264494ef47d0df5ebb57feb2121bc6447cf9c120a2a178d60b9775cf6fc8","2026-08-12T14:37:07Z"
"results/bybit_lifecycle_daily/GLWUSDT_1782287375000_1786406400000.json","results/bybit_lifecycle_daily/GLWUSDT_1782287375000_1786406400000.json","3011","307a13202bf4179a620684d2b7bcf3b47a5d374ef40661f7ac715a902eba1175","2026-08-12T14:37:07Z"
"results/bybit_lifecycle_daily/GMESTOCKUSDT_1785147217000_1786406400000.json","results/bybit_lifecycle_daily/GMESTOCKUSDT_1785147217000_1786406400000.json","879","6b57f5c2ff232ee1b7bb1f53d7231f8bc502935ef21f57225d29daa4047e74a6","2026-08-12T14:37:07Z"
"results/bybit_lifecycle_daily/GMEUSDT_1718099039000_1742893200000.json","results/bybit_lifecycle_daily/GMEUSDT_1718099039000_1742893200000.json","22237","0a8bb832a58dd138ed839afc5a55f21289cab05631a4fb7ba48fd60a1f841ae0","2026-08-12T14:37:07Z"
"results/bybit_lifecycle_daily/GMTUSDT_1660348800000_1786406400000.json","results/bybit_lifecycle_daily/GMTUSDT_1660348800000_1786406400000.json","103933","4544faaa858eb9c6ef80d9ac409f7744a7d95149ca1c6baf05d7f8e89ccfe8cc","2026-08-12T14:37:07Z"
"results/bybit_lifecycle_daily/GMXUSDT_1665385570000_1786406400000.json","results/bybit_lifecycle_daily/GMXUSDT_1665385570000_1786406400000.json","90095","06a4c9aa38b99a833d4149bdf5a3f156bd5a54102272e75a5db881e04a0b93b5","2026-08-12T14:37:08Z"
"results/bybit_lifecycle_daily/GNOUSDT_1715687275000_1780477200000.json","results/bybit_lifecycle_daily/GNOUSDT_1715687275000_1780477200000.json","48738","c9acae918f9cfe5314048b03c19e14f230483cafa4767549520410858e9e5831","2026-08-12T14:37:08Z"
"results/bybit_lifecycle_daily/GOATUSDT_1729593864000_1786406400000.json","results/bybit_lifecycle_daily/GOATUSDT_1729593864000_1786406400000.json","47707","64c45eb89fa13153211dca1c7d13e1f88de0cf3484280f9a91435370fcdf63e6","2026-08-12T14:37:07Z"
"results/bybit_lifecycle_daily/GODSUSDT_1700629341000_1781168400000.json","results/bybit_lifecycle_daily/GODSUSDT_1700629341000_1781168400000.json","62455","aa784d7a9771c7f427dc7bd73b1323f61ac6e953ff65142aa60071e0562b1f1c","2026-08-12T14:37:08Z"
"results/bybit_lifecycle_daily/GOMININGUSDT_1727856709000_1749200400000.json","results/bybit_lifecycle_daily/GOMININGUSDT_1727856709000_1749200400000.json","17588","91fab054cc3bb15512f5146d45a391526ebd0f295fd93b2ce18c1eaee197fb9f","2026-08-12T14:37:08Z"
"results/bybit_lifecycle_daily/GOOGLUSDT_1777276478000_1786406400000.json","results/bybit_lifecycle_daily/GOOGLUSDT_1777276478000_1786406400000.json","6723","f5c17190c690568fc29b4e9463b81c111453726e33f793ac2580c47de7d092c8","2026-08-12T14:37:08Z"
"results/bybit_lifecycle_daily/GORKUSDT_1746440818000_1761056100000.json","results/bybit_lifecycle_daily/GORKUSDT_1746440818000_1761056100000.json","12379","0c64c440644f3ea86006341d36c05b05fea90e76b19dcfb88e4d07dcb270ef83","2026-08-12T14:37:08Z"
"results/bybit_lifecycle_daily/GPSUSDT_1739866543000_1786406400000.json","results/bybit_lifecycle_daily/GPSUSDT_1739866543000_1786406400000.json","40560","9a3fe0f90128ca614a94e0e85d0a9889b3fee708711284237ec833be317cee50","2026-08-12T14:37:08Z"
"results/bybit_lifecycle_daily/GPTUSDT_1678954438000_1713938400000.json","results/bybit_lifecycle_daily/GPTUSDT_1678954438000_1713938400000.json","30294","40a7cd5bf761d78322321d35cbe32953c1a18e53bb546dcbf3359731a9b43f98","2026-08-12T14:37:08Z"
"results/bybit_lifecycle_daily/GRAMUSDT_1782121594000_1786406400000.json","results/bybit_lifecycle_daily/GRAMUSDT_1782121594000_1786406400000.json","3391","11dd4817dbfbbf512fae3fb53a3d08f0f0ff5c9420f4fe9b96cb8cbc4f068b7a","2026-08-12T14:37:08Z"
"results/bybit_lifecycle_daily/GRASSUSDT_1728987123000_1786406400000.json","results/bybit_lifecycle_daily/GRASSUSDT_1728987123000_1786406400000.json","45597","4c1f02255415935de23d736aa6dfc2369f47ad61ebc0367d42f21ff9ecea2eb1","2026-08-12T14:37:08Z"
"results/bybit_lifecycle_daily/GRIFFAINUSDT_1734683999000_1786406400000.json","results/bybit_lifecycle_daily/GRIFFAINUSDT_1734683999000_1786406400000.json","44632","788b4e0ff63b8cf424eb6eebc6f697f826a3e6baef7ce72d36ebd246c1b7d1a0","2026-08-12T14:37:08Z"
"results/bybit_lifecycle_daily/GRTUSDT_1660348800000_1786406400000.json","results/bybit_lifecycle_daily/GRTUSDT_1660348800000_1786406400000.json","106894","c50ece88e55d00d8fb2b26fe74807bc5de2a19c014a3d9ced3fb269959597571","2026-08-12T14:37:08Z"
"results/bybit_lifecycle_daily/GRVTUSDT_1785499299000_1786406400000.json","results/bybit_lifecycle_daily/GRVTUSDT_1785499299000_1786406400000.json","800","cccc101dd9f8be77eff61f91007a17a401722f0c38aedae4209378e17abc1b16","2026-08-12T14:37:08Z"
"results/bybit_lifecycle_daily/GSUSDT_1784799879000_1786406400000.json","results/bybit_lifecycle_daily/GSUSDT_1784799879000_1786406400000.json","1290","9d03537c522e4fe54ba1637b0d1302448c55d85264f3582847e63f68c97db155","2026-08-12T14:37:08Z"
"results/bybit_lifecycle_daily/GTCUSDT_1660348800000_1764147600000.json","results/bybit_lifecycle_daily/GTCUSDT_1660348800000_1764147600000.json","74596","57c94c0ac6bc418223bd694d2fa66870314b3c5be9efdacd91f43c2197eb628e","2026-08-12T14:37:09Z"
"results/bybit_lifecycle_daily/GUNUSDT_1743426729000_1786406400000.json","results/bybit_lifecycle_daily/GUNUSDT_1743426729000_1786406400000.json","37268","2f52a5a3bd2002290ca2c09881e351e3774f0e961783fd916a7e8a3ef7f6eabd","2026-08-12T14:37:08Z"
"results/bybit_lifecycle_daily/GUSDT_1721898436000_1761469200000.json","results/bybit_lifecycle_daily/GUSDT_1721898436000_1761469200000.json","32541","70c3d7cdbae5c0f9ac845f7a223f9f5247910a9a8c18c048e2aa98c48518a1f0","2026-08-12T14:37:08Z"
"results/bybit_lifecycle_daily/GWEIUSDT_1779091413000_1786406400000.json","results/bybit_lifecycle_daily/GWEIUSDT_1779091413000_1786406400000.json","6074","9defbf4d7ecbccf2e75da27dd09b6ac949d2fe89ed1babf6ac2ea18a5e14d534","2026-08-12T14:37:08Z"
"results/bybit_lifecycle_daily/HAEDALUSDT_1746012593000_1786406400000.json","results/bybit_lifecycle_daily/HAEDALUSDT_1746012593000_1786406400000.json","32900","8b106ce460db390b6cb9481be2edfdf2ebf39ccd73eea030e96321d10a171316","2026-08-12T14:37:08Z"
"results/bybit_lifecycle_daily/HANAUSDT_1760700785000_1786406400000.json","results/bybit_lifecycle_daily/HANAUSDT_1760700785000_1786406400000.json","22499","436e5c89520aa89cfe0d00bceb850fb05177e1a08b6abfb29adb9852e156b156","2026-08-12T14:37:08Z"
"results/bybit_lifecycle_daily/HBARUSDT_1660348800000_1786406400000.json","results/bybit_lifecycle_daily/HBARUSDT_1660348800000_1786406400000.json","107140","e26eb6bb5fb53a00cd388a66afdc3a1c6ba80c701649f9d8deb4a112ed0a2403","2026-08-12T14:37:09Z"
"results/bybit_lifecycle_daily/HEIUSDT_1739525015000_1786406400000.json","results/bybit_lifecycle_daily/HEIUSDT_1739525015000_1786406400000.json","37353","5b9b44ca6731850c4a4444c313b74fe2286d8126eb4bcce7ec0469958e1e63ee","2026-08-12T14:37:09Z"
"results/bybit_lifecycle_daily/HEMIUSDT_1758632437000_1786406400000.json","results/bybit_lifecycle_daily/HEMIUSDT_1758632437000_1786406400000.json","24376","9686eb6c31f49bec86144c8f7da4ccac70bfafacc597b3693b2fc77ee12e133d","2026-08-12T14:37:09Z"
"results/bybit_lifecycle_daily/HFTUSDT_1678776349000_1786406400000.json","results/bybit_lifecycle_daily/HFTUSDT_1678776349000_1786406400000.json","86391","fe0b5e4a3724e404328c51676244511199c0661b4844f6f2f63846798de914de","2026-08-12T14:37:09Z"
"results/bybit_lifecycle_daily/HIFIUSDT_1693210322000_1761814800000.json","results/bybit_lifecycle_daily/HIFIUSDT_1693210322000_1761814800000.json","54152","171d637b6dabdd6f8e37e08f9388b80dd613b93dfe09f7ac74a2dc8dd3507423","2026-08-12T14:37:09Z"
"results/bybit_lifecycle_daily/HIGHUSDT_1675759370000_1784538000000.json","results/bybit_lifecycle_daily/HIGHUSDT_1675759370000_1784538000000.json","83894","bdb6e26dddb48d6e030a60c4467597d2687fdc31d45765048bf02614f9594c26","2026-08-12T14:37:09Z"
"results/bybit_lifecycle_daily/HIMSUSDT_1783064973000_1786406400000.json","results/bybit_lifecycle_daily/HIMSUSDT_1783064973000_1786406400000.json","2271","0ac83ba51bfdcf8968aa5b82ba0de901fbbdd64242a502b5aacb4c91b74f2458","2026-08-12T14:37:09Z"
"results/bybit_lifecycle_daily/HIPPOUSDT_1731570967000_1776330000000.json","results/bybit_lifecycle_daily/HIPPOUSDT_1731570967000_1776330000000.json","40558","24b7d25ef2a8f6ff5ae28f13d06aef01bdf4fe90956c91965f861e1a313a0ae1","2026-08-12T14:37:09Z"
"results/bybit_lifecycle_daily/HIVEUSDT_1734950040000_1786406400000.json","results/bybit_lifecycle_daily/HIVEUSDT_1734950040000_1786406400000.json","40477","7e00b32e7526c75ba9c570ea23b810cb8071177cfff5bc7ec6ceeca8ac319235","2026-08-12T14:37:09Z"
"results/bybit_lifecycle_daily/HMSTRUSDT_1726034896000_1786406400000.json","results/bybit_lifecycle_daily/HMSTRUSDT_1726034896000_1786406400000.json","56674","ae0bc70cff766d03c8d376f4e1335c065010f5523d5006f094e9d0cdbed20dbc","2026-08-12T14:37:09Z"
"results/bybit_lifecycle_daily/HNTUSDT_1660348800000_1786406400000.json","results/bybit_lifecycle_daily/HNTUSDT_1660348800000_1786406400000.json","92855","b587c91aa4c1fd788fcc8cc39bbf33e404d91b89da8ae2678f2dc4370b3c1dc8","2026-08-12T14:37:09Z"
"results/bybit_lifecycle_daily/HOLOUSDT_1757592340000_1786406400000.json","results/bybit_lifecycle_daily/HOLOUSDT_1757592340000_1786406400000.json","23688","da738bfa7ed7cc98cb85c1e232edf6f81ca4a3123554016b8f1daadbc390c237","2026-08-12T14:37:09Z"
"results/bybit_lifecycle_daily/HOMEUSDT_1749554150000_1786406400000.json","results/bybit_lifecycle_daily/HOMEUSDT_1749554150000_1786406400000.json","31587","60861eafa4818201067771f129be3a562c19d1b3090987751ae122d07e8fa7e9","2026-08-12T14:37:09Z"
"results/bybit_lifecycle_daily/HOODUSDT_1776848262000_1786406400000.json","results/bybit_lifecycle_daily/HOODUSDT_1776848262000_1786406400000.json","6757","47a1cdb57b5d6bdd5f07070e03615e105e2be94aee2d46d1496f2276ac97866a","2026-08-12T14:37:09Z"
"results/bybit_lifecycle_daily/HOOKUSDT_1675758352000_1775196000000.json","results/bybit_lifecycle_daily/HOOKUSDT_1675758352000_1775196000000.json","77376","acbd2591f35ee2d5b4b70c2d3fe3a13df9e67cba570fc01581bb647579639912","2026-08-12T14:37:10Z"
"results/bybit_lifecycle_daily/HOTUSDT_1660348800000_1760518800000.json","results/bybit_lifecycle_daily/HOTUSDT_1660348800000_1760518800000.json","88382","12a20b40e3a684077c2d22b4088c8fbdf53810e70f8f379041e828444aea39d7","2026-08-12T14:37:10Z"
"results/bybit_lifecycle_daily/HPEUSDT_1782459903000_1786406400000.json","results/bybit_lifecycle_daily/HPEUSDT_1782459903000_1786406400000.json","2691","d31e524ddfbb96b19f5cc1285e27f343b5b837287863a1f662b8f7857febe33f","2026-08-12T14:37:09Z"
"results/bybit_lifecycle_daily/HPOS10IUSDT_1729497361000_1779958800000.json","results/bybit_lifecycle_daily/HPOS10IUSDT_1729497361000_1779958800000.json","41279","31679ab68287a82faa5d56b137eee259fc8dda4ae9b3384a2553840b7c2e7a54","2026-08-12T14:37:10Z"
"results/bybit_lifecycle_daily/HUMAUSDT_1748264514000_1786406400000.json","results/bybit_lifecycle_daily/HUMAUSDT_1748264514000_1786406400000.json","33067","cb9958952734d1460e10e6dc82bc19a56a3596312467040b0537ae790d098c93","2026-08-12T14:37:10Z"
"results/bybit_lifecycle_daily/HUSDT_1750845035000_1786406400000.json","results/bybit_lifecycle_daily/HUSDT_1750845035000_1786406400000.json","30688","82f5f0be86ff2ce709f5584372068aeaa6b0ee7857d1670b9d0ad9adb3eea3a0","2026-08-12T14:37:10Z"
"results/bybit_lifecycle_daily/HYPERUSDT_1745323627000_1786406400000.json","results/bybit_lifecycle_daily/HYPERUSDT_1745323627000_1786406400000.json","33060","8df515db8e106798083382f5efaab505ef8f1fd0b3609d7cb277bbe9f3c99dc3","2026-08-12T14:37:10Z"
"results/bybit_lifecycle_daily/HYPEUSDT_1733316740000_1786406400000.json","results/bybit_lifecycle_daily/HYPEUSDT_1733316740000_1786406400000.json","43047","952a97b2a989ea4f5907a78895c0fa404a43bbead4892f66c21d574976bf4d00","2026-08-12T14:37:10Z"
"results/bybit_lifecycle_daily/HYUNDAIUSDT_1780541049000_1786406400000.json","results/bybit_lifecycle_daily/HYUNDAIUSDT_1780541049000_1786406400000.json","4186","6aff7891bf406640f13a327d000dd78248f239ecdbcd71f1c03f14b23a80b850","2026-08-12T14:37:10Z"
"results/bybit_lifecycle_daily/IBMUSDT_1780647275000_1786406400000.json","results/bybit_lifecycle_daily/IBMUSDT_1780647275000_1786406400000.json","4234","f56738113049507aa942db4c9fed5fec3e5eaa177d68cfc570ae7b83bc9e8281","2026-08-12T14:37:10Z"
"results/bybit_lifecycle_daily/ICNTUSDT_1751540416000_1786406400000.json","results/bybit_lifecycle_daily/ICNTUSDT_1751540416000_1786406400000.json","26869","cb48d52ba90370810d9cbddeebb9e42186405737e2c78d79a3c94b03b9a9b47e","2026-08-12T14:37:10Z"
"results/bybit_lifecycle_daily/ICPUSDT_1660348800000_1786406400000.json","results/bybit_lifecycle_daily/ICPUSDT_1660348800000_1786406400000.json","91743","511b641bce8653ba9180d5c39888785176c89ec5cc8d29aa46ef3909ab866d36","2026-08-12T14:37:10Z"
"results/bybit_lifecycle_daily/ICXUSDT_1660348800000_1786406400000.json","results/bybit_lifecycle_daily/ICXUSDT_1660348800000_1786406400000.json","99193","c4208ab6ed19c931924cf76c9559946fa6b119dc047661c0634b1ce1ab61b2a6","2026-08-12T14:37:10Z"
"results/bybit_lifecycle_daily/IDEXUSDT_1684822236000_1772190000000.json","results/bybit_lifecycle_daily/IDEXUSDT_1684822236000_1772190000000.json","71638","0f99e136e51936e425f8fd02f9b50a81345c77d963e1a35952527e3020993afc","2026-08-12T14:37:10Z"
"results/bybit_lifecycle_daily/IDUSDT_1679639388000_1786406400000.json","results/bybit_lifecycle_daily/IDUSDT_1679639388000_1786406400000.json","85901","b479180c20b4ad3b298d637c715802ac8b7ec83dbc01cbb3b284f4fc4c4c7c50","2026-08-12T14:37:10Z"
"results/bybit_lifecycle_daily/IGUUSDT_1701847718000_1704002400000.json","results/bybit_lifecycle_daily/IGUUSDT_1701847718000_1704002400000.json","1793","80c5125eef1bf59f76379eae05b82ada6a0b43be953cc995a9555d85f18b7e71","2026-08-12T14:37:10Z"
"results/bybit_lifecycle_daily/ILVUSDT_1660348800000_1786406400000.json","results/bybit_lifecycle_daily/ILVUSDT_1660348800000_1786406400000.json","90427","d0db348370ab6238e8f63fff78c426060d67f969651caf9ea182f18df9c6674c","2026-08-12T14:37:10Z"
"results/bybit_lifecycle_daily/IMXUSDT_1660348800000_1786406400000.json","results/bybit_lifecycle_daily/IMXUSDT_1660348800000_1786406400000.json","98926","3370c29c85475a9b7446b10f8a2cf960046557127a3c8ed0b6d4373bd42238fd","2026-08-12T14:37:11Z"
"results/bybit_lifecycle_daily/INITUSDT_1744616093000_1786406400000.json","results/bybit_lifecycle_daily/INITUSDT_1744616093000_1786406400000.json","33601","62933f823fd6d7d0dcd5177a67c55c48598fa38c3e8125224baf1427e12968b3","2026-08-12T14:37:11Z"
"results/bybit_lifecycle_daily/INJUSDT_1660694400000_1786406400000.json","results/bybit_lifecycle_daily/INJUSDT_1660694400000_1786406400000.json","96456","451ff3c5205f5312f457c31dcdac8468814a17dfcfc610518a803ceff9c64c97","2026-08-12T14:37:11Z"
"results/bybit_lifecycle_daily/INTCUSDT_1776848142000_1786406400000.json","results/bybit_lifecycle_daily/INTCUSDT_1776848142000_1786406400000.json","7114","acce0f5e606ea7097ec00149d0793f2541d487417b0b5e6440b5682447e0a28e","2026-08-12T14:37:11Z"
"results/bybit_lifecycle_daily/INTWUSDT_1784016053000_1786406400000.json","results/bybit_lifecycle_daily/INTWUSDT_1784016053000_1786406400000.json","1695","93e73e88fdc23edf0bd4ab75ccd1b8ab1e8f6d406898537f0c21b3c6d310e64e","2026-08-12T14:37:11Z"
"results/bybit_lifecycle_daily/INUSDT_1754561821000_1786406400000.json","results/bybit_lifecycle_daily/INUSDT_1754561821000_1786406400000.json","26195","853704518ebd5f777c242e151046fb86af82f1893f818f1525459cb90990d306","2026-08-12T14:37:11Z"
"results/bybit_lifecycle_daily/INXUSDT_1769675991000_1786406400000.json","results/bybit_lifecycle_daily/INXUSDT_1769675991000_1786406400000.json","14764","95c42709e61890559ab0b570791c6e9aba9b33524ef6ff34b1a8666857278a47","2026-08-12T14:37:11Z"
"results/bybit_lifecycle_daily/IONQUSDT_1784285524000_1786406400000.json","results/bybit_lifecycle_daily/IONQUSDT_1784285524000_1786406400000.json","1507","f85ff4763ed8c70199546ec8552a062a7b92d8d358a5754754cc018579cdf3fd","2026-08-12T14:37:11Z"
"results/bybit_lifecycle_daily/IOSTUSDT_1660348800000_1786406400000.json","results/bybit_lifecycle_daily/IOSTUSDT_1660348800000_1786406400000.json","113664","ce1b1e2862a1abca3141ad5a112b9fae3aac60917b5c94854ab387bccbcc2592","2026-08-12T14:37:11Z"
"results/bybit_lifecycle_daily/IOTAUSDT_1660348800000_1786406400000.json","results/bybit_lifecycle_daily/IOTAUSDT_1660348800000_1786406400000.json","99150","0ab59b7871ac1f7fe979b842a06fe8d1e2f4ccee1345e53cc7aae7a4961fa8b4","2026-08-12T14:37:11Z"
"results/bybit_lifecycle_daily/IOTXUSDT_1660348800000_1786406400000.json","results/bybit_lifecycle_daily/IOTXUSDT_1660348800000_1786406400000.json","105224","6725eb1c4bf2e9232d4162842ee6f5568a96fbf8165015a4f3770b23c0eecd75","2026-08-12T14:37:11Z"
"results/bybit_lifecycle_daily/IOUSDT_1718113740000_1786406400000.json","results/bybit_lifecycle_daily/IOUSDT_1718113740000_1786406400000.json","53343","a5c9d3f1b721f5b14f23171ed53c61776ef365d2a46ecffb04067011149801d4","2026-08-12T14:37:11Z"
"results/bybit_lifecycle_daily/IPUSDT_1738916896000_1782457200000.json","results/bybit_lifecycle_daily/IPUSDT_1738916896000_1782457200000.json","34480","4f3c9febb9b652b1a251c713eff3d6d2499bdb5fd1a3eddf6b6158ef7e93eacc","2026-08-12T14:37:11Z"
"results/bybit_lifecycle_daily/IRENUSDT_1780993883000_1786406400000.json","results/bybit_lifecycle_daily/IRENUSDT_1780993883000_1786406400000.json","3685","94a2c70745fef95c271f10f8f72f0d0f6cd5bb0b273e7bea56b1d9ce068de407","2026-08-12T14:37:11Z"
"results/bybit_lifecycle_daily/IRYSUSDT_1764223243000_1786406400000.json","results/bybit_lifecycle_daily/IRYSUSDT_1764223243000_1786406400000.json","19521","473e027a969f6bc869350e643a788088cb99c62b2a6c0a9f5ff15f12bc2149e0","2026-08-12T14:37:11Z"
"results/bybit_lifecycle_daily/IWMUSDT_1778745922000_1786406400000.json","results/bybit_lifecycle_daily/IWMUSDT_1778745922000_1786406400000.json","5465","d07f0ab42e620ad7a8076736d144048105be75db50de8ce2c206745488a67c25","2026-08-12T14:37:11Z"
"results/bybit_lifecycle_daily/JAILSTOOLUSDT_1739527995000_1744794000000.json","results/bybit_lifecycle_daily/JAILSTOOLUSDT_1739527995000_1744794000000.json","4587","3e9de3385cf375b5e4db487907a758734c8a92965de42c266b3720a4bcc90a44","2026-08-12T14:37:11Z"
"results/bybit_lifecycle_daily/JASMYUSDT_1660348800000_1786406400000.json","results/bybit_lifecycle_daily/JASMYUSDT_1660348800000_1786406400000.json","114201","33ce67d02517835e47e191f8d7b519160fb3e79762f3e8e867e036c76b8a729f","2026-08-12T14:37:12Z"
"results/bybit_lifecycle_daily/JCTUSDT_1763374327000_1786406400000.json","results/bybit_lifecycle_daily/JCTUSDT_1763374327000_1786406400000.json","21314","f964f1adb8f58665d7d42ecbf06092185ef48915e2401933623404409c573c8f","2026-08-12T14:37:11Z"
"results/bybit_lifecycle_daily/JELLYJELLYUSDT_1738219511000_1786406400000.json","results/bybit_lifecycle_daily/JELLYJELLYUSDT_1738219511000_1786406400000.json","42440","dc3bba406c711658ceb376f19c6e00e64b7301d5ee7f08a5012588e5a426b4bd","2026-08-12T14:37:12Z"
"results/bybit_lifecycle_daily/JNJUSDT_1785746846000_1786406400000.json","results/bybit_lifecycle_daily/JNJUSDT_1785746846000_1786406400000.json","487","0ac92952a4ec072aae88b4477c7a7eec2f3229ddebb22a4e849ca96b88758351","2026-08-12T14:37:12Z"
"results/bybit_lifecycle_daily/JOEUSDT_1680062568000_1763114400000.json","results/bybit_lifecycle_daily/JOEUSDT_1680062568000_1763114400000.json","65424","137b4d87df3b36d42f5a2aad2d658d4d10d1ad2d38c1441353174cf4d33e9f63","2026-08-12T14:37:12Z"
"results/bybit_lifecycle_daily/JPMUSDT_1785489356000_1786406400000.json","results/bybit_lifecycle_daily/JPMUSDT_1785489356000_1786406400000.json","664","18868f67325f0a84619f0413dad1f2b23c40219635163e38b5a8c78ed43f4b27","2026-08-12T14:37:12Z"
"results/bybit_lifecycle_daily/JSTUSDT_1660348800000_1786406400000.json","results/bybit_lifecycle_daily/JSTUSDT_1660348800000_1786406400000.json","103350","6307ded87a12e8953e69ab74b3846228b9a7f2ab35ac9347a757450f978e6fc9","2026-08-12T14:37:12Z"
"results/bybit_lifecycle_daily/JTOUSDT_1701978619000_1786406400000.json","results/bybit_lifecycle_daily/JTOUSDT_1701978619000_1786406400000.json","63483","3103f819d875082d39c5511ce688bd7a0ea948d576db47cf3bfa53f576769c59","2026-08-12T14:37:12Z"
"results/bybit_lifecycle_daily/JUPUSDT_1706716267000_1786406400000.json","results/bybit_lifecycle_daily/JUPUSDT_1706716267000_1786406400000.json","64046","c86b08520e9ad1d51998c0341c3b5f562065049f7a2d57e380e598ebee88d022","2026-08-12T14:37:12Z"
"results/bybit_lifecycle_daily/JUSDT_1737542211000_1760706000000.json","results/bybit_lifecycle_daily/JUSDT_1737542211000_1760706000000.json","18026","4d4b923afd9b8f2ea12ac112631857875655a248624d147e74bc211db6297538","2026-08-12T14:37:12Z"
"results/bybit_lifecycle_daily/KAIAUSDT_1730449474000_1786406400000.json","results/bybit_lifecycle_daily/KAIAUSDT_1730449474000_1786406400000.json","44889","40c7799a017758a59e1c8428f2fff8527de979ff756a40147d22875e4b901a57","2026-08-12T14:37:12Z"
"results/bybit_lifecycle_daily/KAITOUSDT_1740057727000_1786406400000.json","results/bybit_lifecycle_daily/KAITOUSDT_1740057727000_1786406400000.json","36201","60ff256d2a83bfee720a4b5ffde2ef1880df838e07f8faa3f7424c708c78b12a","2026-08-12T14:37:12Z"
"results/bybit_lifecycle_daily/KASUSDT_1691138081000_1786406400000.json","results/bybit_lifecycle_daily/KASUSDT_1691138081000_1786406400000.json","80052","3f0a56793a9b0dd45b746b37c8a60674536072bcd0163e4f84c415a222f2f6e4","2026-08-12T14:37:12Z"
"results/bybit_lifecycle_daily/KATUSDT_1772435837000_1786406400000.json","results/bybit_lifecycle_daily/KATUSDT_1772435837000_1786406400000.json","11952","b3765086deba70d6042c68f9696ae452e6c7cad631fb05bfb305f017b2cbdacb","2026-08-12T14:37:12Z"
"results/bybit_lifecycle_daily/KAVAUSDT_1660348800000_1786406400000.json","results/bybit_lifecycle_daily/KAVAUSDT_1660348800000_1786406400000.json","99115","5bbeef75921427754217cdca76e9879b3b82b57369bf80ff21475aafdec85fc7","2026-08-12T14:37:13Z"
"results/bybit_lifecycle_daily/KDAUSDT_1660348800000_1761314400000.json","results/bybit_lifecycle_daily/KDAUSDT_1660348800000_1761314400000.json","77141","c4579b03ecca7b356080ad7cab6ab76f80e0dc9ca9b18bab1899f1e48af288b9","2026-08-12T14:37:13Z"
"results/bybit_lifecycle_daily/KERNELUSDT_1744632444000_1786406400000.json","results/bybit_lifecycle_daily/KERNELUSDT_1744632444000_1786406400000.json","33789","97d9aa30e841f248a479b534e989d1faaf8e49623fbe64c7e9bca6f0f779bbeb","2026-08-12T14:37:12Z"
"results/bybit_lifecycle_daily/KEYUSDT_1685341922000_1737536400000.json","results/bybit_lifecycle_daily/KEYUSDT_1685341922000_1737536400000.json","47441","34128c85bf83f8310fe040c4262c14c5bcf82443958dd7e8c739d78095bb8806","2026-08-12T14:37:12Z"
"results/bybit_lifecycle_daily/KGENUSDT_1759850272000_1786406400000.json","results/bybit_lifecycle_daily/KGENUSDT_1759850272000_1786406400000.json","21432","f7be5414acfd8483e205f5bab63105483972642dc54ebbba7eeb82f6ecf923ab","2026-08-12T14:37:12Z"
"results/bybit_lifecycle_daily/KITEUSDT_1761739367000_1786406400000.json","results/bybit_lifecycle_daily/KITEUSDT_1761739367000_1786406400000.json","20781","c00c536bf630a783da9f50d02fee9f78d89e33eb1b861eac36179f6d1d65a15a","2026-08-12T14:37:13Z"
"results/bybit_lifecycle_daily/KLACUSDT_1782459970000_1786406400000.json","results/bybit_lifecycle_daily/KLACUSDT_1782459970000_1786406400000.json","2858","ea15389c0405a76cc8ade01bd5bfd120a098c002999a4197cfc1668b01101d51","2026-08-12T14:37:13Z"
"results/bybit_lifecycle_daily/KLAYUSDT_1660348800000_1730084400000.json","results/bybit_lifecycle_daily/KLAYUSDT_1660348800000_1730084400000.json","53337","a5c20bbb63883e234373566d055c53c383394a25876866e12700b80cb5550914","2026-08-12T14:37:13Z"
"results/bybit_lifecycle_daily/KMNOUSDT_1728463961000_1786406400000.json","results/bybit_lifecycle_daily/KMNOUSDT_1728463961000_1786406400000.json","47488","6ef8b2cdf3015b08b0911e0a2ff597aff5d40e43e36245e0f84e3acee8ed90f2","2026-08-12T14:37:13Z"
"results/bybit_lifecycle_daily/KNCUSDT_1660348800000_1786406400000.json","results/bybit_lifecycle_daily/KNCUSDT_1660348800000_1786406400000.json","98636","960d0cdc1d15c27778f8eba23210287cbf3bf84d4d53704d2034b2596e569ab3","2026-08-12T14:37:13Z"
"results/bybit_lifecycle_daily/KOMAUSDT_1733837747000_1754038800000.json","results/bybit_lifecycle_daily/KOMAUSDT_1733837747000_1754038800000.json","17045","b797ef113596e1bb6eef243ea460053713489df92e3d38afefc31cc79eb45720","2026-08-12T14:37:13Z"
"results/bybit_lifecycle_daily/KORUUSDT_1784111653000_1786406400000.json","results/bybit_lifecycle_daily/KORUUSDT_1784111653000_1786406400000.json","1714","1ad448e3bfc07a103911678257ccf47bb3cd2c5073be6fe4a80ff4ddbb9edacf","2026-08-12T14:37:13Z"
"results/bybit_lifecycle_daily/KOUSDT_1785405618000_1786406400000.json","results/bybit_lifecycle_daily/KOUSDT_1785405618000_1786406400000.json","690","c0457436e7056c77147bfee1f185b5b151826130c51f67cdeb4cac538796e05a","2026-08-12T14:37:13Z"
"results/bybit_lifecycle_daily/KSMUSDT_1660348800000_1786406400000.json","results/bybit_lifecycle_daily/KSMUSDT_1660348800000_1786406400000.json","89248","424ea4f9a17d15ee93dc0907f9771d1d116af5f354f883b077549e76f8422cfe","2026-08-12T14:37:14Z"
"results/bybit_lifecycle_daily/KSTRUSDT_1784015980000_1786406400000.json","results/bybit_lifecycle_daily/KSTRUSDT_1784015980000_1786406400000.json","1675","062e2a6c185567b34705ade788303bd74769424bfe0f6e5eeb395f7ae19c1948","2026-08-12T14:37:13Z"
"results/bybit_lifecycle_daily/KUSDT_1754641777000_1760880600000.json","results/bybit_lifecycle_daily/KUSDT_1754641777000_1760880600000.json","4865","5933aafb79abd1970dbf73c156c343824ed9688586f8b4a67418636f6a847124","2026-08-12T14:37:13Z"
"results/bybit_lifecycle_daily/L3USDT_1722417009000_1775196000000.json","results/bybit_lifecycle_daily/L3USDT_1722417009000_1775196000000.json","43983","b18cb1c8c33770ea1d1be18b6ded8048adcb1ab596c6fdac0b3c14b38eed2340","2026-08-12T14:37:13Z"
"results/bybit_lifecycle_daily/LABUSDT_1761556790000_1786406400000.json","results/bybit_lifecycle_daily/LABUSDT_1761556790000_1786406400000.json","20085","2716bc27bd858107c4b5f55c80a3928bfd018d55380da09a39583ab38276cd63","2026-08-12T14:37:13Z"
"results/bybit_lifecycle_daily/LAIUSDT_1714118931000_1742202000000.json","results/bybit_lifecycle_daily/LAIUSDT_1714118931000_1742202000000.json","23678","f021d96a3e32e80dd3b54bf0ff040bc8f3847a244c7c60e999d8fa4dc407c6f8","2026-08-12T14:37:14Z"
"results/bybit_lifecycle_daily/LAUNCHCOINUSDT_1747213476000_1761471000000.json","results/bybit_lifecycle_daily/LAUNCHCOINUSDT_1747213476000_1761471000000.json","12190","1775623fc079b69f0f84b96c1420bdd08297e3871a695eea78c83d423a6c8114","2026-08-12T14:37:14Z"
"results/bybit_lifecycle_daily/LAUSDT_1749100801000_1786406400000.json","results/bybit_lifecycle_daily/LAUSDT_1749100801000_1786406400000.json","30374","0a183ffa10b293cb8fc415bb9cae66769a3715719569cfc4ca11f611f7a62d9a","2026-08-12T14:37:14Z"
"results/bybit_lifecycle_daily/LAYERUSDT_1737694860000_1737709500000.json","results/bybit_lifecycle_daily/LAYERUSDT_1737694860000_1737709500000.json","2","4f53cda18c2baa0c0354bb5f9a3ecbe5ed12ab4d8e11ba873c2f11161202b945","2026-08-12T14:37:14Z"
"results/bybit_lifecycle_daily/LDOUSDT_1660348800000_1786406400000.json","results/bybit_lifecycle_daily/LDOUSDT_1660348800000_1786406400000.json","98625","e5b6a5742e3d86ebc8ae20b05b5323d2d43a223c45e3dc36c44b9711dcddbe0c","2026-08-12T14:37:15Z"
"results/bybit_lifecycle_daily/LEVERUSDT_1685960641000_1751360400000.json","results/bybit_lifecycle_daily/LEVERUSDT_1685960641000_1751360400000.json","58909","6f7c6b1664c2c40c7a07ad6ef42fe69b0f9b7efc1a37b14979f24530409cb02d","2026-08-12T14:37:14Z"
"results/bybit_lifecycle_daily/LFTUSDT_1715874260000_1720432800000.json","results/bybit_lifecycle_daily/LFTUSDT_1715874260000_1720432800000.json","3835","d94a96870a9af8a2d6667bf02ea75fc7fac89ba77298192c73cfd5bb6d3a1a25","2026-08-12T14:37:14Z"
"results/bybit_lifecycle_daily/LIGHTUSDT_1758978959000_1786406400000.json","results/bybit_lifecycle_daily/LIGHTUSDT_1758978959000_1786406400000.json","21300","e29817076e5188b5e63aa2220abeb95115ca0303ae16edc188229d191ce35134","2026-08-12T14:37:14Z"
"results/bybit_lifecycle_daily/LINAUSDT_1660348800000_1743066000000.json","results/bybit_lifecycle_daily/LINAUSDT_1660348800000_1743066000000.json","71760","45c1cc6df661de30ff686cd5e2794c87490c58434e4d73a3a7ecc24b6853b728","2026-08-12T14:37:15Z"
"results/bybit_lifecycle_daily/LINEAUSDT_1756719285000_1786406400000.json","results/bybit_lifecycle_daily/LINEAUSDT_1756719285000_1786406400000.json","26354","534a88771ba778ede5f58e5e709e4d3e6fc23a2f8d623ea32cfeab60b9715a9d","2026-08-12T14:37:15Z"
"results/bybit_lifecycle_daily/LINKUSDT_1660348800000_1786406400000.json","results/bybit_lifecycle_daily/LINKUSDT_1660348800000_1786406400000.json","96681","ab9a2a64bf7f379f812948d3fcd5ee49ae5b81962b803d8d35b860af727abab6","2026-08-12T14:37:15Z"
"results/bybit_lifecycle_daily/LISTAUSDT_1718965015000_1776330000000.json","results/bybit_lifecycle_daily/LISTAUSDT_1718965015000_1776330000000.json","44474","b75a9605e0343d6d32359e34538ef8600122b76ff663d23f5903acac1049465d","2026-08-12T14:37:15Z"
"results/bybit_lifecycle_daily/LITENTRYUSDT_1766051750000_1766142000000.json","results/bybit_lifecycle_daily/LITENTRYUSDT_1766051750000_1766142000000.json","2","4f53cda18c2baa0c0354bb5f9a3ecbe5ed12ab4d8e11ba873c2f11161202b945","2026-08-12T14:37:15Z"
"results/bybit_lifecycle_daily/LITEUSDT_1778573822000_1786406400000.json","results/bybit_lifecycle_daily/LITEUSDT_1778573822000_1786406400000.json","5758","abe93caa46d1a733fe3dd22aacc659c7eb37bc765cc8081ff8712d208a709698","2026-08-12T14:37:15Z"
"results/bybit_lifecycle_daily/LITUSDT_1767089298000_1786406400000.json","results/bybit_lifecycle_daily/LITUSDT_1767089298000_1786406400000.json","15259","bca76cf5fe235f61b7fcdfdcd7b744d5c3edbbea360732bbfe70cbe380635495","2026-08-12T14:37:15Z"
"results/bybit_lifecycle_daily/LLYUSDT_1778745824000_1786406400000.json","results/bybit_lifecycle_daily/LLYUSDT_1778745824000_1786406400000.json","5807","15253c6360fe003f6395033facf1f59a9d51ec4273c6db0fd63dea9f07c07357","2026-08-12T14:37:15Z"
"results/bybit_lifecycle_daily/LOOKSUSDT_1660348800000_1761469200000.json","results/bybit_lifecycle_daily/LOOKSUSDT_1660348800000_1761469200000.json","83559","01796966fb0d8db67ac978fa713e4a659d35574c84fef4049ead79aba6867d72","2026-08-12T14:37:16Z"
"results/bybit_lifecycle_daily/LOOMUSDT_1695276752000_1727172000000.json","results/bybit_lifecycle_daily/LOOMUSDT_1695276752000_1727172000000.json","26911","2dd6e16fbd38ffa0cc3c89d668523fc96b47f24e6b2da8cc816ec2d46829c1e1","2026-08-12T14:37:15Z"
"results/bybit_lifecycle_daily/LPTUSDT_1660348800000_1786406400000.json","results/bybit_lifecycle_daily/LPTUSDT_1660348800000_1786406400000.json","90607","5e6b6bfa05efeec3b2fb8fa1067db4aed1900ce324077b426a5d8d656b973887","2026-08-12T14:37:16Z"
"results/bybit_lifecycle_daily/LQTYUSDT_1678694760000_1786406400000.json","results/bybit_lifecycle_daily/LQTYUSDT_1678694760000_1786406400000.json","82702","98c3fd5c2a2917365bbb7188403b1470f9d902104936b1de52cc38343ca2c6c5","2026-08-12T14:37:16Z"
"results/bybit_lifecycle_daily/LRCUSDT_1660348800000_1786406400000.json","results/bybit_lifecycle_daily/LRCUSDT_1660348800000_1786406400000.json","100816","67519043d06e1db0b140e2fd330b3d458d46d085d3e3a419a5dc860e433bb3ee","2026-08-12T14:37:16Z"
"results/bybit_lifecycle_daily/LRCXUSDT_1782287120000_1786406400000.json","results/bybit_lifecycle_daily/LRCXUSDT_1782287120000_1786406400000.json","2977","c4ca6e0017ea7692efe9b149af93175750602db2484d3184aa862416fb881fb9","2026-08-12T14:37:16Z"
"results/bybit_lifecycle_daily/LSKUSDT_1704208975000_1786406400000.json","results/bybit_lifecycle_daily/LSKUSDT_1704208975000_1786406400000.json","63238","c2a0408a0614fa73d463ea0e0a11f740f46b88f35405f83f6a5cec98dd504f3a","2026-08-12T14:37:16Z"
"results/bybit_lifecycle_daily/LTCUSDT_1660348800000_1786406400000.json","results/bybit_lifecycle_daily/LTCUSDT_1660348800000_1786406400000.json","91243","df62d7aa1157bcee754e640a7049398698ce39b69a0ba37dceccd9789030aef0","2026-08-12T14:37:16Z"
"results/bybit_lifecycle_daily/LTOUSDT_1711961655000_1738227600000.json","results/bybit_lifecycle_daily/LTOUSDT_1711961655000_1738227600000.json","19942","a53e731231425161e59f14adf2658b26f9830e9fa50753220334f83c23804b1e","2026-08-12T14:37:16Z"
"results/bybit_lifecycle_daily/LUCEUSDT_1732004981000_1745809200000.json","results/bybit_lifecycle_daily/LUCEUSDT_1732004981000_1745809200000.json","11713","b0b49710ebe4c5fa7ec46a40439d157b7e7c72f1905a03ca1f7a1379016718ea","2026-08-12T14:37:16Z"
"results/bybit_lifecycle_daily/LUMIAUSDT_1729841762000_1786406400000.json","results/bybit_lifecycle_daily/LUMIAUSDT_1729841762000_1786406400000.json","44447","70469e8eaa4617b4266c813336e428f5281c9cb71e76c40ccb1fd95ff0d6b241","2026-08-12T14:37:16Z"
"results/bybit_lifecycle_daily/LUNA2USDT_1660348800000_1786406400000.json","results/bybit_lifecycle_daily/LUNA2USDT_1660348800000_1786406400000.json","98420","77982583df108ffb8972e8b46cc14be76b653ad002eca93dca595b9d8ed3da67","2026-08-12T14:37:16Z"
"results/bybit_lifecycle_daily/LYNUSDT_1759737954000_1786406400000.json","results/bybit_lifecycle_daily/LYNUSDT_1759737954000_1786406400000.json","22082","5045f321a8599ebd124e0e07a70e5a169ce4aa96555a945ca5d23676974a71ce","2026-08-12T14:37:16Z"
"results/bybit_lifecycle_daily/MAGICUSDT_1670897921000_1786406400000.json","results/bybit_lifecycle_daily/MAGICUSDT_1670897921000_1786406400000.json","90807","4d4f5c8cd13a2432bb681b1f3e21859aaf30b0b5aac8f76191983f73dcad5e9f","2026-08-12T14:37:17Z"
"results/bybit_lifecycle_daily/MAGMAUSDT_1766732813000_1786406400000.json","results/bybit_lifecycle_daily/MAGMAUSDT_1766732813000_1786406400000.json","16254","c93f1576bf0e6c6d4acf0e925261c703b1a9e9abf68e78dd9bcc799cbd066048","2026-08-12T14:37:16Z"
"results/bybit_lifecycle_daily/MAJORUSDT_1731921482000_1761057000000.json","results/bybit_lifecycle_daily/MAJORUSDT_1731921482000_1761057000000.json","22676","91069303b85826bacd4ce783457950fdc1422f445f4e5de60b2006442c5d9fee","2026-08-12T14:37:16Z"
"results/bybit_lifecycle_daily/MANAUSDT_1660348800000_1786406400000.json","results/bybit_lifecycle_daily/MANAUSDT_1660348800000_1786406400000.json","100223","b72917558787f2e43b522e35626861bbd0adb5d9824f90c6817dda7cff492c00","2026-08-12T14:37:17Z"
"results/bybit_lifecycle_daily/MANEKIUSDT_1719393053000_1745809200000.json","results/bybit_lifecycle_daily/MANEKIUSDT_1719393053000_1745809200000.json","23359","a1bfd6899cb11faa6b81c6bfdc7864ffc262a7d8c7be9c79174ea54f6dcb8798","2026-08-12T14:37:17Z"
"results/bybit_lifecycle_daily/MANTAUSDT_1705575778000_1786406400000.json","results/bybit_lifecycle_daily/MANTAUSDT_1705575778000_1786406400000.json","64894","f9ccbb1f8da782fc2994ab21c59021f280f0dc7117453a8d0fe56c6c69983fcb","2026-08-12T14:37:17Z"
"results/bybit_lifecycle_daily/MAPOUSDT_1716448334000_1727172000000.json","results/bybit_lifecycle_daily/MAPOUSDT_1716448334000_1727172000000.json","9396","a7e6b674696c8addef6c51b65ef97bfa9ea9299ccb8876bac50884d0e75b088c","2026-08-12T14:37:17Z"
"results/bybit_lifecycle_daily/MARAUSDT_1784285210000_1786406400000.json","results/bybit_lifecycle_daily/MARAUSDT_1784285210000_1786406400000.json","1519","f9d6fcda77e0e1bcf67f1b5267738214c8b2e3aa036f1d5bd9f5ea8ae0d24d38","2026-08-12T14:37:17Z"
"results/bybit_lifecycle_daily/MASAUSDT_1716284092000_1760778000000.json","results/bybit_lifecycle_daily/MASAUSDT_1716284092000_1760778000000.json","37000","4c0cd451b3eaae9a87f11c0b645c8511375b76a551f1681e29bcb1e935b2571b","2026-08-12T14:37:17Z"
"results/bybit_lifecycle_daily/MASKUSDT_1660348800000_1786406400000.json","results/bybit_lifecycle_daily/MASKUSDT_1660348800000_1786406400000.json","92178","a9241d213f637bdbe9fe790d2641d09d991e94b0f0b1863334753ee3d5820182","2026-08-12T14:37:17Z"
"results/bybit_lifecycle_daily/MATICUSDT_1660348800000_1725616800000.json","results/bybit_lifecycle_daily/MATICUSDT_1660348800000_1725616800000.json","52349","0be3f9239ad7dfc2407db94c1a88d0bd573086862c0bf22f951b723c9c4181d8","2026-08-12T14:37:17Z"
"results/bybit_lifecycle_daily/MAUSDT_1785405400000_1786406400000.json","results/bybit_lifecycle_daily/MAUSDT_1785405400000_1786406400000.json","734","331130dca7389c9647b485e7c144f4b3c051325d2cfb834d2252768267d08691","2026-08-12T14:37:17Z"
"results/bybit_lifecycle_daily/MAVIAUSDT_1707297146000_1786406400000.json","results/bybit_lifecycle_daily/MAVIAUSDT_1707297146000_1786406400000.json","61858","28d0493c0e25e799cd77814905333a9b222e6a9408b218aad85b32466f23f1d3","2026-08-12T14:37:17Z"
"results/bybit_lifecycle_daily/MAVUSDT_1687945209000_1786406400000.json","results/bybit_lifecycle_daily/MAVUSDT_1687945209000_1786406400000.json","79846","841b3b3ef592382a9edbb952c09b5bfadc2e2a42e71bef09894b7306629a47fa","2026-08-12T14:37:17Z"
"results/bybit_lifecycle_daily/MAXUSDT_1722934129000_1745830800000.json","results/bybit_lifecycle_daily/MAXUSDT_1722934129000_1745830800000.json","18963","31cd631cdae93748bbe09b9a9d0b4507fe47c4246e0dcceb696990094d20b05a","2026-08-12T14:37:17Z"
"results/bybit_lifecycle_daily/MBLUSDT_1699958425000_1756890000000.json","results/bybit_lifecycle_daily/MBLUSDT_1699958425000_1756890000000.json","49861","0fc95fbd07121b4e9993ce28bb3c5e417428ed7324c1920afa4935731fcb28ce","2026-08-12T14:37:17Z"
"results/bybit_lifecycle_daily/MBOXUSDT_1705574743000_1782473400000.json","results/bybit_lifecycle_daily/MBOXUSDT_1705574743000_1782473400000.json","61917","a8c4052bccabc6281bb33164cf01e7958fe4b93a665ae64109dbba94149833df","2026-08-12T14:37:17Z"
"results/bybit_lifecycle_daily/MCUSDT_1692084244000_1699340400000.json","results/bybit_lifecycle_daily/MCUSDT_1692084244000_1699340400000.json","6025","b5f866dc42365e69530ca78a56a8b21044da10101af9f0aae5d48b5923722c67","2026-08-12T14:37:17Z"
"results/bybit_lifecycle_daily/MDTUSDT_1688112286000_1751619600000.json","results/bybit_lifecycle_daily/MDTUSDT_1688112286000_1751619600000.json","53816","0b63dabe51138f0fcb781c7b00765b921298aa0e3911d31df6b2219004be811f","2026-08-12T14:37:17Z"
"results/bybit_lifecycle_daily/MEGAUSDT_1761220097000_1786406400000.json","results/bybit_lifecycle_daily/MEGAUSDT_1761220097000_1786406400000.json","20101","f44c1a4d3aa9621849296c97620b06a230c60ccef39ff85d48fc97034718acaa","2026-08-12T14:37:17Z"
"results/bybit_lifecycle_daily/MELANIAUSDT_1737350019000_1786406400000.json","results/bybit_lifecycle_daily/MELANIAUSDT_1737350019000_1786406400000.json","39668","d5d76753d3d867d8ff639ac6343a3ff413f26c9240a4e610da7fce0ad0022531","2026-08-12T14:37:18Z"
"results/bybit_lifecycle_daily/MEMEFIUSDT_1731415131000_1747040400000.json","results/bybit_lifecycle_daily/MEMEFIUSDT_1731415131000_1747040400000.json","14234","bfab2c0eb4a8951f20af30e344e6065553f82938ef9b759f83c1c3f9882cd099","2026-08-12T14:37:18Z"
"results/bybit_lifecycle_daily/MEMEUSDT_1699001325000_1786406400000.json","results/bybit_lifecycle_daily/MEMEUSDT_1699001325000_1786406400000.json","78254","344aa2c87324c89b7ec25489647950566ba8c3c36d93bfb9daaae490c88c4e08","2026-08-12T14:37:18Z"
"results/bybit_lifecycle_daily/MERLUSDT_1713524541000_1786406400000.json","results/bybit_lifecycle_daily/MERLUSDT_1713524541000_1786406400000.json","60438","741cdf178f6647bef38da1e4be63a24e2f5abbe5237c8081b79c7ac84580e6bf","2026-08-12T14:37:18Z"
"results/bybit_lifecycle_daily/METAUSDT_1777276332000_1786406400000.json","results/bybit_lifecycle_daily/METAUSDT_1777276332000_1786406400000.json","6631","aee9734671264f80e21f827436c114da4a91a3a72181ccb15244c842891a8970","2026-08-12T14:37:18Z"
"results/bybit_lifecycle_daily/METISUSDT_1704207924000_1786406400000.json","results/bybit_lifecycle_daily/METISUSDT_1704207924000_1786406400000.json","58484","93d982232cb2475b192d0497b4a98f96ab896022f4ca18424500d4c3735b05ee","2026-08-12T14:37:18Z"
"results/bybit_lifecycle_daily/METUSDT_1760090046000_1786406400000.json","results/bybit_lifecycle_daily/METUSDT_1760090046000_1786406400000.json","21651","819cc980e401c4f23fd43a18588dcd6ef751b8c80377af0556bab42f85b1b715","2026-08-12T14:37:18Z"
"results/bybit_lifecycle_daily/MEUSDT_1732521795000_1786406400000.json","results/bybit_lifecycle_daily/MEUSDT_1732521795000_1786406400000.json","42629","c6101a2e098cc5759e8d865595a6494672fdb16fc1a8f8b7f9bd00ea92139a32","2026-08-12T14:37:18Z"
"results/bybit_lifecycle_daily/MEWUSDT_1713863741000_1786406400000.json","results/bybit_lifecycle_daily/MEWUSDT_1713863741000_1786406400000.json","66441","d0e6212cc2c3da10c4f6148e060a1f53bf8b51d4ab956b995692edc91d402f0a","2026-08-12T14:37:18Z"
"results/bybit_lifecycle_daily/MICHIUSDT_1737948341000_1751014800000.json","results/bybit_lifecycle_daily/MICHIUSDT_1737948341000_1751014800000.json","10726","d7a3d7a5e19d8abea62b9b9945cc6fe6cde80ce7940392bb33395a0383df32cb","2026-08-12T14:37:18Z"
"results/bybit_lifecycle_daily/MILKUSDT_1746527288000_1764579600000.json","results/bybit_lifecycle_daily/MILKUSDT_1746527288000_1764579600000.json","14810","1555f6e41789eb5f09534b3cd6e5ed878b65cb479bc5335fcd0c48ab9ba48c9d","2026-08-12T14:37:18Z"
"results/bybit_lifecycle_daily/MINAUSDT_1660348800000_1786406400000.json","results/bybit_lifecycle_daily/MINAUSDT_1660348800000_1786406400000.json","98984","c402d5528b342ecf9c05476cc40a6ad8d676831daf3547e542aa77733d29dd08","2026-08-12T14:37:18Z"
"results/bybit_lifecycle_daily/MINIMAXUSDT_1785230280000_1786406400000.json","results/bybit_lifecycle_daily/MINIMAXUSDT_1785230280000_1786406400000.json","847","66d0a46542383a6222e73c4753b672e8961dc921decefade896aba286fc9123c","2026-08-12T14:37:18Z"
"results/bybit_lifecycle_daily/MIRAUSDT_1758890551000_1786406400000.json","results/bybit_lifecycle_daily/MIRAUSDT_1758890551000_1786406400000.json","22643","a3775d6ecccae92154d7255232cc61f8ee352843911fd87733f8a26bbef6301f","2026-08-12T14:37:18Z"
"results/bybit_lifecycle_daily/MITOUSDT_1756462419000_1786406400000.json","results/bybit_lifecycle_daily/MITOUSDT_1756462419000_1786406400000.json","24622","e3ef5512d8e48f71ad2975f67d95c00e96fccec5a664b1e273b1bbd248df2ea1","2026-08-12T14:37:18Z"
"results/bybit_lifecycle_daily/MKRUSDT_1660348800000_1755507600000.json","results/bybit_lifecycle_daily/MKRUSDT_1660348800000_1755507600000.json","71523","dee279cfe90c6ff78b5b36d63df6214481d04f46a565fd503051782d7597d115","2026-08-12T14:37:18Z"
"results/bybit_lifecycle_daily/MLNUSDT_1744185886000_1782473400000.json","results/bybit_lifecycle_daily/MLNUSDT_1744185886000_1782473400000.json","26424","8537f1585d8009f5ca303f4f9809b86ada47263bef09d87a45c641666aaaf463","2026-08-12T14:37:18Z"
"results/bybit_lifecycle_daily/MMTUSDT_1761556943000_1786406400000.json","results/bybit_lifecycle_daily/MMTUSDT_1761556943000_1786406400000.json","20252","35366948692435be445714dd365eb262718d511b059d6fe725fd824d05b9e37f","2026-08-12T14:37:18Z"
"results/bybit_lifecycle_daily/MNTUSDT_1696225255000_1786406400000.json","results/bybit_lifecycle_daily/MNTUSDT_1696225255000_1786406400000.json","71235","b4bd29800bbbfbe0b5eb51a74e5f7bd82052aebca599243a21db2bafb7794874","2026-08-12T14:37:19Z"
"results/bybit_lifecycle_daily/MOBILEUSDT_1708598361000_1754038800000.json","results/bybit_lifecycle_daily/MOBILEUSDT_1708598361000_1754038800000.json","41577","5a0d19234c7c1507af8073516774fbf4f250d9baf45f801f55a68bdab601f4ab","2026-08-12T14:37:18Z"
"results/bybit_lifecycle_daily/MOCAUSDT_1720778262000_1786406400000.json","results/bybit_lifecycle_daily/MOCAUSDT_1720778262000_1786406400000.json","55977","68ab1b0ecdd198a1867b377f2e54644baf4f0bed8d0c35fda8a0d22cfc8b750c","2026-08-12T14:37:19Z"
"results/bybit_lifecycle_daily/MONPROUSDT_1761230273000_1761306300000.json","results/bybit_lifecycle_daily/MONPROUSDT_1761230273000_1761306300000.json","2","4f53cda18c2baa0c0354bb5f9a3ecbe5ed12ab4d8e11ba873c2f11161202b945","2026-08-12T14:37:19Z"
"results/bybit_lifecycle_daily/MONUSDT_1763992686000_1786406400000.json","results/bybit_lifecycle_daily/MONUSDT_1763992686000_1786406400000.json","20522","d0cadb51aeb0aec7750b3eafda8721123e7014cde34853a53a57d761bd5240f1","2026-08-12T14:37:19Z"
"results/bybit_lifecycle_daily/MOODENGUSDT_1727765946000_1786406400000.json","results/bybit_lifecycle_daily/MOODENGUSDT_1727765946000_1786406400000.json","50148","0512b505f8f5d76a67867c3f73341cfcacb6be359b34d1a5a3599c7a765cb080","2026-08-12T14:37:19Z"
"results/bybit_lifecycle_daily/MORPHOUSDT_1732264559000_1786406400000.json","results/bybit_lifecycle_daily/MORPHOUSDT_1732264559000_1786406400000.json","41533","b147840b299adcaa52fc1689defae0103403d0d700c138d60510806a6e6e4be2","2026-08-12T14:37:19Z"
"results/bybit_lifecycle_daily/MOTHERUSDT_1723190524000_1742288400000.json","results/bybit_lifecycle_daily/MOTHERUSDT_1723190524000_1742288400000.json","16947","ea2eb6314986e16555acb4d58d495926e714e785295ec5b48dc12c3b879e4b87","2026-08-12T14:37:19Z"
"results/bybit_lifecycle_daily/MOUSDT_1786097505000_1786406400000.json","results/bybit_lifecycle_daily/MOUSDT_1786097505000_1786406400000.json","236","69a0ac114cba6a7a95249946644913c9ce81870ce1776f3035c71fa449faab5e","2026-08-12T14:37:19Z"
"results/bybit_lifecycle_daily/MOVEUSDT_1733745977000_1786406400000.json","results/bybit_lifecycle_daily/MOVEUSDT_1733745977000_1786406400000.json","43170","83382e14357bdb9d80b87d5c4116abe114156cf3563815b16e7cfd9ab46b3dfe","2026-08-12T14:37:19Z"
"results/bybit_lifecycle_daily/MOVRUSDT_1700719762000_1786406400000.json","results/bybit_lifecycle_daily/MOVRUSDT_1700719762000_1786406400000.json","62312","2ac43bd8dc4315bfb4128f14b4dde82ad7a60471e36ac854b467ef46b54a0b0b","2026-08-12T14:37:19Z"
"results/bybit_lifecycle_daily/MRVLUSDT_1778659541000_1786406400000.json","results/bybit_lifecycle_daily/MRVLUSDT_1778659541000_1786406400000.json","5839","1cac95869f1fb2cf3bd0302e24b0fa8e7c91bc392341504fdf6214229acbbbce","2026-08-12T14:37:19Z"
"results/bybit_lifecycle_daily/MSFTUSDT_1777276719000_1786406400000.json","results/bybit_lifecycle_daily/MSFTUSDT_1777276719000_1786406400000.json","6635","d8449a650edadab266a5ca69429362b3804386e68e60e70176381e6e465f2644","2026-08-12T14:37:19Z"
"results/bybit_lifecycle_daily/MSTRUSDT_1777450622000_1786406400000.json","results/bybit_lifecycle_daily/MSTRUSDT_1777450622000_1786406400000.json","6567","1e369d3f7d1618ae4c138a58007f7a6eec3bdad96a6a70305f529c2d996b9200","2026-08-12T14:37:19Z"
"results/bybit_lifecycle_daily/MTLUSDT_1660348800000_1786406400000.json","results/bybit_lifecycle_daily/MTLUSDT_1660348800000_1786406400000.json","96526","a3089fff589dcc8a4004c2e49757bdf1c0a58437fcb395ada548cc8b7a92f974","2026-08-12T14:37:19Z"
"results/bybit_lifecycle_daily/MUBARAKUSDT_1742197296000_1786406400000.json","results/bybit_lifecycle_daily/MUBARAKUSDT_1742197296000_1786406400000.json","38160","fa0a962151e5219d49beeff0787fd2e1c1bf69f341e7c6e0af0322d980e1da70","2026-08-12T14:37:19Z"
"results/bybit_lifecycle_daily/MULTIUSDT_1695192793000_1709632800000.json","results/bybit_lifecycle_daily/MULTIUSDT_1695192793000_1709632800000.json","11094","08d30b4dd0374ed72d6a39b887c1ba0481d78a32b42559a695f73b09663846cf","2026-08-12T14:37:19Z"
"results/bybit_lifecycle_daily/MUSDT_1751967363000_1786406400000.json","results/bybit_lifecycle_daily/MUSDT_1751967363000_1786406400000.json","26562","51abfafff28de0df38cfdaf23f1a72dd6f432edf59731b7bcd14279e5ae19997","2026-08-12T14:37:19Z"
"results/bybit_lifecycle_daily/MUUSDT_1778141926000_1786406400000.json","results/bybit_lifecycle_daily/MUUSDT_1778141926000_1786406400000.json","6388","c7096827629d28be6789a3a6deac4750d9462af622345dccc481722ccd178858","2026-08-12T14:37:19Z"
"results/bybit_lifecycle_daily/MUUUSDT_1784193915000_1786406400000.json","results/bybit_lifecycle_daily/MUUUSDT_1784193915000_1786406400000.json","1609","543814a6332aad314fa4b251b6b9194a1176b000640be17555480d526cd7ed72","2026-08-12T14:37:19Z"
"results/bybit_lifecycle_daily/MVLLUSDT_1782813159000_1786406400000.json","results/bybit_lifecycle_daily/MVLLUSDT_1782813159000_1786406400000.json","2534","372553f65e413443ce5a89132cbb59a646005741bc7aa3cd212e66bee0490376","2026-08-12T14:37:19Z"
"results/bybit_lifecycle_daily/MVLUSDT_1732864286000_1760779800000.json","results/bybit_lifecycle_daily/MVLUSDT_1732864286000_1760779800000.json","24238","b0b349dcba024c7d5354d64e155db5cab71d89e5b359aba68e593eca2ad26ae4","2026-08-12T14:37:19Z"
"results/bybit_lifecycle_daily/MYRIAUSDT_1702620879000_1759741200000.json","results/bybit_lifecycle_daily/MYRIAUSDT_1702620879000_1759741200000.json","51888","a5423228b575f72d9cf22301f24bd0d08196701842dbea34a349c7b158d010d1","2026-08-12T14:37:20Z"
"results/bybit_lifecycle_daily/MYROUSDT_1705585191000_1764579600000.json","results/bybit_lifecycle_daily/MYROUSDT_1705585191000_1764579600000.json","50012","0e8f0029b5316ce4041bff17c3252b2c8f16fb01439c28ce51ec527218ddd7b7","2026-08-12T14:37:20Z"
"results/bybit_lifecycle_daily/MYXUSDT_1754386082000_1786406400000.json","results/bybit_lifecycle_daily/MYXUSDT_1754386082000_1786406400000.json","25171","4120b47ff88324488504036520f05da185f7b53011cc4e3a0c4a75086412e3d5","2026-08-12T14:37:19Z"
"results/bybit_lifecycle_daily/NAORISUSDT_1753964050000_1786406400000.json","results/bybit_lifecycle_daily/NAORISUSDT_1753964050000_1786406400000.json","27193","35294a52476860a5e635c93c689344153d794bdbb3bf5bd4552783d0c6564f3a","2026-08-12T14:37:20Z"
"results/bybit_lifecycle_daily/NBISUSDT_1779783295000_1786406400000.json","results/bybit_lifecycle_daily/NBISUSDT_1779783295000_1786406400000.json","4992","b4e75cd55335216c7bc37f07c7e6f87728cc2bc814731c4627b0819b45fa7702","2026-08-12T14:37:20Z"
"results/bybit_lifecycle_daily/NCUSDT_1737110159000_1751706000000.json","results/bybit_lifecycle_daily/NCUSDT_1737110159000_1751706000000.json","12228","cc631cdf613b1f285a4cfe717c94205cbb4e0e827d33e7cb910877a8b2e46cb6","2026-08-12T14:37:20Z"
"results/bybit_lifecycle_daily/NEARUSDT_1660348800000_1786406400000.json","results/bybit_lifecycle_daily/NEARUSDT_1660348800000_1786406400000.json","95126","ce74c5848aef1575e3f3c74f62ccbeb6c6c31a560a74284b2adf335407806e0f","2026-08-12T14:37:20Z"
"results/bybit_lifecycle_daily/NEIROETHUSDT_1723712929000_1757415600000.json","results/bybit_lifecycle_daily/NEIROETHUSDT_1723712929000_1757415600000.json","28681","00cbb8dcb692bdd4c46f136ae3ef40ec11bec6cfa9a2f1a05fb5d8dc4a383e21","2026-08-12T14:37:20Z"
"results/bybit_lifecycle_daily/NEOUSDT_1660348800000_1786406400000.json","results/bybit_lifecycle_daily/NEOUSDT_1660348800000_1786406400000.json","93376","e634c8c3d98f374f7b88b065424324b300dccdd1590713a852548e522e21a68c","2026-08-12T14:37:20Z"
"results/bybit_lifecycle_daily/NETUSDT_1786008986000_1786406400000.json","results/bybit_lifecycle_daily/NETUSDT_1786008986000_1786406400000.json","320","247a8e99632088ca4ad81e96a8ba919e4d0ed915c7fc533b28cdacf35fd38dea","2026-08-12T14:37:20Z"
"results/bybit_lifecycle_daily/NEWTUSDT_1750405506000_1786406400000.json","results/bybit_lifecycle_daily/NEWTUSDT_1750405506000_1786406400000.json","28866","8c7173d8736ec73a9ed0566e8b984fcc8ec2024024050e83ae25cbcdbe970f57","2026-08-12T14:37:20Z"
"results/bybit_lifecycle_daily/NFLXUSDT_1783325065000_1786406400000.json","results/bybit_lifecycle_daily/NFLXUSDT_1783325065000_1786406400000.json","2109","f9ebbb8beef568439a1cbdb8131f5b48ba66af8221be97a51f86d8752f9d182c","2026-08-12T14:37:20Z"
"results/bybit_lifecycle_daily/NFPUSDT_1703673025000_1775714400000.json","results/bybit_lifecycle_daily/NFPUSDT_1703673025000_1775714400000.json","58282","b362425ab4184455f2dc701225526b23b877f63fbf5fc66698d98291faa89df8","2026-08-12T14:37:20Z"
"results/bybit_lifecycle_daily/NIGHTUSDT_1765275695000_1786406400000.json","results/bybit_lifecycle_daily/NIGHTUSDT_1765275695000_1786406400000.json","17562","a66c34646c4c629e247107e7f02eceb4bc03c51a947664f5abc6950c7a0c4a9c","2026-08-12T14:37:20Z"
"results/bybit_lifecycle_daily/NILUSDT_1742468146000_1786406400000.json","results/bybit_lifecycle_daily/NILUSDT_1742468146000_1786406400000.json","35142","4ffb9b94988c62b4210bc67a4c3dc0a6f98002b8794dadd92afe9cb47628dcce","2026-08-12T14:37:20Z"
"results/bybit_lifecycle_daily/NKNUSDT_1676960331000_1769677200000.json","results/bybit_lifecycle_daily/NKNUSDT_1676960331000_1769677200000.json","76617","dc55ed43eb6312bf5ba9036a733de32b489d6be2b0f8c6c1b83b3e688e3cba3f","2026-08-12T14:37:21Z"
"results/bybit_lifecycle_daily/NMRUSDT_1693804592000_1786406400000.json","results/bybit_lifecycle_daily/NMRUSDT_1693804592000_1786406400000.json","67577","8766ee3924c5bf86a921a1f386325b94fd897092c83849a4e9b390f47d780f9b","2026-08-12T14:37:21Z"
"results/bybit_lifecycle_daily/NODEUSDT_1756978739000_1761055200000.json","results/bybit_lifecycle_daily/NODEUSDT_1756978739000_1761055200000.json","3333","ca69a7f402be61f4a43f33f10fcece3d2ff4f1811c64ed15b0b8c9053dab6997","2026-08-12T14:37:20Z"
"results/bybit_lifecycle_daily/NOKIAUSDT_1780647188000_1786406400000.json","results/bybit_lifecycle_daily/NOKIAUSDT_1780647188000_1786406400000.json","4156","4f2df926ad6a9bc3de3986a2eb0731f5a19689b68d6a7b55b85dae781f305bcf","2026-08-12T14:37:20Z"
"results/bybit_lifecycle_daily/NOMUSDT_1759306658000_1786406400000.json","results/bybit_lifecycle_daily/NOMUSDT_1759306658000_1786406400000.json","23821","fbfab2a78aea79cd2774d91fd9923b99a09abbb44fadd10aebaf291ab4c1a31d","2026-08-12T14:37:20Z"
"results/bybit_lifecycle_daily/NOTUSDT_1715874083000_1786406400000.json","results/bybit_lifecycle_daily/NOTUSDT_1715874083000_1786406400000.json","66189","312037571d0966e0850defb3a3a7661f214aca607a9f991750645f45d1e0e002","2026-08-12T14:37:21Z"
"results/bybit_lifecycle_daily/NOWUSDT_1780563360000_1786406400000.json","results/bybit_lifecycle_daily/NOWUSDT_1780563360000_1786406400000.json","4178","31268d07c27ace5cc17b28172b24522635c7bb2cba4b6891be425f247c9e93d0","2026-08-12T14:37:21Z"
"results/bybit_lifecycle_daily/NSUSDT_1734683950000_1772190000000.json","results/bybit_lifecycle_daily/NSUSDT_1734683950000_1772190000000.json","29375","d2b5bc42c8f9ddd7fa54dc912cab5a6634b5848e8f6f205821f921d5c2a6078d","2026-08-12T14:37:21Z"
"results/bybit_lifecycle_daily/NTRNUSDT_1696936478000_1775196000000.json","results/bybit_lifecycle_daily/NTRNUSDT_1696936478000_1775196000000.json","61056","dad59b3690f13933fd0fb11ed77cd71c408fe8b4262474213929e6ce23049f00","2026-08-12T14:37:21Z"
"results/bybit_lifecycle_daily/NULSUSDT_1724749272000_1744621200000.json","results/bybit_lifecycle_daily/NULSUSDT_1724749272000_1744621200000.json","15142","eecd2f3d04e77931233f2ab60b09853275a290a6c2f91caaed9f8176d144d997","2026-08-12T14:37:21Z"
"results/bybit_lifecycle_daily/NVDAUSDT_1778056269000_1786406400000.json","results/bybit_lifecycle_daily/NVDAUSDT_1778056269000_1786406400000.json","6294","b7f27dc3823d12573f6e76df0004df8d6e919ea9e0b8787740bdffdc6d4589a2","2026-08-12T14:37:21Z"
"results/bybit_lifecycle_daily/NVDLUSDT_1784626359000_1786406400000.json","results/bybit_lifecycle_daily/NVDLUSDT_1784626359000_1786406400000.json","1279","d6b3c4907a69bccc1a9d822b3485a006ea646a8af3e6ec94c70c6a62d4e21b6d","2026-08-12T14:37:21Z"
"results/bybit_lifecycle_daily/NVOUSDT_1786009451000_1786406400000.json","results/bybit_lifecycle_daily/NVOUSDT_1786009451000_1786406400000.json","293","3db62753c6d9892a20864dc78b66a516a9435e187e3ee979fa2c1227cf8212ec","2026-08-12T14:37:21Z"
"results/bybit_lifecycle_daily/NXPCUSDT_1747289965000_1786406400000.json","results/bybit_lifecycle_daily/NXPCUSDT_1747289965000_1786406400000.json","30407","9acb9c76393eaef96272cccda794da1a7b6bc0bcaaef0f0b4cf0a11649ac4a55","2026-08-12T14:37:21Z"
"results/bybit_lifecycle_daily/NYANUSDT_1716971492000_1739959200000.json","results/bybit_lifecycle_daily/NYANUSDT_1716971492000_1739959200000.json","18136","fff4b912d97623aa4a847e709211e186a7ff852f277107aa57942e42c7916f24","2026-08-12T14:37:21Z"
"results/bybit_lifecycle_daily/OBOLUSDT_1746617368000_1765530000000.json","results/bybit_lifecycle_daily/OBOLUSDT_1746617368000_1765530000000.json","14823","463048210dbb211c51fc911af7162d134c9d2afb649a8112e6c87a0adaff063b","2026-08-12T14:37:21Z"
"results/bybit_lifecycle_daily/OBTUSDT_1745572693000_1772190000000.json","results/bybit_lifecycle_daily/OBTUSDT_1745572693000_1772190000000.json","22940","888aef6487c11b746c6792d79e7876cd02982a72faef32bb1ded7a4ed4c7092c","2026-08-12T14:37:21Z"
"results/bybit_lifecycle_daily/OCEANUSDT_1660348800000_1717754400000.json","results/bybit_lifecycle_daily/OCEANUSDT_1660348800000_1717754400000.json","44652","10112348e35d03167663a9be99f2f40d6447614fb9a06f997e1d78343648386c","2026-08-12T14:37:21Z"
"results/bybit_lifecycle_daily/OGNUSDT_1660348800000_1786406400000.json","results/bybit_lifecycle_daily/OGNUSDT_1660348800000_1786406400000.json","100672","ecad8b9df8eee75a02301e8a800bee5abb28b2afc09f0b64c531fc38d443e995","2026-08-12T14:37:21Z"
"results/bybit_lifecycle_daily/OGUSDT_1693210797000_1786406400000.json","results/bybit_lifecycle_daily/OGUSDT_1693210797000_1786406400000.json","70056","bceccca3ebb3fc45b02cd1a23258e8a8e4423ba1f57418364def0d82d6a1d564","2026-08-12T14:37:21Z"
"results/bybit_lifecycle_daily/OKBUSDT_1757591356000_1786406400000.json","results/bybit_lifecycle_daily/OKBUSDT_1757591356000_1786406400000.json","20529","114080483d51469c2ca979ff08d87513ca79420d07476ee6baa832946955e34e","2026-08-12T14:37:21Z"
"results/bybit_lifecycle_daily/OLUSDT_1732178996000_1780477200000.json","results/bybit_lifecycle_daily/OLUSDT_1732178996000_1780477200000.json","40901","76c168eaefedcca646b1ebd2a38fcd4632ee1168c8fd2a01beb477359f7348b1","2026-08-12T14:37:21Z"
"results/bybit_lifecycle_daily/OMGUSDT_1660348800000_1748941200000.json","results/bybit_lifecycle_daily/OMGUSDT_1660348800000_1748941200000.json","66965","c4cd7fdbe9fdaf8c84ec1c388ea7396ace9ab580131f78336b0e340b991a4373","2026-08-12T14:37:22Z"
"results/bybit_lifecycle_daily/OMNIUSDT_1713358641000_1758704400000.json","results/bybit_lifecycle_daily/OMNIUSDT_1713358641000_1758704400000.json","33998","ab34ad8a63b0121f9e98cd6a8327608aebedeab6a53e8554e2553190471eaed9","2026-08-12T14:37:21Z"
"results/bybit_lifecycle_daily/OMUSDT_1710743501000_1771578000000.json","results/bybit_lifecycle_daily/OMUSDT_1710743501000_1771578000000.json","49444","a3d0e54d2b5c4ff345a0bf2113f37e2ad18388d2ed863eca3ca63186dfc5f5eb","2026-08-12T14:37:22Z"
"results/bybit_lifecycle_daily/ONDOUSDT_1705919392000_1786406400000.json","results/bybit_lifecycle_daily/ONDOUSDT_1705919392000_1786406400000.json","64409","75d42803640bb1f5cd59d8e62aa07e31db08a29c57bce2fae054c320cdca307d","2026-08-12T14:37:22Z"
"results/bybit_lifecycle_daily/ONDSUSDT_1780994017000_1786406400000.json","results/bybit_lifecycle_daily/ONDSUSDT_1780994017000_1786406400000.json","3654","276d4d16ab08706a994ab9953ed7f56267514a0f244f7dae5109ca9b4de67d8a","2026-08-12T14:37:22Z"
"results/bybit_lifecycle_daily/ONEUSDT_1660348800000_1775714400000.json","results/bybit_lifecycle_daily/ONEUSDT_1660348800000_1775714400000.json","97401","136e7e1b20fec7f83de5fab419c1622a25609885ffd52741ab44695dd1c3f67b","2026-08-12T14:37:22Z"
"results/bybit_lifecycle_daily/ONGUSDT_1701155663000_1786406400000.json","results/bybit_lifecycle_daily/ONGUSDT_1701155663000_1786406400000.json","66451","14c342c0e4d120ba21771aaf5010f4ad88c21fd83cddcab256487307217a70e9","2026-08-12T14:37:22Z"
"results/bybit_lifecycle_daily/ONTUSDT_1660348800000_1786406400000.json","results/bybit_lifecycle_daily/ONTUSDT_1660348800000_1786406400000.json","101003","ab4ddac9b4c414c586b38b10ae07800a1bc89a115b3a08a207c604d7eb91a76b","2026-08-12T14:37:22Z"
"results/bybit_lifecycle_daily/ONUSDT_1784626218000_1786406400000.json","results/bybit_lifecycle_daily/ONUSDT_1784626218000_1786406400000.json","1276","c4951638a9881d58206206dc37eed62e15fc3ed38ba6a25afbd4d10388325164","2026-08-12T14:37:22Z"
"results/bybit_lifecycle_daily/OPENUSDT_1757336655000_1786406400000.json","results/bybit_lifecycle_daily/OPENUSDT_1757336655000_1786406400000.json","23471","b10c02ff0f8bc4920ebe5776356a7dc236a868c0cb2c10ee5b7c0fe2b1a8d9da","2026-08-12T14:37:22Z"
"results/bybit_lifecycle_daily/OPGUSDT_1776923521000_1786406400000.json","results/bybit_lifecycle_daily/OPGUSDT_1776923521000_1786406400000.json","7500","d88c9ded41d3d1442a0b8627313fd923ffe851316c6f564107320914636e67f7","2026-08-12T14:37:22Z"
"results/bybit_lifecycle_daily/OPNUSDT_1770803369000_1786406400000.json","results/bybit_lifecycle_daily/OPNUSDT_1770803369000_1786406400000.json","12300","11c41f8bda0c82496a1da9d94891293e3c7e9e741724942d9d1429ad2ca1b92f","2026-08-12T14:37:22Z"
"results/bybit_lifecycle_daily/OPUSDT_1660348800000_1786406400000.json","results/bybit_lifecycle_daily/OPUSDT_1660348800000_1786406400000.json","102168","ff5ab621f19ebe4add64a3efbf654d841b2b3ea581cacbf7b33f19c4469f0e74","2026-08-12T14:37:23Z"
"results/bybit_lifecycle_daily/ORBSUSDT_1696837542000_1781168400000.json","results/bybit_lifecycle_daily/ORBSUSDT_1696837542000_1781168400000.json","70168","d3a51b6dfb61b507c132e85d86fe3774eb3fbd77844e6ceedab8af2146dbf1df","2026-08-12T14:37:22Z"
"results/bybit_lifecycle_daily/ORCAUSDT_1711963329000_1786406400000.json","results/bybit_lifecycle_daily/ORCAUSDT_1711963329000_1786406400000.json","54247","18cc02a294e4d8a788ce9cb27c0e2feace5c7fff41cf52ad68687100477f2ac6","2026-08-12T14:37:22Z"
"results/bybit_lifecycle_daily/ORCLUSDT_1778056362000_1786406400000.json","results/bybit_lifecycle_daily/ORCLUSDT_1778056362000_1786406400000.json","6139","a52fc025b001fa6b07f07edec23a4656fd1df3a8a96bdf6c79bfb0ec64984df2","2026-08-12T14:37:22Z"
"results/bybit_lifecycle_daily/ORDERUSDT_1724749336000_1786406400000.json","results/bybit_lifecycle_daily/ORDERUSDT_1724749336000_1786406400000.json","48823","6b9e9634fbe4f5356b3c401812da2b44aecc0d4f6c9c3f03c811cc4ddcd9f363","2026-08-12T14:37:22Z"
"results/bybit_lifecycle_daily/ORDIUSDT_1684739410000_1786406400000.json","results/bybit_lifecycle_daily/ORDIUSDT_1684739410000_1786406400000.json","78621","17893ec76fc26bd3eec4f3ed6154a352ab3b3550a2352457e07462fa84806f14","2026-08-12T14:37:23Z"
"results/bybit_lifecycle_daily/ORNUSDT_1710136561000_1729155600000.json","results/bybit_lifecycle_daily/ORNUSDT_1710136561000_1729155600000.json","13519","32965992368f29f49ed5e2a1f4403d94fd4fb2959af11a9e9a7c4b9d76b0afb0","2026-08-12T14:37:23Z"
"results/bybit_lifecycle_daily/OSMOUSDT_1717060123000_1761056100000.json","results/bybit_lifecycle_daily/OSMOUSDT_1717060123000_1761056100000.json","33116","6aeec97af5d40fcb08391d9c2d8470f0f03dddadecc8ec187099ec6e4be1baeb","2026-08-12T14:37:23Z"
"results/bybit_lifecycle_daily/OUSDT_1782186684000_1786406400000.json","results/bybit_lifecycle_daily/OUSDT_1782186684000_1786406400000.json","3264","6a2c3b81cc3b5f180ffdc927411022b54b5b5a1f22c0d89aad950bb7f3784458","2026-08-12T14:37:23Z"
"results/bybit_lifecycle_daily/OUSTUSDT_1786355654000_1786406400000.json","results/bybit_lifecycle_daily/OUSTUSDT_1786355654000_1786406400000.json","62","143349e249a375f971a302451e6d9b8588dce45ad5ac551313f8ef37d71d3dc4","2026-08-12T14:37:23Z"
"results/bybit_lifecycle_daily/OXTUSDT_1691643171000_1778752800000.json","results/bybit_lifecycle_daily/OXTUSDT_1691643171000_1778752800000.json","70732","ccb775629e910c0c19b5f18f005d2fa49742ce6f4f4e830e568ab3973d5e5197","2026-08-12T14:37:23Z"
"results/bybit_lifecycle_daily/PANWUSDT_1784709504000_1786406400000.json","results/bybit_lifecycle_daily/PANWUSDT_1784709504000_1786406400000.json","1277","6a7c3966985285a599c4a2104c1e51b5f8bbb5041e01d5f076dd19e28aef4eb2","2026-08-12T14:37:23Z"
"results/bybit_lifecycle_daily/PARTIUSDT_1742908134000_1786406400000.json","results/bybit_lifecycle_daily/PARTIUSDT_1742908134000_1786406400000.json","35352","9386e6fd9a5975bd01293f045f9c37110b6ffc508ed21f3c13314df3dcab102a","2026-08-12T14:37:23Z"
"results/bybit_lifecycle_daily/PAXGUSDT_1660348800000_1786406400000.json","results/bybit_lifecycle_daily/PAXGUSDT_1660348800000_1786406400000.json","94196","e2374da8e7d6bf40b06ab1bc06709b67423f375ca6e077e004bc50dff85ed1e3","2026-08-12T14:37:23Z"
"results/bybit_lifecycle_daily/PEAQUSDT_1732005101000_1786406400000.json","results/bybit_lifecycle_daily/PEAQUSDT_1732005101000_1786406400000.json","44401","0cc46fd71a73ad97cf9c9f33c2abf53d932a9fc83cf3c169e3e958822ab1dcbd","2026-08-12T14:37:23Z"
"results/bybit_lifecycle_daily/PENDLEUSDT_1688542002000_1786406400000.json","results/bybit_lifecycle_daily/PENDLEUSDT_1688542002000_1786406400000.json","75880","faeb0fe20695222471419319e0020c7df49f016158f58f326431f9b474ba26d4","2026-08-12T14:37:23Z"
"results/bybit_lifecycle_daily/PENGSTOCKUSDT_1784709594000_1786406400000.json","results/bybit_lifecycle_daily/PENGSTOCKUSDT_1784709594000_1786406400000.json","1215","bb555ddd6089f4088f6e49771e1416a358991be1198c80b329268be8d419f4e0","2026-08-12T14:37:23Z"
"results/bybit_lifecycle_daily/PENGUSDT_1716814172000_1738227600000.json","results/bybit_lifecycle_daily/PENGUSDT_1716814172000_1738227600000.json","16710","c02e6ab2e4643a5fb57e200efa0d416ca14ff5aaa24f4f26ccbcb1eee5a51a44","2026-08-12T14:37:23Z"
"results/bybit_lifecycle_daily/PENGUUSDT_1734445346000_1786406400000.json","results/bybit_lifecycle_daily/PENGUUSDT_1734445346000_1786406400000.json","47493","a3e6fd7589ee9f200fb36c28509c5a4f56b2e3fff074992c6c97901876ef8a07","2026-08-12T14:37:23Z"
"results/bybit_lifecycle_daily/PEOPLEUSDT_1660348800000_1786406400000.json","results/bybit_lifecycle_daily/PEOPLEUSDT_1660348800000_1786406400000.json","107535","7566adc75dc2c57a187bb876670c3f28098ef032ab89b0be154a20ae167d9c08","2026-08-12T14:37:24Z"
"results/bybit_lifecycle_daily/PEPUSDT_1785405508000_1786406400000.json","results/bybit_lifecycle_daily/PEPUSDT_1785405508000_1786406400000.json","738","0fa9fae1242646a4369c4b8556b1e42496a45c61fd07ad937158a9de54990aa4","2026-08-12T14:37:23Z"
"results/bybit_lifecycle_daily/PERPUSDT_1693981865000_1764147600000.json","results/bybit_lifecycle_daily/PERPUSDT_1693981865000_1764147600000.json","54159","7c0c1b163ab3f7316311bbd8f38c65e7607ebc8b4a79a0b6f26440f53a5df28f","2026-08-12T14:37:24Z"
"results/bybit_lifecycle_daily/PHAROSUSDT_1778746356000_1786406400000.json","results/bybit_lifecycle_daily/PHAROSUSDT_1778746356000_1786406400000.json","5776","d721a694b0a205fc12a8c61f92f55e6983388e7c51c7877c47ea1d35662cdf6b","2026-08-12T14:37:23Z"
"results/bybit_lifecycle_daily/PHAUSDT_1717149720000_1786406400000.json","results/bybit_lifecycle_daily/PHAUSDT_1717149720000_1786406400000.json","57190","fe7a534722bd89568d352cc25a0549f92b4790d0f39474b21180ccb741960b35","2026-08-12T14:37:24Z"
"results/bybit_lifecycle_daily/PHBUSDT_1684396645000_1769677200000.json","results/bybit_lifecycle_daily/PHBUSDT_1684396645000_1769677200000.json","64977","a7d952e9ec0175bc75a5565d4b2332cf544db39f1d6a4e3688ee2fd889a96028","2026-08-12T14:37:24Z"
"results/bybit_lifecycle_daily/PIEVERSEUSDT_1763127243000_1786406400000.json","results/bybit_lifecycle_daily/PIEVERSEUSDT_1763127243000_1786406400000.json","18208","4b4a71494e08c092747eaadb54f3bcef835d2022fad81f5fffb5388f198b50c7","2026-08-12T14:37:24Z"
"results/bybit_lifecycle_daily/PIGGYUSDT_1761738932000_1765098000000.json","results/bybit_lifecycle_daily/PIGGYUSDT_1761738932000_1765098000000.json","2636","dc2e3ab265ecc9f1228906a72f38dbe2b6e8e31cc9e9d2de3c73666bcc2f5aee","2026-08-12T14:37:24Z"
"results/bybit_lifecycle_daily/PIPPINUSDT_1737103122000_1786406400000.json","results/bybit_lifecycle_daily/PIPPINUSDT_1737103122000_1786406400000.json","41983","8e7d46f73b3be029734f4fb321c7ea90347f6ca5e82b48dc56b58eb3e31f6193","2026-08-12T14:37:24Z"
"results/bybit_lifecycle_daily/PIRATEUSDT_1721642117000_1742893200000.json","results/bybit_lifecycle_daily/PIRATEUSDT_1721642117000_1742893200000.json","16465","590ba048344697f870b2e30bdc0718342a5cbe1f91155a8ccc58c178df149aa9","2026-08-12T14:37:24Z"
"results/bybit_lifecycle_daily/PIXELUSDT_1708416370000_1786406400000.json","results/bybit_lifecycle_daily/PIXELUSDT_1708416370000_1786406400000.json","64584","55d0ba80aecce8132b2b90e708cd9011364d1332170e36351e29cd7cbb9e4a62","2026-08-12T14:37:24Z"
"results/bybit_lifecycle_daily/PIXFIUSDT_1723106509000_1730800800000.json","results/bybit_lifecycle_daily/PIXFIUSDT_1723106509000_1730800800000.json","6456","45d3eab6d05e63d43854cac2350dfb94ce963d5c88f819abe2c699614a3454f8","2026-08-12T14:37:24Z"
"results/bybit_lifecycle_daily/PLAYSOUTUSDT_1768902912000_1786406400000.json","results/bybit_lifecycle_daily/PLAYSOUTUSDT_1768902912000_1786406400000.json","14389","f52e254af0183bdab17c2667ee0231591272b3cf3ecc16f272a5753eaebc8b89","2026-08-12T14:37:24Z"
"results/bybit_lifecycle_daily/PLTRUSDT_1777450480000_1786406400000.json","results/bybit_lifecycle_daily/PLTRUSDT_1777450480000_1786406400000.json","6526","ed8fd66de177fe990d2839970f7f2c32ca11bcbbcc3236a8cbf8315a39cd2dd7","2026-08-12T14:37:24Z"
"results/bybit_lifecycle_daily/PLUMEUSDT_1737701100000_1786406400000.json","results/bybit_lifecycle_daily/PLUMEUSDT_1737701100000_1786406400000.json","42335","3f7246ab91fd6a002ee7f30f039fad5790241891124c71e671cbdc761a6c5ee4","2026-08-12T14:37:24Z"
"results/bybit_lifecycle_daily/PNUTUSDT_1731313006000_1786406400000.json","results/bybit_lifecycle_daily/PNUTUSDT_1731313006000_1786406400000.json","44990","9950a963e9095e20ffc64476fd4d353cd4f807146857faf4ada05bd05ed9f3d6","2026-08-12T14:37:24Z"
"results/bybit_lifecycle_daily/POETUSDT_1784193750000_1786406400000.json","results/bybit_lifecycle_daily/POETUSDT_1784193750000_1786406400000.json","1556","c68393bb940a10c0d96c0f08433d743a974c222e8f056901289015758835f619","2026-08-12T14:37:24Z"
"results/bybit_lifecycle_daily/POLUSDT_1725525013000_1786406400000.json","results/bybit_lifecycle_daily/POLUSDT_1725525013000_1786406400000.json","49280","2645c32f04aa6fbc3dee580c439481f62f96d420f69e9f41e9185f0ecc50ae4a","2026-08-12T14:37:24Z"
"results/bybit_lifecycle_daily/POLYXUSDT_1698129996000_1786406400000.json","results/bybit_lifecycle_daily/POLYXUSDT_1698129996000_1786406400000.json","69673","fc5e5f54d69e38dc50403f506c3c77749e447f993201b602d56c2b1150cf0491","2026-08-12T14:37:24Z"
"results/bybit_lifecycle_daily/PONKEUSDT_1717749307000_1775714400000.json","results/bybit_lifecycle_daily/PONKEUSDT_1717749307000_1775714400000.json","48421","f1e1d7903b22538e394c01c07272f116a63ff25dcf6e977cb5498d9f4d6ff86c","2026-08-12T14:37:24Z"
"results/bybit_lifecycle_daily/POPCATUSDT_1711609319000_1786406400000.json","results/bybit_lifecycle_daily/POPCATUSDT_1711609319000_1786406400000.json","61173","ea591f7b9e644d768d95879d859be77982622020d0bd19845260698115c91f25","2026-08-12T14:37:24Z"
"results/bybit_lifecycle_daily/POPMARTUSDT_1785230486000_1786406400000.json","results/bybit_lifecycle_daily/POPMARTUSDT_1785230486000_1786406400000.json","820","d001cda63b696e40a85ed3b3d8eff40aee64b5e573b23783d19eb1ee93c4c9b4","2026-08-12T14:37:24Z"
"results/bybit_lifecycle_daily/PORTALUSDT_1709264458000_1786406400000.json","results/bybit_lifecycle_daily/PORTALUSDT_1709264458000_1786406400000.json","64262","969d5758788afe52070f29f5bee97f55e493781113522d0a5412bb393d4ba527","2026-08-12T14:37:24Z"
"results/bybit_lifecycle_daily/POWERUSDT_1767004491000_1786406400000.json","results/bybit_lifecycle_daily/POWERUSDT_1767004491000_1786406400000.json","16192","37183a083b3fdaa13f928709d7633744a7d8bf485625a81fb877b4a128d93b80","2026-08-12T14:37:24Z"
"results/bybit_lifecycle_daily/POWRUSDT_1698130882000_1786406400000.json","results/bybit_lifecycle_daily/POWRUSDT_1698130882000_1786406400000.json","69039","544071911993de1c9c488bb129c3202885109220200494fd0f5af370e9d3a2f7","2026-08-12T14:37:25Z"
"results/bybit_lifecycle_daily/PRAIUSDT_1747640223000_1751706000000.json","results/bybit_lifecycle_daily/PRAIUSDT_1747640223000_1751706000000.json","3339","9d2db752ef1238504fb8a260fc9f57a3afc8a517b10e5a59810885ce1b79e402","2026-08-12T14:37:25Z"
"results/bybit_lifecycle_daily/PRCLUSDT_1721208686000_1766739600000.json","results/bybit_lifecycle_daily/PRCLUSDT_1721208686000_1766739600000.json","36494","9435995d4bd592faa9c5b52090c07c685df1eb8969ce85121658aaca7c7b4515","2026-08-12T14:37:25Z"
"results/bybit_lifecycle_daily/PRIMEUSDT_1727682761000_1759744800000.json","results/bybit_lifecycle_daily/PRIMEUSDT_1727682761000_1759744800000.json","22990","dd2e640a9b0c4053404196bdd87b5cfbe1c59c458b60ee7de873f9b7720ed9eb","2026-08-12T14:37:25Z"
"results/bybit_lifecycle_daily/PRLUSDT_1774587057000_1786406400000.json","results/bybit_lifecycle_daily/PRLUSDT_1774587057000_1786406400000.json","9118","496768bb6e0f0a8c7f8229c80e05d558fc4e9ddbc8fbe42d62cd973e06f7f110","2026-08-12T14:37:25Z"
"results/bybit_lifecycle_daily/PROMPTUSDT_1744293965000_1786406400000.json","results/bybit_lifecycle_daily/PROMPTUSDT_1744293965000_1786406400000.json","34825","5311c047cf5b8a90e10dbddcbc7c75231431f4a1bf3619b46052ebf936144c0f","2026-08-12T14:37:25Z"
"results/bybit_lifecycle_daily/PROMUSDT_1693891796000_1776852000000.json","results/bybit_lifecycle_daily/PROMUSDT_1693891796000_1776852000000.json","59359","f9f2b8de7df7ab6871b2387d6278b46a662b765c76f1dc90d4515a0359b65747","2026-08-12T14:37:25Z"
"results/bybit_lifecycle_daily/PROSUSDT_1731656495000_1744772400000.json","results/bybit_lifecycle_daily/PROSUSDT_1731656495000_1744772400000.json","10079","fafe14b79e3ee8313824f4984434cea11443a071bda7ff20dbc2278e17b1bdf2","2026-08-12T14:37:25Z"
"results/bybit_lifecycle_daily/PROVEUSDT_1754413429000_1786406400000.json","results/bybit_lifecycle_daily/PROVEUSDT_1754413429000_1786406400000.json","24491","4a164bacaf0c4f90a95581a9e31b35e999541b103ba2f1c67839e4ee5b84dddd","2026-08-12T14:37:25Z"
"results/bybit_lifecycle_daily/PTBUSDT_1756904871000_1786406400000.json","results/bybit_lifecycle_daily/PTBUSDT_1756904871000_1786406400000.json","27005","50a3344ecf4cf921256d2ebe3b8c304470f3f934cf2194a11a5a45507bb18e57","2026-08-12T14:37:25Z"
"results/bybit_lifecycle_daily/PUFFERUSDT_1728909421000_1786406400000.json","results/bybit_lifecycle_daily/PUFFERUSDT_1728909421000_1786406400000.json","46027","db0eb92f991efef1f0bedf1ef13efdfe28d7f5eca8c434020304882e87a601de","2026-08-12T14:37:25Z"
"results/bybit_lifecycle_daily/PUMPBTCUSDT_1744359394000_1784538000000.json","results/bybit_lifecycle_daily/PUMPBTCUSDT_1744359394000_1784538000000.json","33660","c20423bea6494500415a26ea6acfbb50a476c3f8308964bde633b87af46cf135","2026-08-12T14:37:25Z"
"results/bybit_lifecycle_daily/PUMPFUNUSDT_1752119132000_1786406400000.json","results/bybit_lifecycle_daily/PUMPFUNUSDT_1752119132000_1786406400000.json","32495","7584c9c9513b2d6f5c3fd096ffdf40d897b56d4ec9c8ba66680db214a28ce77a","2026-08-12T14:37:25Z"
"results/bybit_lifecycle_daily/PUMPUSDT_1744359394000_1748919600000.json","results/bybit_lifecycle_daily/PUMPUSDT_1744359394000_1748919600000.json","3782","e9fe84ed4c686e76d3ae9977e0a67cc431f350617bd178bf0e9d94581306f7f4","2026-08-12T14:37:25Z"
"results/bybit_lifecycle_daily/PUNDIXUSDT_1746011520000_1786406400000.json","results/bybit_lifecycle_daily/PUNDIXUSDT_1746011520000_1786406400000.json","31609","d9850657e77aa7a2c2f9533099570bdb52a247ef48318744ac315b7e612b104d","2026-08-12T14:37:25Z"
"results/bybit_lifecycle_daily/PUNDUUSDT_1711621032000_1720432800000.json","results/bybit_lifecycle_daily/PUNDUUSDT_1711621032000_1720432800000.json","7315","96d5e0d32447b12a24b3e83dc8caefadb0bbae4580b744bc654f12acf62ebb7a","2026-08-12T14:37:25Z"
"results/bybit_lifecycle_daily/PURRUSDT_1783676933000_1786406400000.json","results/bybit_lifecycle_daily/PURRUSDT_1783676933000_1786406400000.json","1856","6ba2c3e39865f9b55d6408b99b16ceacea3753efb478b2ce3543b2b9bee157b8","2026-08-12T14:37:25Z"
"results/bybit_lifecycle_daily/PYPLUSDT_1785405333000_1786406400000.json","results/bybit_lifecycle_daily/PYPLUSDT_1785405333000_1786406400000.json","692","c188f006f88e8c383e0bce06e55ebf80962336b4b3c4afefeab67bcef4eb0e98","2026-08-12T14:37:25Z"
"results/bybit_lifecycle_daily/PYRUSDT_1728289161000_1781168400000.json","results/bybit_lifecycle_daily/PYRUSDT_1728289161000_1781168400000.json","37700","a93d900f1c80bb794b0534f9429fadd553fcfa8a7c03111859a03bb22a75b177","2026-08-12T14:37:26Z"
"results/bybit_lifecycle_daily/PYTHUSDT_1700543350000_1786406400000.json","results/bybit_lifecycle_daily/PYTHUSDT_1700543350000_1786406400000.json","69113","1828a1878abbf56617450b2436d0fdcdb871028d7f0c84474dd7d2645b469eef","2026-08-12T14:37:25Z"
"results/bybit_lifecycle_daily/QCOMUSDT_1779783510000_1786406400000.json","results/bybit_lifecycle_daily/QCOMUSDT_1779783510000_1786406400000.json","4873","adf5dacbb5c537083952fe9057d3018212fe5445589f79eef2d32b25350726bf","2026-08-12T14:37:25Z"
"results/bybit_lifecycle_daily/QIUSDT_1702365139000_1759744800000.json","results/bybit_lifecycle_daily/QIUSDT_1702365139000_1759744800000.json","48101","b8a40f7a057ba60f55a4f15789dc0be7eee0a11a18484c453395a8672ae81475","2026-08-12T14:37:26Z"
"results/bybit_lifecycle_daily/QNTUSDT_1687154400000_1786406400000.json","results/bybit_lifecycle_daily/QNTUSDT_1687154400000_1786406400000.json","71670","82f4be00bcd994c6c7467cc28d05988e9d08e4c1ac42a4fa4fd1b935bacb1137","2026-08-12T14:37:26Z"
"results/bybit_lifecycle_daily/QNTXUSDT_1780994116000_1786406400000.json","results/bybit_lifecycle_daily/QNTXUSDT_1780994116000_1786406400000.json","3704","66fcd13df02468eed79830c305bc8940ce77ecaa63441bc2e9e24d2e3a5065d2","2026-08-12T14:37:26Z"
"results/bybit_lifecycle_daily/QQQUSDT_1778142025000_1786406400000.json","results/bybit_lifecycle_daily/QQQUSDT_1778142025000_1786406400000.json","6086","0c0602c26bcfd02a9f8caa1f8d153007d5979b9dbc5744c786cfd714b208fd92","2026-08-12T14:37:26Z"
"results/bybit_lifecycle_daily/QTUMUSDT_1660348800000_1786406400000.json","results/bybit_lifecycle_daily/QTUMUSDT_1660348800000_1786406400000.json","89504","ce38e844f1bcf54aa6bbf1fdf65a69168bc52688a2d0228e18d5d580ba45e81d","2026-08-12T14:37:26Z"
"results/bybit_lifecycle_daily/QUICKUSDT_1725958621000_1764579600000.json","results/bybit_lifecycle_daily/QUICKUSDT_1725958621000_1764579600000.json","31365","26f7be516f73f963a7b3ef6881041d2c003b356aec1ef05e7b47255b3766a0e1","2026-08-12T14:37:26Z"
"results/bybit_lifecycle_daily/QUSDT_1757673982000_1786406400000.json","results/bybit_lifecycle_daily/QUSDT_1757673982000_1786406400000.json","25354","1ea9661f2b7e5173a53af89c1cd067aabf8f719b2f2f610203d217331071d127","2026-08-12T14:37:26Z"
"results/bybit_lifecycle_daily/RADUSDT_1686210174000_1764147600000.json","results/bybit_lifecycle_daily/RADUSDT_1686210174000_1764147600000.json","56870","68a35e902aa9df28f6a0fecd38addc2ceeb8e654abe7954e5b9ddc60b8c5fe0a","2026-08-12T14:37:26Z"
"results/bybit_lifecycle_daily/RAREUSDT_1701067684000_1786406400000.json","results/bybit_lifecycle_daily/RAREUSDT_1701067684000_1786406400000.json","69760","69602977e181134a4ddef231ee839eee5c29edc620832e376c0693c962ef7b07","2026-08-12T14:37:26Z"
"results/bybit_lifecycle_daily/RAVEUSDT_1765777812000_1786406400000.json","results/bybit_lifecycle_daily/RAVEUSDT_1765777812000_1786406400000.json","17250","7f99bd3f97cbf131ccd605757a3923072e6a6cd43fbe808754bef0999d18ad22","2026-08-12T14:37:26Z"
"results/bybit_lifecycle_daily/RAYDIUMUSDT_1717492319000_1786406400000.json","results/bybit_lifecycle_daily/RAYDIUMUSDT_1717492319000_1786406400000.json","53093","1671676528708e2edc7cea7fbf25a26eba62c13495b6e4493f44c1dcf5ab5b0c","2026-08-12T14:37:26Z"
"results/bybit_lifecycle_daily/RAYUSDT_1660348800000_1668484800000.json","results/bybit_lifecycle_daily/RAYUSDT_1660348800000_1668484800000.json","5777","acdbf07aa9c86f236f4a162513d780d8a78185cab2c49a08a9bf4c437b4a4fe7","2026-08-12T14:37:26Z"
"results/bybit_lifecycle_daily/RDDTUSDT_1785838016000_1786406400000.json","results/bybit_lifecycle_daily/RDDTUSDT_1785838016000_1786406400000.json","433","175e179ad51a6d4c564332bb4b64032515c26685bcff13a0eeb78fb547cb7284","2026-08-12T14:37:26Z"
"results/bybit_lifecycle_daily/RDNTUSDT_1681715107000_1777539600000.json","results/bybit_lifecycle_daily/RDNTUSDT_1681715107000_1777539600000.json","79297","6d50608787b10749ddba1d72206816d26939e62d1ac6a7c808e49228bb474857","2026-08-12T14:37:27Z"
"results/bybit_lifecycle_daily/RDWUSDT_1784193845000_1786406400000.json","results/bybit_lifecycle_daily/RDWUSDT_1784193845000_1786406400000.json","1628","4b17614229f6290809790580b3709610410866d4aab67e286a3389a994f7ebc7","2026-08-12T14:37:26Z"
"results/bybit_lifecycle_daily/RECALLUSDT_1760530869000_1786406400000.json","results/bybit_lifecycle_daily/RECALLUSDT_1760530869000_1786406400000.json","21174","dfa2aea62f87c31aeac5688abcee3812fdc82bab87c966e1356e45cdcf786ce5","2026-08-12T14:37:26Z"
"results/bybit_lifecycle_daily/REDUSDT_1740552652000_1786406400000.json","results/bybit_lifecycle_daily/REDUSDT_1740552652000_1786406400000.json","36257","f1cb4b4384c04eca15cf8e8e4e55094cf11afd57d100c755dc6b1326db4974f4","2026-08-12T14:37:26Z"
"results/bybit_lifecycle_daily/REEFUSDT_1660348800000_1737536400000.json","results/bybit_lifecycle_daily/REEFUSDT_1660348800000_1737536400000.json","68872","30a3dde7011bf27d2c30bd7bb70056884f06ac0293765b948e4b9b5d9f7a47cb","2026-08-12T14:37:27Z"
"results/bybit_lifecycle_daily/REGNUSDT_1785489815000_1786406400000.json","results/bybit_lifecycle_daily/REGNUSDT_1785489815000_1786406400000.json","686","d2a9b5dd0776c5a9a8cc5efc30b91fe8022f076d472ad2b613a94bf25b98c12b","2026-08-12T14:37:26Z"
"results/bybit_lifecycle_daily/RENDERUSDT_1721982407000_1786406400000.json","results/bybit_lifecycle_daily/RENDERUSDT_1721982407000_1786406400000.json","48395","94d6db8fa96a36c2542a6a056e795dd9fc2b5a656edfa7d1ba9b2db6b2740dd6","2026-08-12T14:37:27Z"
"results/bybit_lifecycle_daily/RENUSDT_1660348800000_1741251600000.json","results/bybit_lifecycle_daily/RENUSDT_1660348800000_1741251600000.json","67830","1a1b7003ae6eee6a920dd44ee2975d4e66183560e50e75255d359393c80ff6bf","2026-08-12T14:37:27Z"
"results/bybit_lifecycle_daily/REQUSDT_1660348800000_1780477200000.json","results/bybit_lifecycle_daily/REQUSDT_1660348800000_1780477200000.json","97253","4cd1fd58295118d49bd6d6934ebb5a6e1ce9c654f9b2617645117a75cdc8c280","2026-08-12T14:37:27Z"
"results/bybit_lifecycle_daily/RESOLVUSDT_1749561099000_1786406400000.json","results/bybit_lifecycle_daily/RESOLVUSDT_1749561099000_1786406400000.json","30489","9ae039ea673f8e2c75e4342ee170e009a9340152e9407e1d8f20bc2fc0e1ee5c","2026-08-12T14:37:27Z"
"results/bybit_lifecycle_daily/REUSDT_1781792305000_1786406400000.json","results/bybit_lifecycle_daily/REUSDT_1781792305000_1786406400000.json","3659","1b2f42c16c2e7854d8d25ea0da9e39a68890fcfc06c8e932d2f32d43d5393451","2026-08-12T14:37:27Z"
"results/bybit_lifecycle_daily/REXUSDT_1736412456000_1760346000000.json","results/bybit_lifecycle_daily/REXUSDT_1736412456000_1760346000000.json","19911","a7c4a3d9ed1db4546e7c9539eac00557d4714cd8e630ea2d370c6e1cd99ae780","2026-08-12T14:37:27Z"
"results/bybit_lifecycle_daily/REZUSDT_1715154797000_1786406400000.json","results/bybit_lifecycle_daily/REZUSDT_1715154797000_1786406400000.json","60316","9f5b1516249d98bdc24a3cf6d71421664952f109d288662e02544d5b4ddc72dd","2026-08-12T14:37:27Z"
"results/bybit_lifecycle_daily/RFCUSDT_1744615829000_1760778000000.json","results/bybit_lifecycle_daily/RFCUSDT_1744615829000_1760778000000.json","13795","f3172c0520a50f6486be1d15ec6a4b5aa0445cd2e22b71675cf85e3c77776db4","2026-08-12T14:37:27Z"
"results/bybit_lifecycle_daily/RHEAUSDT_1754478823000_1760707800000.json","results/bybit_lifecycle_daily/RHEAUSDT_1754478823000_1760707800000.json","5080","ca9ebf468fc770e339fc1d8e3862c6da8e8a82851b5c677a6f598fe0d29aad08","2026-08-12T14:37:27Z"
"results/bybit_lifecycle_daily/RIFSOLUSDT_1731924474000_1744016400000.json","results/bybit_lifecycle_daily/RIFSOLUSDT_1731924474000_1744016400000.json","10523","b6ba01bedf46d72eca679af3cef32c5dcd7c08a80e2dc907f63b248c3f7db0eb","2026-08-12T14:37:27Z"
"results/bybit_lifecycle_daily/RIFUSDT_1698044016000_1764579600000.json","results/bybit_lifecycle_daily/RIFUSDT_1698044016000_1764579600000.json","53009","fd6aa1ccb70b1ca3c355349ab085127e9b08b0b5f44a336b003d25d1f54a11cf","2026-08-12T14:37:27Z"
"results/bybit_lifecycle_daily/RIVERUSDT_1761136287000_1786406400000.json","results/bybit_lifecycle_daily/RIVERUSDT_1761136287000_1786406400000.json","18784","26888dfd6f63ee02b112995bfad8536e51dbb5c375c4872164fd0bfcacb56410","2026-08-12T14:37:27Z"
"results/bybit_lifecycle_daily/RIVNUSDT_1784538418000_1786406400000.json","results/bybit_lifecycle_daily/RIVNUSDT_1784538418000_1786406400000.json","1296","64c499265d893d1865f0400ea576ef5e7b13be4e5185de5a75def396d27b84bd","2026-08-12T14:37:27Z"
"results/bybit_lifecycle_daily/RKLBUSDT_1779263322000_1786406400000.json","results/bybit_lifecycle_daily/RKLBUSDT_1779263322000_1786406400000.json","5138","dabae65eecf5ed5c3bdf1b26777fe5b63ccead5deb0b3c7114ac2d9f23eaa33f","2026-08-12T14:37:27Z"
"results/bybit_lifecycle_daily/RLCUSDT_1679468899000_1786406400000.json","results/bybit_lifecycle_daily/RLCUSDT_1679468899000_1786406400000.json","81097","da8886a3be44b85c1706b35fc5fece83bc3fa21da5529d7f72b82dd9272a2822","2026-08-12T14:37:28Z"
"results/bybit_lifecycle_daily/RLSUSDT_1764669252000_1776330000000.json","results/bybit_lifecycle_daily/RLSUSDT_1764669252000_1776330000000.json","10282","118a2aa93dce12ce604507fe222537c57d64d3dedbb0674a0cc49c42976b8793","2026-08-12T14:37:27Z"
"results/bybit_lifecycle_daily/RLUSDUSDT_1758895535000_1786406400000.json","results/bybit_lifecycle_daily/RLUSDUSDT_1758895535000_1786406400000.json","19945","142df77aad4dbe70288473f585193ad77f4e33d6f94fae4a38a51c9cf6751746","2026-08-12T14:37:27Z"
"results/bybit_lifecycle_daily/RNDRUSDT_1660348800000_1721642400000.json","results/bybit_lifecycle_daily/RNDRUSDT_1660348800000_1721642400000.json","48904","295033c23fd4a743858a99ba16a5838495b07480834abfb7304e0157402c680f","2026-08-12T14:37:28Z"
"results/bybit_lifecycle_daily/ROAMUSDT_1741333231000_1785142800000.json","results/bybit_lifecycle_daily/ROAMUSDT_1741333231000_1785142800000.json","35945","c942052f51c7225ecce8b60d67d9649a9c5eabc499e2c58a79179803bebc8162","2026-08-12T14:37:28Z"
"results/bybit_lifecycle_daily/ROBOUSDT_1772011862000_1786406400000.json","results/bybit_lifecycle_daily/ROBOUSDT_1772011862000_1786406400000.json","12050","292d745f164e1841c58fadc1834a94ab60e651e1659bad53617d9564514a7117","2026-08-12T14:37:28Z"
"results/bybit_lifecycle_daily/RONINUSDT_1739430673000_1786406400000.json","results/bybit_lifecycle_daily/RONINUSDT_1739430673000_1786406400000.json","36815","a26d3cf3e55c4ea517dbcf99ab3913603a69612578c3f18b723480bb96ae5c14","2026-08-12T14:37:28Z"
"results/bybit_lifecycle_daily/RONUSDT_1708415298000_1737882000000.json","results/bybit_lifecycle_daily/RONUSDT_1708415298000_1737882000000.json","20816","8243b6a5de26112a780afa9e95835e1e52a7edb9a7e2a0dd91b2e91131d1fab2","2026-08-12T14:37:28Z"
"results/bybit_lifecycle_daily/ROSEUSDT_1660348800000_1786406400000.json","results/bybit_lifecycle_daily/ROSEUSDT_1660348800000_1786406400000.json","105904","e200a2cdfb2f9f112c633fe58ba344a320ec20a54203ea2442af69ddbe2e0992","2026-08-12T14:37:28Z"
"results/bybit_lifecycle_daily/RPLUSDT_1677655946000_1786406400000.json","results/bybit_lifecycle_daily/RPLUSDT_1677655946000_1786406400000.json","80156","1cbb8c4901cc7e4f49f7286b46baa7abb3806c6e456c36f270b913a6613659c3","2026-08-12T14:37:28Z"
"results/bybit_lifecycle_daily/RSRUSDT_1660348800000_1786406400000.json","results/bybit_lifecycle_daily/RSRUSDT_1660348800000_1786406400000.json","112946","b00860deebe573aa674d1e1f02decb179e33cec3df3da3a86c5bc30fb3b8060e","2026-08-12T14:37:28Z"
"results/bybit_lifecycle_daily/RSS3USDT_1660348800000_1764147600000.json","results/bybit_lifecycle_daily/RSS3USDT_1660348800000_1764147600000.json","84063","79aee1da5252fca5e63b43321ade4ccbd298d9f14767895fc0a8322aae668315","2026-08-12T14:37:28Z"
"results/bybit_lifecycle_daily/RUNEUSDT_1660348800000_1786406400000.json","results/bybit_lifecycle_daily/RUNEUSDT_1660348800000_1786406400000.json","93466","66922e2c8a746f37bee187754025778b01f407ab35c3c059ffd014503efc07ca","2026-08-12T14:37:28Z"
"results/bybit_lifecycle_daily/RVNUSDT_1660348800000_1786406400000.json","results/bybit_lifecycle_daily/RVNUSDT_1660348800000_1786406400000.json","105863","ac6cab7ef8aada3f306950aba2d124e161aed058dd074c4a6646b3d2bdc32fc5","2026-08-12T14:37:28Z"
"results/bybit_lifecycle_daily/SAFEUSDT_1714382689000_1786406400000.json","results/bybit_lifecycle_daily/SAFEUSDT_1714382689000_1786406400000.json","57089","25687be18166369dd5e30a61df330b8f7147928265538437213f77ce6e2b8218","2026-08-12T14:37:28Z"
"results/bybit_lifecycle_daily/SAGAUSDT_1712662154000_1786406400000.json","results/bybit_lifecycle_daily/SAGAUSDT_1712662154000_1786406400000.json","59314","6744df9b12498568ef66d69e6930381d308edb35dcfd6ba44bb2dcf4a683341e","2026-08-12T14:37:28Z"
"results/bybit_lifecycle_daily/SAHARAUSDT_1750417893000_1786406400000.json","results/bybit_lifecycle_daily/SAHARAUSDT_1750417893000_1786406400000.json","31509","cf2959632bec9a2c22c00023ec01336228a0a7800eb6946fc2faf2ce176e0f91","2026-08-12T14:37:28Z"
"results/bybit_lifecycle_daily/SAMSUNGUSDT_1780540679000_1786406400000.json","results/bybit_lifecycle_daily/SAMSUNGUSDT_1780540679000_1786406400000.json","4359","ad7e58d3e2b617a89f70bb6a4bafb19006986e6dc57de15efe94d76f1a218a9c","2026-08-12T14:37:29Z"
"results/bybit_lifecycle_daily/SANDUSDT_1660348800000_1786406400000.json","results/bybit_lifecycle_daily/SANDUSDT_1660348800000_1786406400000.json","100511","b1d35afb1ed3a0095c44b008eacc26d787e3f9714d4719ca11fe631eed78aaac","2026-08-12T14:37:29Z"
"results/bybit_lifecycle_daily/SAPIENUSDT_1755710378000_1786406400000.json","results/bybit_lifecycle_daily/SAPIENUSDT_1755710378000_1786406400000.json","25438","79da196cbcbef918bab10f5a59b18b2fe81516fde507430c8425d8f581353bbd","2026-08-12T14:37:29Z"
"results/bybit_lifecycle_daily/SAROSUSDT_1747727292000_1770800400000.json","results/bybit_lifecycle_daily/SAROSUSDT_1747727292000_1770800400000.json","19579","04201879d36392a2846df3e68268686fe2c0ffd774370d489c8f13ffaa44a2cc","2026-08-12T14:37:29Z"
"results/bybit_lifecycle_daily/SCAUSDT_1710310660000_1761057000000.json","results/bybit_lifecycle_daily/SCAUSDT_1710310660000_1761057000000.json","40244","1fcdfcb94a8ced6f4b90dafffbdf5466ee74546b7820c545b4f60ce0731dbe10","2026-08-12T14:37:29Z"
"results/bybit_lifecycle_daily/SCRTUSDT_1660348800000_1786406400000.json","results/bybit_lifecycle_daily/SCRTUSDT_1660348800000_1786406400000.json","97122","02f14b9b26a9de624ad0a7cb33ad1c8f299f85b909e3cff46f8a3be1186f1d3a","2026-08-12T14:37:29Z"
"results/bybit_lifecycle_daily/SCRUSDT_1728390358000_1783674000000.json","results/bybit_lifecycle_daily/SCRUSDT_1728390358000_1783674000000.json","43376","e034c4d1507e436c64d05a2649ad95004997be30e7ebedd01d8edebe870391c0","2026-08-12T14:37:29Z"
"results/bybit_lifecycle_daily/SCUSDT_1660348800000_1781168400000.json","results/bybit_lifecycle_daily/SCUSDT_1660348800000_1781168400000.json","106683","d57211f6621ea3dc5e6c989980378a159ea81e5209822cc28fab92a2e203f6a6","2026-08-12T14:37:29Z"
"results/bybit_lifecycle_daily/SDUSDT_1731570811000_1772787600000.json","results/bybit_lifecycle_daily/SDUSDT_1731570811000_1772787600000.json","31321","234758b376e37be1c7a7421130fb83a4b14cb11fb7caba40b79c1d2c0a2b5ba0","2026-08-12T14:37:29Z"
"results/bybit_lifecycle_daily/SEIUSDT_1692156527000_1786406400000.json","results/bybit_lifecycle_daily/SEIUSDT_1692156527000_1786406400000.json","77837","1bfab5242466e746c728a5f6e6b9ce8a3db04041198836a77ef26fa528d6b0ae","2026-08-12T14:37:29Z"
"results/bybit_lifecycle_daily/SENDUSDT_1734078707000_1760778000000.json","results/bybit_lifecycle_daily/SENDUSDT_1734078707000_1760778000000.json","20173","ec0f1e6faf6f86e9c5b951f3e5039dd269a029887a3604cb34971741f18045b5","2026-08-12T14:37:29Z"
"results/bybit_lifecycle_daily/SENTUSDT_1763190588000_1786406400000.json","results/bybit_lifecycle_daily/SENTUSDT_1763190588000_1786406400000.json","20162","00b19ea46475a375ee6d118f1abd1d12a29c553d8a8c825adab788d6a8586196","2026-08-12T14:37:29Z"
"results/bybit_lifecycle_daily/SERAPHUSDT_1741680988000_1760779800000.json","results/bybit_lifecycle_daily/SERAPHUSDT_1741680988000_1760779800000.json","15694","bb2ac6929bc4c30f5845c0f0c9ad6514943fbf8c36c3e4a80d53265e9676c9f1","2026-08-12T14:37:29Z"
"results/bybit_lifecycle_daily/SFPUSDT_1660348800000_1775714400000.json","results/bybit_lifecycle_daily/SFPUSDT_1660348800000_1775714400000.json","88528","4e4b843bf78ee553a3158a47a60c020d2950e9620ac601535f6de48c5fecd8de","2026-08-12T14:37:30Z"
"results/bybit_lifecycle_daily/SHAZUSDT_1783500224000_1786406400000.json","results/bybit_lifecycle_daily/SHAZUSDT_1783500224000_1786406400000.json","2024","2a08b08f28c7eb806f21595c76b15c66d19d2e8118d61ee418963dd4e1fe23c7","2026-08-12T14:37:29Z"
"results/bybit_lifecycle_daily/SHELLUSDT_1739777623000_1786406400000.json","results/bybit_lifecycle_daily/SHELLUSDT_1739777623000_1786406400000.json","37242","ce2b5e2f1e6f8b58dce5ef1041a59d78fd6304ebc84353e27338ba2401259377","2026-08-12T14:37:30Z"
"results/bybit_lifecycle_daily/SHIB1000USDT_1660348800000_1786406400000.json","results/bybit_lifecycle_daily/SHIB1000USDT_1660348800000_1786406400000.json","115234","25378d5381d8489d92e1574911887076f1c69da648a1a1c0f65c33ff876f322d","2026-08-12T14:37:30Z"
"results/bybit_lifecycle_daily/SHOPUSDT_1785924124000_1786406400000.json","results/bybit_lifecycle_daily/SHOPUSDT_1785924124000_1786406400000.json","382","10d4322bef844bf203145514af1fdc48b5d7983d37ea4f5097c696595e0b0d5e","2026-08-12T14:37:30Z"
"results/bybit_lifecycle_daily/SIGNUSDT_1745838563000_1786406400000.json","results/bybit_lifecycle_daily/SIGNUSDT_1745838563000_1786406400000.json","33953","2f4da468423bf7ce00b506d10820eaa8f7efedc347f2b0f6153e7f296bf15ec5","2026-08-12T14:37:30Z"
"results/bybit_lifecycle_daily/SILLYUSDT_1703666783000_1738227600000.json","results/bybit_lifecycle_daily/SILLYUSDT_1703666783000_1738227600000.json","29130","dcc4316018888800f7ed50a729c1cd491486d9c335408d54ae8c07edc923f3c7","2026-08-12T14:37:30Z"
"results/bybit_lifecycle_daily/SIRENUSDT_1742613642000_1786406400000.json","results/bybit_lifecycle_daily/SIRENUSDT_1742613642000_1786406400000.json","36482","2b95f47a307d20cfa0d1b319b67d403f5f7699c7bf5a5c455f82760908c1af35","2026-08-12T14:37:30Z"
"results/bybit_lifecycle_daily/SKATEUSDT_1749463898000_1761055200000.json","results/bybit_lifecycle_daily/SKATEUSDT_1749463898000_1761055200000.json","9737","481fe0c8ee38fb9d1527b74bcef1e98e649de99ee042af6e37d1e0545d6e9349","2026-08-12T14:37:30Z"
"results/bybit_lifecycle_daily/SKDDUSDT_1786355591000_1786406400000.json","results/bybit_lifecycle_daily/SKDDUSDT_1786355591000_1786406400000.json","62","391d2c2b1513a4fb6acc4628298cfcb57505ac738f3cd964bdd5af846b803b0a","2026-08-12T14:37:30Z"
"results/bybit_lifecycle_daily/SKHYNIXUSDT_1780540536000_1786406400000.json","results/bybit_lifecycle_daily/SKHYNIXUSDT_1780540536000_1786406400000.json","4853","58948018547000b059a18846b79fbe9924c521f48f58b395ff2afdae6b83c554","2026-08-12T14:37:30Z"
"results/bybit_lifecycle_daily/SKHYUSDT_1783737596000_1786406400000.json","results/bybit_lifecycle_daily/SKHYUSDT_1783737596000_1786406400000.json","2067","a32883748058ead160fa3d88c6653cc5ac6fa0aac04c1ed1577ab233dab4e7f5","2026-08-12T14:37:30Z"
"results/bybit_lifecycle_daily/SKLUSDT_1660348800000_1786406400000.json","results/bybit_lifecycle_daily/SKLUSDT_1660348800000_1786406400000.json","105739","c4c40cec15cbd7d93df975ad1da55263a0d171a3370fa8e79187dae0dd92d4c2","2026-08-12T14:37:30Z"
"results/bybit_lifecycle_daily/SKRUSDT_1768904987000_1786406400000.json","results/bybit_lifecycle_daily/SKRUSDT_1768904987000_1786406400000.json","15563","0ca0d9a4543d4927c7360d86856f82a107104cb3066c6d90c3b4200f166a5e46","2026-08-12T14:37:30Z"
"results/bybit_lifecycle_daily/SKUUUSDT_1786355301000_1786406400000.json","results/bybit_lifecycle_daily/SKUUUSDT_1786355301000_1786406400000.json","60","7106a22d78c6aed505596c79f311d7884a335f0abc61c161324367b395cfe040","2026-08-12T14:37:30Z"
"results/bybit_lifecycle_daily/SKYAI1USDT_1779697382000_1786406400000.json","results/bybit_lifecycle_daily/SKYAI1USDT_1779697382000_1786406400000.json","5619","ea784bfa1040aeff6f60b518e42a49bd647570b0150ee97e40a23816a7cf18ec","2026-08-12T14:37:30Z"
"results/bybit_lifecycle_daily/SKYAIUSDT_1747131653000_1772787600000.json","results/bybit_lifecycle_daily/SKYAIUSDT_1747131653000_1772787600000.json","20936","7c8b66c6cdc1d6dbba5d9acf00dbdcb0d40b8c0f1ea32a98560ad47462b4a856","2026-08-12T14:37:30Z"
"results/bybit_lifecycle_daily/SKYUSDT_1754900886000_1786406400000.json","results/bybit_lifecycle_daily/SKYUSDT_1754900886000_1786406400000.json","25985","58aa73a5521152b5d72690ca464c82e0446cd6a80f05ad03567a277687a7c833","2026-08-12T14:37:30Z"
"results/bybit_lifecycle_daily/SLERFUSDT_1710761101000_1759395600000.json","results/bybit_lifecycle_daily/SLERFUSDT_1710761101000_1759395600000.json","38955","d4c6f4b3b06999694afdb569419dcbee87dae38d73c117bad01eff57645c28f9","2026-08-12T14:37:31Z"
"results/bybit_lifecycle_daily/SLFUSDT_1725353953000_1758272400000.json","results/bybit_lifecycle_daily/SLFUSDT_1725353953000_1758272400000.json","25301","27d5ce6935f40b74e943a0c66dd1b5d47c848c0d3f10bee73c09dd4f394b6494","2026-08-12T14:37:31Z"
"results/bybit_lifecycle_daily/SLPUSDT_1660348800000_1786406400000.json","results/bybit_lifecycle_daily/SLPUSDT_1660348800000_1786406400000.json","112206","f0eec18a7fda0a43f6767046af87285f99c58ee1428c3d20f76434a9f5939e1d","2026-08-12T14:37:31Z"
"results/bybit_lifecycle_daily/SLXUSDT_1780300549000_1786406400000.json","results/bybit_lifecycle_daily/SLXUSDT_1780300549000_1786406400000.json","4964","82edbb7733de33e25b1a791989acef04f79b268262110e303e4501d67d087a31","2026-08-12T14:37:30Z"
"results/bybit_lifecycle_daily/SMCIUSDT_1782287292000_1786406400000.json","results/bybit_lifecycle_daily/SMCIUSDT_1782287292000_1786406400000.json","2836","d83247cdc3a497f27a0cc4c8bdc79a361421957ec3325e3d838e01a3a763c5e4","2026-08-12T14:37:30Z"
"results/bybit_lifecycle_daily/SMHUSDT_1784104673000_1786406400000.json","results/bybit_lifecycle_daily/SMHUSDT_1784104673000_1786406400000.json","1686","1d469adff8c5af3b3b8c5c058dd220084756eff815ac1527b294b652b84fd989","2026-08-12T14:37:31Z"
"results/bybit_lifecycle_daily/SNDKUSDT_1777364384000_1786406400000.json","results/bybit_lifecycle_daily/SNDKUSDT_1777364384000_1786406400000.json","7263","46902e73776149d2969ad58bb33dec5346f951a8619032b1ab21938400bac3ff","2026-08-12T14:37:31Z"
"results/bybit_lifecycle_daily/SNOWUSDT_1783677139000_1786406400000.json","results/bybit_lifecycle_daily/SNOWUSDT_1783677139000_1786406400000.json","1986","21e43f6998dac1383265b756f3630a4f36dea3ed610db39b41bd38aa896385f2","2026-08-12T14:37:31Z"
"results/bybit_lifecycle_daily/SNTUSDT_1698913694000_1786406400000.json","results/bybit_lifecycle_daily/SNTUSDT_1698913694000_1786406400000.json","73030","d3a4a5a6259ee3d45b139a4dab605277296f41b87c280e5e46880ad20e57ba65","2026-08-12T14:37:31Z"
"results/bybit_lifecycle_daily/SNXUSDT_1660348800000_1786406400000.json","results/bybit_lifecycle_daily/SNXUSDT_1660348800000_1786406400000.json","94108","b10df553c57bd0123196e0b5c7565719bb617ed7d6bcadd3904c0bf03c35ae40","2026-08-12T14:37:31Z"
"results/bybit_lifecycle_daily/SNXXUSDT_1784015916000_1786406400000.json","results/bybit_lifecycle_daily/SNXXUSDT_1784015916000_1786406400000.json","1748","9b7f8e4856c44223241c92499b27d3112ec736fae95235ed69ffec44359f2969","2026-08-12T14:37:31Z"
"results/bybit_lifecycle_daily/SOFIUSDT_1784709408000_1786406400000.json","results/bybit_lifecycle_daily/SOFIUSDT_1784709408000_1786406400000.json","1195","6c77b48faf74ae29c93c89adc78ff9be663dd0e5230826b62bb68b68c231c649","2026-08-12T14:37:31Z"
"results/bybit_lifecycle_daily/SOLAYERUSDT_1739283176000_1786406400000.json","results/bybit_lifecycle_daily/SOLAYERUSDT_1739283176000_1786406400000.json","37620","0eaf23e45181d2fefc6308d7bee593e260eb49913686ddbc65e5ef64ff01911a","2026-08-12T14:37:31Z"
"results/bybit_lifecycle_daily/SOLOUSDT_1735199812000_1760707800000.json","results/bybit_lifecycle_daily/SOLOUSDT_1735199812000_1760707800000.json","19304","0fefd35820d318581fa59dec655b58ac951222cbc10826bf4c31566dba9c6a49","2026-08-12T14:37:31Z"
"results/bybit_lifecycle_daily/SOLUSDT_1660348800000_1786406400000.json","results/bybit_lifecycle_daily/SOLUSDT_1660348800000_1786406400000.json","99393","f4923b381319f792f4f38572981c24a4e314b79cfbbcff1c660f2386313d01e9","2026-08-12T14:37:31Z"
"results/bybit_lifecycle_daily/SOLVUSDT_1737109311000_1782473400000.json","results/bybit_lifecycle_daily/SOLVUSDT_1737109311000_1782473400000.json","38961","738144df2c1f79e26aef5b4bc3749fbfa7ae9f3a92b2d41f98e60e47b07bc974","2026-08-12T14:37:31Z"
"results/bybit_lifecycle_daily/SOMIUSDT_1756823941000_1786406400000.json","results/bybit_lifecycle_daily/SOMIUSDT_1756823941000_1786406400000.json","24267","57ef904609e491bbe2ceffe1705cb91f350a06d5527308c059d1a1d12f379860","2026-08-12T14:37:31Z"
"results/bybit_lifecycle_daily/SONICUSDT_1736252695000_1786406400000.json","results/bybit_lifecycle_daily/SONICUSDT_1736252695000_1786406400000.json","40225","79b6348a41e1b09f819af9e55aa423ccfa416f78146e983a82b78bea6ac91975","2026-08-12T14:37:31Z"
"results/bybit_lifecycle_daily/SONYUSDT_1783500006000_1786406400000.json","results/bybit_lifecycle_daily/SONYUSDT_1783500006000_1786406400000.json","1968","1f09ca58ba47fdd65b4ae9f764a82cabb94111284323ffda06e854fe1305d0a5","2026-08-12T14:37:31Z"
"results/bybit_lifecycle_daily/SOONUSDT_1747990696000_1786406400000.json","results/bybit_lifecycle_daily/SOONUSDT_1747990696000_1786406400000.json","30775","5333768c35b576bd6a42b79eaffaf00f9fca3051af00b9473f7c1d53cd4d719a","2026-08-12T14:37:31Z"
"results/bybit_lifecycle_daily/SOPHUSDT_1748437483000_1786406400000.json","results/bybit_lifecycle_daily/SOPHUSDT_1748437483000_1786406400000.json","32536","153232162a56acd0dc497a0e4935b93a68f4de1afbd17b21e29380c72bddfb2e","2026-08-12T14:37:32Z"
"results/bybit_lifecycle_daily/SOSOUSDT_1750936079000_1786406400000.json","results/bybit_lifecycle_daily/SOSOUSDT_1750936079000_1786406400000.json","26772","4218a802a85afb38619145e7e7d713317272e31a46bc749cf29f59998c143309","2026-08-12T14:37:32Z"
"results/bybit_lifecycle_daily/SOXLUSDT_1779178631000_1786406400000.json","results/bybit_lifecycle_daily/SOXLUSDT_1779178631000_1786406400000.json","5639","9da894477810e16097eb258cd6f9a8a69e68b322135c3c5042f1ede2e633d165","2026-08-12T14:37:32Z"
"results/bybit_lifecycle_daily/SOXSUSDT_1784195821000_1786406400000.json","results/bybit_lifecycle_daily/SOXSUSDT_1784195821000_1786406400000.json","1617","722cca5a5ef3d5e96610a82baf988214e46d00b5916666368ff6681f941c3319","2026-08-12T14:37:32Z"
"results/bybit_lifecycle_daily/SOXXUSDT_1784626286000_1786406400000.json","results/bybit_lifecycle_daily/SOXXUSDT_1784626286000_1786406400000.json","1344","2f823dcd7ddf19b840ced15f8d944cbd46ce3cedf23010731566471421250d0f","2026-08-12T14:37:32Z"
"results/bybit_lifecycle_daily/SPACEUSDT_1769171029000_1786406400000.json","results/bybit_lifecycle_daily/SPACEUSDT_1769171029000_1786406400000.json","15348","56816e8c53fe148532ef1b27a8e9ed8e5e79e85fb08b975eabbc0a0256f01c84","2026-08-12T14:37:32Z"
"results/bybit_lifecycle_daily/SPCXUSDT_1781510821000_1786406400000.json","results/bybit_lifecycle_daily/SPCXUSDT_1781510821000_1786406400000.json","3834","13136fcb66f47383a9f6d3ed6abc4827149b2c023a24ca859e5b5515c91212b7","2026-08-12T14:37:32Z"
"results/bybit_lifecycle_daily/SPECUSDT_1716796795000_1759741200000.json","results/bybit_lifecycle_daily/SPECUSDT_1716796795000_1759741200000.json","31941","07d94b5d57c2f0c2b6a75bf892a040404ab8b545aade73572594275b7c1fd7bb","2026-08-12T14:37:32Z"
"results/bybit_lifecycle_daily/SPELLUSDT_1660348800000_1775714400000.json","results/bybit_lifecycle_daily/SPELLUSDT_1660348800000_1775714400000.json","107692","2b0c77fabf16e8e2fa201dc5555b64bfaecfba6a21c53b7d817157959b742048","2026-08-12T14:37:32Z"
"results/bybit_lifecycle_daily/SPKUSDT_1750151567000_1786406400000.json","results/bybit_lifecycle_daily/SPKUSDT_1750151567000_1786406400000.json","31030","a11ee128ff384a25e8e554fed2eff7fdc19dbfc5dccf6782acda0b3d23ba535a","2026-08-12T14:37:32Z"
"results/bybit_lifecycle_daily/SPORTFUNUSDT_1768814718000_1786406400000.json","results/bybit_lifecycle_daily/SPORTFUNUSDT_1768814718000_1786406400000.json","14321","bb00ce9c9ed41bfdf58c3292ccbd538816d51cbf57d53db0714d531ddd0241ff","2026-08-12T14:37:32Z"
"results/bybit_lifecycle_daily/SPOTUSDT_1785747058000_1786406400000.json","results/bybit_lifecycle_daily/SPOTUSDT_1785747058000_1786406400000.json","503","32677314c1c3510899af090161a5b6892d9f7d1c0a1e10d97d922f465d30116d","2026-08-12T14:37:32Z"
"results/bybit_lifecycle_daily/SPXUSDT_1730183497000_1786406400000.json","results/bybit_lifecycle_daily/SPXUSDT_1730183497000_1786406400000.json","44192","7229e3abd18df356107cbf7cb22ac9113c82767f4d1dc97c38ebb32b1a6b4517","2026-08-12T14:37:32Z"
"results/bybit_lifecycle_daily/SPYUSDT_1778745719000_1786406400000.json","results/bybit_lifecycle_daily/SPYUSDT_1778745719000_1786406400000.json","5554","08837e5a1bbb09db48c4f1779ba9caa91af3a7744a171b9cb2308cfdb15fe2ac","2026-08-12T14:37:32Z"
"results/bybit_lifecycle_daily/SQDUSDT_1749641005000_1786406400000.json","results/bybit_lifecycle_daily/SQDUSDT_1749641005000_1786406400000.json","30145","cdd6b65caa0f183f927c4bb3a636ade1ba9975e2af57a9d857ade1505fd92d15","2026-08-12T14:37:32Z"
"results/bybit_lifecycle_daily/SQQQUSDT_1782813258000_1786406400000.json","results/bybit_lifecycle_daily/SQQQUSDT_1782813258000_1786406400000.json","2481","cd21783e6fccfc902e8287f42cfa0c96a466f68c85d8cd94760e34e1c6ce0ab4","2026-08-12T14:37:32Z"
"results/bybit_lifecycle_daily/SRMUSDT_1660348800000_1668481200000.json","results/bybit_lifecycle_daily/SRMUSDT_1660348800000_1668481200000.json","5921","7af65cdda09e4d79c82e805b31adebab45a2b31077f166899a629894f0c7410c","2026-08-12T14:37:32Z"
"results/bybit_lifecycle_daily/SSPCUSDT_1785317839000_1786406400000.json","results/bybit_lifecycle_daily/SSPCUSDT_1785317839000_1786406400000.json","793","ab9afdb6bdc822a220410ea5ac412b3dc3deaa22c32b9db940443e1d01d9c091","2026-08-12T14:37:32Z"
"results/bybit_lifecycle_daily/SSVUSDT_1677655670000_1786406400000.json","results/bybit_lifecycle_daily/SSVUSDT_1677655670000_1786406400000.json","80302","cc39fc561473a1b4dd104462f59af12a008725ae22050140b77f5790e64d7644","2026-08-12T14:37:33Z"
"results/bybit_lifecycle_daily/STABLEUSDT_1762433433000_1786406400000.json","results/bybit_lifecycle_daily/STABLEUSDT_1762433433000_1786406400000.json","21092","5e2fb91a02a528e3d9dd27a1aec49dc5d78e541a3a02941883e4417bcb3777b1","2026-08-12T14:37:32Z"
"results/bybit_lifecycle_daily/STBLUSDT_1758103139000_1786406400000.json","results/bybit_lifecycle_daily/STBLUSDT_1758103139000_1786406400000.json","23608","83fba85a6ff55289d1b6a80200fced3efef2fbb2ef7d54826d8318618cb199ab","2026-08-12T14:37:32Z"
"results/bybit_lifecycle_daily/STEEMUSDT_1698215382000_1786406400000.json","results/bybit_lifecycle_daily/STEEMUSDT_1698215382000_1786406400000.json","68981","09945e57b21f21a94becfdd1090db97783def29c67a85697cc5c839838281a6c","2026-08-12T14:37:33Z"
"results/bybit_lifecycle_daily/STGUSDT_1661493459000_1786406400000.json","results/bybit_lifecycle_daily/STGUSDT_1661493459000_1786406400000.json","98439","f1241038cc0ee36dd1270644809d08cc5ad16f005a436e39cb917760751cd64b","2026-08-12T14:37:33Z"
"results/bybit_lifecycle_daily/STMXUSDT_1660348800000_1740304800000.json","results/bybit_lifecycle_daily/STMXUSDT_1660348800000_1740304800000.json","70951","c381076b47f2b3eeb9f5e07e818f6ffd026a72a13d988bce45ccb5995a62b9ae","2026-08-12T14:37:33Z"
"results/bybit_lifecycle_daily/STORJUSDT_1660348800000_1786406400000.json","results/bybit_lifecycle_daily/STORJUSDT_1660348800000_1786406400000.json","98896","f41e9f79c28a4a82a0f54b2249ab9cbdd5600166e89041695fd3d48584ab1bb1","2026-08-12T14:37:33Z"
"results/bybit_lifecycle_daily/STOUSDT_1744795735000_1786406400000.json","results/bybit_lifecycle_daily/STOUSDT_1744795735000_1786406400000.json","34398","752caf0703439740b92c82a6ce5420a628008319cba5f44077b778e676b1d0f8","2026-08-12T14:37:33Z"
"results/bybit_lifecycle_daily/STPTUSDT_1696326377000_1747465200000.json","results/bybit_lifecycle_daily/STPTUSDT_1696326377000_1747465200000.json","42107","5023b86d8fbd29483f38b383c6b9ea72d06835d1d9a27e0d509fe66a62af6a07","2026-08-12T14:37:33Z"
"results/bybit_lifecycle_daily/STRAXUSDT_1696837970000_1710914400000.json","results/bybit_lifecycle_daily/STRAXUSDT_1696837970000_1710914400000.json","10186","b7b3b75ed4daf83da71c6bfb6fbd6ee67d610979bb47f82d62f76befbe6693f3","2026-08-12T14:37:33Z"
"results/bybit_lifecycle_daily/STRKUSDT_1708436526000_1786406400000.json","results/bybit_lifecycle_daily/STRKUSDT_1708436526000_1786406400000.json","62925","8b9597c168144c93916f1d3ba5a9cadb11af73358e1c5e73d99f75d4619c3f07","2026-08-12T14:37:33Z"
"results/bybit_lifecycle_daily/STXUSDT_1660348800000_1786406400000.json","results/bybit_lifecycle_daily/STXUSDT_1660348800000_1786406400000.json","100074","7f0a946cb6b19d773075e6e4d2958dcbeb82b447fe7f3a4d2d6dc61ea9765056","2026-08-12T14:37:33Z"
"results/bybit_lifecycle_daily/STXXUSDT_1782376308000_1786406400000.json","results/bybit_lifecycle_daily/STXXUSDT_1782376308000_1786406400000.json","3014","30b2f4ee287d8d9b0eadef1ed502402e5d56e2b08074b739b1301d1517da0488","2026-08-12T14:37:33Z"
"results/bybit_lifecycle_daily/SUIUSDT_1683029724000_1786406400000.json","results/bybit_lifecycle_daily/SUIUSDT_1683029724000_1786406400000.json","82865","db9762315c85775c79777f9afe649e27cb214ad7cdb788a285467f22a678acc8","2026-08-12T14:37:33Z"
"results/bybit_lifecycle_daily/SUNDOGUSDT_1724657326000_1764147600000.json","results/bybit_lifecycle_daily/SUNDOGUSDT_1724657326000_1764147600000.json","33123","de0e65b92660d3803540580144b0fab53d23023fb099da29a58de373fbb51cc4","2026-08-12T14:37:33Z"
"results/bybit_lifecycle_daily/SUNUSDT_1660348800000_1786406400000.json","results/bybit_lifecycle_daily/SUNUSDT_1660348800000_1786406400000.json","109292","487e3c479a349ed049eaf85f784d9f1e9b57f4d74dc3405d998334a866e14ed8","2026-08-12T14:37:33Z"
"results/bybit_lifecycle_daily/SUPERUSDT_1700720186000_1786406400000.json","results/bybit_lifecycle_daily/SUPERUSDT_1700720186000_1786406400000.json","67253","3563a6e776f1db74cc91e4d52a72a5de10dec44a3c91852fec60ab4543e84628","2026-08-12T14:37:33Z"
"results/bybit_lifecycle_daily/SUSDT_1736930840000_1786406400000.json","results/bybit_lifecycle_daily/SUSDT_1736930840000_1786406400000.json","40110","26718844fe5f1be7ee8225aeac127718c004857727cc01691d18cda893a9e19f","2026-08-12T14:37:33Z"
"results/bybit_lifecycle_daily/SUSHIUSDT_1660348800000_1786406400000.json","results/bybit_lifecycle_daily/SUSHIUSDT_1660348800000_1786406400000.json","97684","8f90b1cc276494f17d57f1e33e8db5f203ec17a280da35366dcb3c8043e81514","2026-08-12T14:37:34Z"
"results/bybit_lifecycle_daily/SWARMSUSDT_1736152318000_1783674000000.json","results/bybit_lifecycle_daily/SWARMSUSDT_1736152318000_1783674000000.json","41126","93701474726a95e3c18f9268e3df5e9a205e469debdf419d7106a18acae96f03","2026-08-12T14:37:33Z"
"results/bybit_lifecycle_daily/SWEATUSDT_1667488253000_1761469200000.json","results/bybit_lifecycle_daily/SWEATUSDT_1667488253000_1761469200000.json","81132","40e57092616c803841f35eef7b80841603bd6fc487f44e571a164bbf11e1d48a","2026-08-12T14:37:34Z"
"results/bybit_lifecycle_daily/SWELLUSDT_1730974764000_1761057000000.json","results/bybit_lifecycle_daily/SWELLUSDT_1730974764000_1761057000000.json","25211","2bf641dcf24fa403711160af93e63ac5c334b4bbed9d0f87207a99d6c78b264a","2026-08-12T14:37:33Z"
"results/bybit_lifecycle_daily/SXPUSDT_1660348800000_1775196000000.json","results/bybit_lifecycle_daily/SXPUSDT_1660348800000_1775196000000.json","89460","67a85b96b57b0f23fdedc862d9d04d711fb0f1ddf7990a4bc940767169fdc830","2026-08-12T14:37:34Z"
"results/bybit_lifecycle_daily/SXTUSDT_1746252735000_1786406400000.json","results/bybit_lifecycle_daily/SXTUSDT_1746252735000_1786406400000.json","32868","c9fb24a6cd1d0b148c69a52cc147d6babc9b51eec98f6b1e13a6b1c3f39ef6e1","2026-08-12T14:37:34Z"
"results/bybit_lifecycle_daily/SYNUSDT_1724146113000_1778230800000.json","results/bybit_lifecycle_daily/SYNUSDT_1724146113000_1778230800000.json","42234","b034d5baf317b41ce5663dfe36212bad9a1f19df56f0c4bea315abdf6c5f9878","2026-08-12T14:37:34Z"
"results/bybit_lifecycle_daily/SYRUPUSDT_1747640186000_1786406400000.json","results/bybit_lifecycle_daily/SYRUPUSDT_1747640186000_1786406400000.json","32180","89d173fe20ea5fe0e66953f7551196709e0f01a0b50ca5955f596db57a0c5337","2026-08-12T14:37:34Z"
"results/bybit_lifecycle_daily/SYSUSDT_1724146280000_1775196000000.json","results/bybit_lifecycle_daily/SYSUSDT_1724146280000_1775196000000.json","41354","b8e55fb235ca8b5668a416a0404e96f147dca1a927bf51deb2b7c2dc796cb3a5","2026-08-12T14:37:34Z"
"results/bybit_lifecycle_daily/TACUSDT_1752576498000_1786406400000.json","results/bybit_lifecycle_daily/TACUSDT_1752576498000_1786406400000.json","29437","eb150ce089aee52f1c24a6ced1135310a0099313a1905eb53688492286760209","2026-08-12T14:37:34Z"
"results/bybit_lifecycle_daily/TAIKOUSDT_1717597055000_1786406400000.json","results/bybit_lifecycle_daily/TAIKOUSDT_1717597055000_1786406400000.json","54653","bc3acbf154319cf400a9fd4fa64f120b260e53b67477b62f3a7d796a1fc588e2","2026-08-12T14:37:34Z"
"results/bybit_lifecycle_daily/TAIUSDT_1731570915000_1773910800000.json","results/bybit_lifecycle_daily/TAIUSDT_1731570915000_1773910800000.json","35608","073c3fb154924ecb29aa2f60a1e5bfd7553969e3a1652ddd06ea1718011364f9","2026-08-12T14:37:34Z"
"results/bybit_lifecycle_daily/TANSSIUSDT_1752063034000_1761056100000.json","results/bybit_lifecycle_daily/TANSSIUSDT_1752063034000_1761056100000.json","7378","418e9b737602cc6ed3206691d46af874e9dcae6f6fbc68a10abe06c4f23195f1","2026-08-12T14:37:34Z"
"results/bybit_lifecycle_daily/TAOUSDT_1706601081000_1786406400000.json","results/bybit_lifecycle_daily/TAOUSDT_1706601081000_1786406400000.json","63666","1db5d6269cbe5bd8ac70ab59e2d15a0f8e1cf0af4e6dcc10c42808151ca01a54","2026-08-12T14:37:34Z"
"results/bybit_lifecycle_daily/TAUSDT_1753089119000_1786406400000.json","results/bybit_lifecycle_daily/TAUSDT_1753089119000_1786406400000.json","27638","036d0ecd6757360ea8a26b46a34f9fa0f9c45f6224728fbd476fee897138def4","2026-08-12T14:37:34Z"
"results/bybit_lifecycle_daily/TBTUSDT_1785317952000_1786406400000.json","results/bybit_lifecycle_daily/TBTUSDT_1785317952000_1786406400000.json","744","d96781817f8fa1dfa5bdb77aff62c156c4ed4e3917868ff5403d9b33e4b9de29","2026-08-12T14:37:34Z"
"results/bybit_lifecycle_daily/TENCENTUSDT_1785230213000_1786406400000.json","results/bybit_lifecycle_daily/TENCENTUSDT_1785230213000_1786406400000.json","811","cdefc7525f3918d39c125b3563d8c267aeded4ef550f3ecaddc1ff72788b0bb8","2026-08-12T14:37:34Z"
"results/bybit_lifecycle_daily/TERUSDT_1782986346000_1786406400000.json","results/bybit_lifecycle_daily/TERUSDT_1782986346000_1786406400000.json","2456","bbf83cc1f958c635755ee2d236d93d08eebd4270601be4055c0cd6bbf6b96bfd","2026-08-12T14:37:34Z"
"results/bybit_lifecycle_daily/THETAUSDT_1660348800000_1786406400000.json","results/bybit_lifecycle_daily/THETAUSDT_1660348800000_1786406400000.json","98904","665519dc553a5f57e7579bddb6f3b19bca92bc8908e22d1fb4e62b3ce5b096ce","2026-08-12T14:37:35Z"
"results/bybit_lifecycle_daily/THEUSDT_1732697404000_1786406400000.json","results/bybit_lifecycle_daily/THEUSDT_1732697404000_1786406400000.json","42140","8063d3370ab6503bb089653f7e2c56522bf808ba2157b7b751a8c86398a7ae47","2026-08-12T14:37:34Z"
"results/bybit_lifecycle_daily/TIAUSDT_1698768749000_1786406400000.json","results/bybit_lifecycle_daily/TIAUSDT_1698768749000_1786406400000.json","67513","c217fba5922236230b026c290c6621ccebb881f83f3a188e70ad5b68b1b18d27","2026-08-12T14:37:35Z"
"results/bybit_lifecycle_daily/TLMUSDT_1660348800000_1786406400000.json","results/bybit_lifecycle_daily/TLMUSDT_1660348800000_1786406400000.json","111324","9dcc6b6b9653678178e071681f557d337a270798e5998e8d732fda7dcfade7ce","2026-08-12T14:37:35Z"
"results/bybit_lifecycle_daily/TMFUSDT_1785317895000_1786406400000.json","results/bybit_lifecycle_daily/TMFUSDT_1785317895000_1786406400000.json","746","96f97033f9930842adb09ce47aaf496e936440e384fa387368df12f23775d226","2026-08-12T14:37:34Z"
"results/bybit_lifecycle_daily/TNSRUSDT_1712648864000_1786406400000.json","results/bybit_lifecycle_daily/TNSRUSDT_1712648864000_1786406400000.json","59265","88b35ec3cdff442eef341a28e283e825697b26b9bda14c474069b222309f4c97","2026-08-12T14:37:35Z"
"results/bybit_lifecycle_daily/TOKENUSDT_1699011701000_1761056100000.json","results/bybit_lifecycle_daily/TOKENUSDT_1699011701000_1761056100000.json","51738","eac4fea573de99b9ea1751638857c00f2abc2b0665bf0735d8db3ffa22e4c09f","2026-08-12T14:37:35Z"
"results/bybit_lifecycle_daily/TOMIUSDT_1696919770000_1730800800000.json","results/bybit_lifecycle_daily/TOMIUSDT_1696919770000_1730800800000.json","25648","cd456bce99d4178cc71c52b0abb238defd2620acfb043e5cb0b23827cedb3570","2026-08-12T14:37:35Z"
"results/bybit_lifecycle_daily/TOMOUSDT_1660348800000_1699952400000.json","results/bybit_lifecycle_daily/TOMOUSDT_1660348800000_1699952400000.json","29919","ad3fd1080c44ff5db4563c6a836b933ffcd0e8fc8c347d7a8b82b168cfa67db4","2026-08-12T14:37:35Z"
"results/bybit_lifecycle_daily/TONUSDT_1693460834000_1781514000000.json","results/bybit_lifecycle_daily/TONUSDT_1693460834000_1781514000000.json","70041","1fd90ea810774d985ec0118f9824921003827914de129aa2f8ec27e5001a42bf","2026-08-12T14:37:35Z"
"results/bybit_lifecycle_daily/TOWNSUSDT_1754404399000_1786406400000.json","results/bybit_lifecycle_daily/TOWNSUSDT_1754404399000_1786406400000.json","27803","164b8e2a4b601a10edf381cdd8618c28554b5ad2a70caf9786548691fef81ade","2026-08-12T14:37:35Z"
"results/bybit_lifecycle_daily/TQQQUSDT_1782287214000_1786406400000.json","results/bybit_lifecycle_daily/TQQQUSDT_1782287214000_1786406400000.json","2884","41e01e986688a9f9c954f45893cdc6fd98c58994f6ef455eab4cafba8293e5f1","2026-08-12T14:37:35Z"
"results/bybit_lifecycle_daily/TRBUSDT_1660348800000_1786406400000.json","results/bybit_lifecycle_daily/TRBUSDT_1660348800000_1786406400000.json","94755","8b4d2919e21db2e63ec330e10e0546bfd1bb634afa036609121f686c4234addf","2026-08-12T14:37:35Z"
"results/bybit_lifecycle_daily/TREEUSDT_1753797825000_1786406400000.json","results/bybit_lifecycle_daily/TREEUSDT_1753797825000_1786406400000.json","27516","638ec0a8c53162e53e4812b03dae718b683c4d37b3fd2e2f780ae2bf2c84d222","2026-08-12T14:37:35Z"
"results/bybit_lifecycle_daily/TRIAUSDT_1770285700000_1786406400000.json","results/bybit_lifecycle_daily/TRIAUSDT_1770285700000_1786406400000.json","14359","cb35b10521cfd0a41b9c874d62be2c9155d7d7a83694cc3205a58ecab3fd0ea6","2026-08-12T14:37:35Z"
"results/bybit_lifecycle_daily/TROYUSDT_1731486363000_1744621200000.json","results/bybit_lifecycle_daily/TROYUSDT_1731486363000_1744621200000.json","11800","1cc647dca5219d040d0e80be39716e1260c945815a13646101c2de5136463ead","2026-08-12T14:37:35Z"
"results/bybit_lifecycle_daily/TRUMPUSDT_1737181907000_1786406400000.json","results/bybit_lifecycle_daily/TRUMPUSDT_1737181907000_1786406400000.json","37091","01c1b39bb014d6764fdc211961d75d2e2beef14f40cbb85ceb7b0e156ea1128a","2026-08-12T14:37:35Z"
"results/bybit_lifecycle_daily/TRUSTUSDT_1763122691000_1786406400000.json","results/bybit_lifecycle_daily/TRUSTUSDT_1763122691000_1786406400000.json","19216","2ab53950657674248058a31a15a594881b5a445401159e8ec38641c9aee9aaa5","2026-08-12T14:37:35Z"
"results/bybit_lifecycle_daily/TRUTHUSDT_1759328067000_1786406400000.json","results/bybit_lifecycle_daily/TRUTHUSDT_1759328067000_1786406400000.json","24009","f0d10282d94a946dda94be2025def498cb133c6c718a1571d7aacaac1681bd3c","2026-08-12T14:37:35Z"
"results/bybit_lifecycle_daily/TRUUSDT_1678343222000_1777539600000.json","results/bybit_lifecycle_daily/TRUUSDT_1678343222000_1777539600000.json","82913","112a5c1f43ef6c19d11d6d90f60200fc8c519137d823e2911c99ab5563e4a283","2026-08-12T14:37:36Z"
"results/bybit_lifecycle_daily/TRXUSDT_1660348800000_1786406400000.json","results/bybit_lifecycle_daily/TRXUSDT_1660348800000_1786406400000.json","106701","bda9a92f4af21432cdddf73d53592d4aed99a5854fc77fcb5f58df3c09c14954","2026-08-12T14:37:36Z"
"results/bybit_lifecycle_daily/TSEMUSDT_1784285287000_1786406400000.json","results/bybit_lifecycle_daily/TSEMUSDT_1784285287000_1786406400000.json","1606","bf91505866be52ed3cde9f2bc47e66958b279bffc4a5d27bdb67aa18023ae24c","2026-08-12T14:37:35Z"
"results/bybit_lifecycle_daily/TSLAUSDT_1776772618000_1786406400000.json","results/bybit_lifecycle_daily/TSLAUSDT_1776772618000_1786406400000.json","7168","84c4ed6ae9df833cce5714bdb203227f61825dc4f23c5a562d40a279491833c8","2026-08-12T14:37:35Z"
"results/bybit_lifecycle_daily/TSLLUSDT_1784539008000_1786406400000.json","results/bybit_lifecycle_daily/TSLLUSDT_1784539008000_1786406400000.json","1254","7007f3be01cff0a5f6af66f5d7a6722f9f7300aba096f2994e2381a89a89c857","2026-08-12T14:37:36Z"
"results/bybit_lifecycle_daily/TSMUSDT_1776845726000_1786406400000.json","results/bybit_lifecycle_daily/TSMUSDT_1776845726000_1786406400000.json","6915","1f474f98221ebc2090c6adc12c6ca860f249f2a33ce7fec176cb906fcfaeac98","2026-08-12T14:37:36Z"
"results/bybit_lifecycle_daily/TSTBSCUSDT_1739096894000_1785142800000.json","results/bybit_lifecycle_daily/TSTBSCUSDT_1739096894000_1785142800000.json","39436","f5fe1c0d9646882fd7c8ce3fb92cf73b97f4bacfc12befd1237981060f83cd9c","2026-08-12T14:37:36Z"
"results/bybit_lifecycle_daily/TTWOUSDT_1783325218000_1786406400000.json","results/bybit_lifecycle_daily/TTWOUSDT_1783325218000_1786406400000.json","2200","3f81710273d8aeb5a7300b96a529470ced65b37f2507457db1862443185463f8","2026-08-12T14:37:36Z"
"results/bybit_lifecycle_daily/TURTLEUSDT_1761145437000_1786406400000.json","results/bybit_lifecycle_daily/TURTLEUSDT_1761145437000_1786406400000.json","20541","1060653e19ab609dd9afd87a926fdcdf9dd4a15803019236b355a3d766dba24e","2026-08-12T14:37:36Z"
"results/bybit_lifecycle_daily/TUSDT_1678087595000_1786406400000.json","results/bybit_lifecycle_daily/TUSDT_1678087595000_1786406400000.json","90456","806ab50b9d3497b2edde2af72fbccdd442d4fb6f1bfafbf9433a3d5fd85e2766","2026-08-12T14:37:36Z"
"results/bybit_lifecycle_daily/TUTUSDT_1742375596000_1786406400000.json","results/bybit_lifecycle_daily/TUTUSDT_1742375596000_1786406400000.json","37824","b055bf55696144859305e425d93b9f8d2b7f3f0ed918ffe39c92b5010fdaa988","2026-08-12T14:37:36Z"
"results/bybit_lifecycle_daily/TWTUSDT_1668666261000_1786406400000.json","results/bybit_lifecycle_daily/TWTUSDT_1668666261000_1786406400000.json","90640","b973b8751dfbeda5cf83cbf9742da37065c370948bd27ff0454d842b13ce18fa","2026-08-12T14:37:36Z"
"results/bybit_lifecycle_daily/TXNUSDT_1782986273000_1786406400000.json","results/bybit_lifecycle_daily/TXNUSDT_1782986273000_1786406400000.json","2474","d9d1eeba4f079fc96870f5f85fc9c1751006a7d9ead2868526f1239d2e947a21","2026-08-12T14:37:36Z"
"results/bybit_lifecycle_daily/TZAUSDT_1784195987000_1786406400000.json","results/bybit_lifecycle_daily/TZAUSDT_1784195987000_1786406400000.json","1528","b2cfff3a27ba36b80e7f72b9cad25eaebe7eb7dc2a1781854ae6676d90bd00cb","2026-08-12T14:37:36Z"
"results/bybit_lifecycle_daily/UAIUSDT_1763374294000_1786406400000.json","results/bybit_lifecycle_daily/UAIUSDT_1763374294000_1786406400000.json","19037","a39d99e128a754ea801fca6f3a5297ebc4e77daeb01cd70efe817f42e288d2ee","2026-08-12T14:37:36Z"
"results/bybit_lifecycle_daily/UBERUSDT_1786009537000_1786406400000.json","results/bybit_lifecycle_daily/UBERUSDT_1786009537000_1786406400000.json","291","25de6488ebee84ba52d5647e7444c336a9eba00f328e25698c6e7a0fb7c9c3a9","2026-08-12T14:37:36Z"
"results/bybit_lifecycle_daily/UBUSDT_1757668569000_1786406400000.json","results/bybit_lifecycle_daily/UBUSDT_1757668569000_1786406400000.json","24351","abd1010bd80f708054a4a1943b4b463fee1bb1802726cfa31b900a5860fe7982","2026-08-12T14:37:36Z"
"results/bybit_lifecycle_daily/UMAUSDT_1686210562000_1786406400000.json","results/bybit_lifecycle_daily/UMAUSDT_1686210562000_1786406400000.json","72948","b9c70925c43df8263ada6a6191c843ca78745df7e893e829d0573272338bf48e","2026-08-12T14:37:37Z"
"results/bybit_lifecycle_daily/UNFIUSDT_1660348800000_1730714400000.json","results/bybit_lifecycle_daily/UNFIUSDT_1660348800000_1730714400000.json","53060","d88a29671a590fc9920b6f4d25c5440ac5b25636cd8b4679b99fb4da3655f05a","2026-08-12T14:37:36Z"
"results/bybit_lifecycle_daily/UNHUSDT_1785489283000_1786406400000.json","results/bybit_lifecycle_daily/UNHUSDT_1785489283000_1786406400000.json","681","cba32ac1cd05684acb331aa593b8681fc7cfcf4a038d1faeb1913888f69b70e0","2026-08-12T14:37:36Z"
"results/bybit_lifecycle_daily/UNIUSDT_1660348800000_1786406400000.json","results/bybit_lifecycle_daily/UNIUSDT_1660348800000_1786406400000.json","92890","bee065154ad45ce5e5aac07936293490282f732fcfd1748a3848a217fc44f67c","2026-08-12T14:37:37Z"
"results/bybit_lifecycle_daily/UROUSDT_1734076129000_1741251600000.json","results/bybit_lifecycle_daily/UROUSDT_1734076129000_1741251600000.json","6125","ca6fff0b323322121863d02e016207e97bb399996186db8b52bc2857f5dfcc62","2026-08-12T14:37:36Z"
"results/bybit_lifecycle_daily/USARUSDT_1782202956000_1786406400000.json","results/bybit_lifecycle_daily/USARUSDT_1782202956000_1786406400000.json","2776","60c2444f27fb06b293c76528305d8ecb95d391cd27df5018f640bb4065a9af82","2026-08-12T14:37:37Z"
"results/bybit_lifecycle_daily/USD1USDT_1752662996000_1786406400000.json","results/bybit_lifecycle_daily/USD1USDT_1752662996000_1786406400000.json","25038","4d42c229576d446761f23a1d5ab075fa4446790ec8f197a2961281a8da21fa37","2026-08-12T14:37:37Z"
"results/bybit_lifecycle_daily/USDCUSDT_1660348800000_1786406400000.json","results/bybit_lifecycle_daily/USDCUSDT_1660348800000_1786406400000.json","95494","6001c6f08cf66a787f5289c2a6be95b51f36eebb16a2388775be8192152ca7b6","2026-08-12T14:37:37Z"
"results/bybit_lifecycle_daily/USDEUSDT_1723025685000_1786406400000.json","results/bybit_lifecycle_daily/USDEUSDT_1723025685000_1786406400000.json","46375","988ea4a51ea52f4ae0656bbde4a64ae1318a5891690f442ae3198d9e0e71fb16","2026-08-12T14:37:37Z"
"results/bybit_lifecycle_daily/USELESSUSDT_1752144978000_1786406400000.json","results/bybit_lifecycle_daily/USELESSUSDT_1752144978000_1786406400000.json","28366","e14f50e06216580f5fe1dbad2343937b444ac7cebe1246a3ed41e830a1820107","2026-08-12T14:37:37Z"
"results/bybit_lifecycle_daily/USTCUSDT_1701067354000_1786406400000.json","results/bybit_lifecycle_daily/USTCUSDT_1701067354000_1786406400000.json","72294","466f7289aed2ce5aabbb06ec179fb21d331217526deb38f212d9039fa49c1e49","2026-08-12T14:37:37Z"
"results/bybit_lifecycle_daily/USUALUSDT_1731921583000_1786406400000.json","results/bybit_lifecycle_daily/USUALUSDT_1731921583000_1786406400000.json","45348","3349394bec86ecd0f5ca11f42006880ad5fa8c607b7d262cbb2b25e2dd36131c","2026-08-12T14:37:37Z"
"results/bybit_lifecycle_daily/USUSDT_1765537596000_1786406400000.json","results/bybit_lifecycle_daily/USUSDT_1765537596000_1786406400000.json","18449","a53cb843de00a01b4f2a121b3dd1763a3ceeb775bf28758dae3c3fc330f2f0f2","2026-08-12T14:37:37Z"
"results/bybit_lifecycle_daily/UVXYUSDT_1782376186000_1786406400000.json","results/bybit_lifecycle_daily/UVXYUSDT_1782376186000_1786406400000.json","2788","b93f44166b16bdd9033f25aa253935c54b5269dd0d9440a0a949bc55c6b8d469","2026-08-12T14:37:37Z"
"results/bybit_lifecycle_daily/UXLINKUSDT_1721381721000_1758877200000.json","results/bybit_lifecycle_daily/UXLINKUSDT_1721381721000_1758877200000.json","29455","9be8a88069fcac1949abdf50aca2a34d5ecf7b0b5c76a27d138305c606ebc91f","2026-08-12T14:37:37Z"
"results/bybit_lifecycle_daily/VANAUSDT_1734349422000_1786406400000.json","results/bybit_lifecycle_daily/VANAUSDT_1734349422000_1786406400000.json","39513","b99656aca047d35bb54a1bfaf5322950ce820fe8ee37be4d41bc1c607b08a4de","2026-08-12T14:37:37Z"
"results/bybit_lifecycle_daily/VANRYUSDT_1710403331000_1786406400000.json","results/bybit_lifecycle_daily/VANRYUSDT_1710403331000_1786406400000.json","63533","588935bc9162c211475ef5c0a87bbba81758504e2777207dcf0202602ba6e68c","2026-08-12T14:37:37Z"
"results/bybit_lifecycle_daily/VELODROMEUSDT_1734082004000_1786406400000.json","results/bybit_lifecycle_daily/VELODROMEUSDT_1734082004000_1786406400000.json","43858","ae7ca445fbfc96e747a5d9de63d002d75809b90198d156f547088e57a47c4b21","2026-08-12T14:37:37Z"
"results/bybit_lifecycle_daily/VELOUSDT_1716196913000_1786406400000.json","results/bybit_lifecycle_daily/VELOUSDT_1716196913000_1786406400000.json","62511","125e5a82fc3041638ac9681e676a8d596a8c21dfb1b00244b28c78751db1f8e7","2026-08-12T14:37:37Z"
"results/bybit_lifecycle_daily/VELVETUSDT_1752575111000_1786406400000.json","results/bybit_lifecycle_daily/VELVETUSDT_1752575111000_1786406400000.json","27478","3eded0dffb2c52b85f88f932759ee4c30c6fbce422d61bd9a3d9a507244fdbee","2026-08-12T14:37:37Z"
"results/bybit_lifecycle_daily/VETUSDT_1660348800000_1786406400000.json","results/bybit_lifecycle_daily/VETUSDT_1660348800000_1786406400000.json","107101","f04bdb910d419644316b0bd11ad4660409e9d34ff7b1603c302c9a8bd9767934","2026-08-12T14:37:38Z"
"results/bybit_lifecycle_daily/VFYUSDT_1759235236000_1774602000000.json","results/bybit_lifecycle_daily/VFYUSDT_1759235236000_1774602000000.json","12897","a39b670cdeb385721e5b3a34fcbc4d1cd950f591f42839f13701fc9b6053d37d","2026-08-12T14:37:37Z"
"results/bybit_lifecycle_daily/VGXUSDT_1690869952000_1727172000000.json","results/bybit_lifecycle_daily/VGXUSDT_1690869952000_1727172000000.json","30201","3c061381ad7fab62cf6629c36467a6250957387aa3601b98a5cc429660d11e7e","2026-08-12T14:37:38Z"
"results/bybit_lifecycle_daily/VICUSDT_1741852688000_1769677200000.json","results/bybit_lifecycle_daily/VICUSDT_1741852688000_1769677200000.json","21199","c20cfabb86d89dd5cfca196b0252e6705a131da19fce3f8d6e6eea4030cc6a8a","2026-08-12T14:37:38Z"
"results/bybit_lifecycle_daily/VIDTUSDT_1724655235000_1744772400000.json","results/bybit_lifecycle_daily/VIDTUSDT_1724655235000_1744772400000.json","16737","6d484b387291748f5869d357204626d2186352041c4bd70fd158040ca5153521","2026-08-12T14:37:38Z"
"results/bybit_lifecycle_daily/VINEUSDT_1737632778000_1786406400000.json","results/bybit_lifecycle_daily/VINEUSDT_1737632778000_1786406400000.json","41972","13aa6448177a32d74fc0d94f69960aafd955efc5d5d9c4a1556e4f73f73fc5ce","2026-08-12T14:37:38Z"
"results/bybit_lifecycle_daily/VIRTUALUSDT_1730449551000_1786406400000.json","results/bybit_lifecycle_daily/VIRTUALUSDT_1730449551000_1786406400000.json","44456","e57a064ede21e60146227f5075c50f980f48b2f04d7441dd134ab509b45c2e00","2026-08-12T14:37:38Z"
"results/bybit_lifecycle_daily/VOXELUSDT_1724235714000_1761814800000.json","results/bybit_lifecycle_daily/VOXELUSDT_1724235714000_1761814800000.json","30269","a3521998bcc31215eefddbb3574df78534ed2a387beb1d582338117bff9359cf","2026-08-12T14:37:38Z"
"results/bybit_lifecycle_daily/VRAUSDT_1696330485000_1747040400000.json","results/bybit_lifecycle_daily/VRAUSDT_1696330485000_1747040400000.json","44926","eda7330cb4ff9358cc5620a978d0c45fe0a2d9e8efe7f79efd3aa0e2da5d9ee6","2026-08-12T14:37:38Z"
"results/bybit_lifecycle_daily/VRTUSDT_1783677222000_1786406400000.json","results/bybit_lifecycle_daily/VRTUSDT_1783677222000_1786406400000.json","1960","eb1871f549c22c782d5ae938271bb721a0af829dca77d4ecbf7ceac281750947","2026-08-12T14:37:38Z"
"results/bybit_lifecycle_daily/VRTXSTOCKUSDT_1785924419000_1786406400000.json","results/bybit_lifecycle_daily/VRTXSTOCKUSDT_1785924419000_1786406400000.json","380","cf044ca83044379192dda01025e3e21452b59dc722bdff508642256a06546260","2026-08-12T14:37:38Z"
"results/bybit_lifecycle_daily/VRUSDT_1737019777000_1760706000000.json","results/bybit_lifecycle_daily/VRUSDT_1737019777000_1760706000000.json","20873","16abae7f6760a8fbfbd9b935ecfb9f81e640abc3cff4429eb1643a7faab49aa2","2026-08-12T14:37:38Z"
"results/bybit_lifecycle_daily/VTHOUSDT_1708315106000_1760086800000.json","results/bybit_lifecycle_daily/VTHOUSDT_1708315106000_1760086800000.json","45412","56a8d70dc79e7325c6e96027d8fd5d7ee3bce02cf3613928de8eac49b385696b","2026-08-12T14:37:38Z"
"results/bybit_lifecycle_daily/VUSDT_1785147377000_1786406400000.json","results/bybit_lifecycle_daily/VUSDT_1785147377000_1786406400000.json","908","ed29d2ebf0841c86e9906854b2e83af499c3ff0a8f9892c791df43010f4b869b","2026-08-12T14:37:38Z"
"results/bybit_lifecycle_daily/VVVUSDT_1738038705000_1786406400000.json","results/bybit_lifecycle_daily/VVVUSDT_1738038705000_1786406400000.json","37076","158bd97a4492f1bbd7e5376107d32739014c5b981203158ad1d2731aea2323b2","2026-08-12T14:37:38Z"
"results/bybit_lifecycle_daily/WALUSDT_1743069956000_1786406400000.json","results/bybit_lifecycle_daily/WALUSDT_1743069956000_1786406400000.json","34691","170151ca289b8a5b36e48395ed465d265bc8a227195c9131f4ca5e715d73fa6b","2026-08-12T14:37:38Z"
"results/bybit_lifecycle_daily/WAVESUSDT_1660348800000_1786406400000.json","results/bybit_lifecycle_daily/WAVESUSDT_1660348800000_1786406400000.json","95498","832491b0e62a23986dc9ce4ff178c82fd63dab48f69312208c30ca49d005dd17","2026-08-12T14:37:39Z"
"results/bybit_lifecycle_daily/WAXPUSDT_1696918909000_1786406400000.json","results/bybit_lifecycle_daily/WAXPUSDT_1696918909000_1786406400000.json","74371","de0058ae5bb637ca91c12459065020cc4677d663231a8ae735d2d1b8d05fdb3b","2026-08-12T14:37:39Z"
"results/bybit_lifecycle_daily/WCTUSDT_1744716727000_1786406400000.json","results/bybit_lifecycle_daily/WCTUSDT_1744716727000_1786406400000.json","33822","53c498b6dc401ad5061a011eebcff8cac1cc5e2c5a447c97087f04e16e67ff8f","2026-08-12T14:37:38Z"
"results/bybit_lifecycle_daily/WDCUSDT_1779957259000_1786406400000.json","results/bybit_lifecycle_daily/WDCUSDT_1779957259000_1786406400000.json","4689","c22bb05c199ab29f9570c3b6a64c7279a033fd0340b2d7d12726ee55c35a9706","2026-08-12T14:37:38Z"
"results/bybit_lifecycle_daily/WENSTOCKUSDT_1784538291000_1786406400000.json","results/bybit_lifecycle_daily/WENSTOCKUSDT_1784538291000_1786406400000.json","1321","943a7a4553db5da9e431491fba4713b41dfb0000db11be0728d693217f958902","2026-08-12T14:37:38Z"
"results/bybit_lifecycle_daily/WETUSDT_1764845996000_1786406400000.json","results/bybit_lifecycle_daily/WETUSDT_1764845996000_1786406400000.json","17949","e2664bf9942ea0e0ef081b8698e3cd3cb44ea85ba3c65271cbd6224d0c4bad83","2026-08-12T14:37:39Z"
"results/bybit_lifecycle_daily/WHITEWHALEUSDT_1767701288000_1784538000000.json","results/bybit_lifecycle_daily/WHITEWHALEUSDT_1767701288000_1784538000000.json","14370","bfbd66ce19b76f8ec3c64de16653a6d8461c262423521c2bddb729e362c0b343","2026-08-12T14:37:39Z"
"results/bybit_lifecycle_daily/WIFUSDT_1704965504000_1786406400000.json","results/bybit_lifecycle_daily/WIFUSDT_1704965504000_1786406400000.json","66665","87636d36c2a0e2ba77ce3eff95165d576975c929891cfdf3015de42c33ea25d1","2026-08-12T14:37:39Z"
"results/bybit_lifecycle_daily/WLDUSDT_1690184920000_1786406400000.json","results/bybit_lifecycle_daily/WLDUSDT_1690184920000_1786406400000.json","74754","a6627fc8aae612442f95156d99e580e27c9d3a01676212ea972f1bad6afc2a2a","2026-08-12T14:37:39Z"
"results/bybit_lifecycle_daily/WLFIUSDT_1755939756000_1786406400000.json","results/bybit_lifecycle_daily/WLFIUSDT_1755939756000_1786406400000.json","25454","99613062c3f5ddd83153b1a0b408d565ff91e05941a3d520b64bdb43d9efe1e3","2026-08-12T14:37:39Z"
"results/bybit_lifecycle_daily/WMTUSDT_1785405748000_1786406400000.json","results/bybit_lifecycle_daily/WMTUSDT_1785405748000_1786406400000.json","718","daf41a0b40e0eca734ab52c1945480e5249babe277d61b502a18018399cdae11","2026-08-12T14:37:39Z"
"results/bybit_lifecycle_daily/WOOUSDT_1660348800000_1786406400000.json","results/bybit_lifecycle_daily/WOOUSDT_1660348800000_1786406400000.json","102954","fe9662a4285a7128ed9af9467c999baad9b60f2513715cab4fcc6fb66026d273","2026-08-12T14:37:39Z"
"results/bybit_lifecycle_daily/WSMUSDT_1697106070000_1707127200000.json","results/bybit_lifecycle_daily/WSMUSDT_1697106070000_1707127200000.json","8330","855d1a5c4300294fbae8c7d6b44b319b5da8b3f5a4f056e70a7980b89d5776d1","2026-08-12T14:37:39Z"
"results/bybit_lifecycle_daily/WUSDT_1712147964000_1786406400000.json","results/bybit_lifecycle_daily/WUSDT_1712147964000_1786406400000.json","63231","e855c56a0571e7a2882c7383d35a1fb5e9eba20c939022f1ccf9fe1fd8edb172","2026-08-12T14:37:39Z"
"results/bybit_lifecycle_daily/XAGUSDT_1773024483000_1786406400000.json","results/bybit_lifecycle_daily/XAGUSDT_1773024483000_1786406400000.json","10078","d21a44d812bc0443b4b1a780e59233de900aa77617c71faa9a24eda1be8fd2bc","2026-08-12T14:37:39Z"
"results/bybit_lifecycle_daily/XAIUSDT_1704879965000_1786406400000.json","results/bybit_lifecycle_daily/XAIUSDT_1704879965000_1786406400000.json","67417","5cf5f14438aaa41aab13c73ce25d9ed008584453f392da1f08555c8f37644e44","2026-08-12T14:37:39Z"
"results/bybit_lifecycle_daily/XANUSDT_1759142669000_1786406400000.json","results/bybit_lifecycle_daily/XANUSDT_1759142669000_1786406400000.json","23960","2ce153ddb94e73f9ef726c9c333f10384ec00881af4ad251fc0d4059da344039","2026-08-12T14:37:39Z"
"results/bybit_lifecycle_daily/XAUTUSDT_1743678359000_1786406400000.json","results/bybit_lifecycle_daily/XAUTUSDT_1743678359000_1786406400000.json","34085","1c1b74ddc69044b4d8a42eb10bb985fb538cf5eb8504da55d553fa39d19a35c9","2026-08-12T14:37:39Z"
"results/bybit_lifecycle_daily/XAUUSDT_1773022440000_1786406400000.json","results/bybit_lifecycle_daily/XAUUSDT_1773022440000_1786406400000.json","11108","2f7f9aa6b5159a6cb1e57f269f1a9f33fb34259b370b5ed72974946478be3dcd","2026-08-12T14:37:39Z"
"results/bybit_lifecycle_daily/XBIUSDT_1784104559000_1786406400000.json","results/bybit_lifecycle_daily/XBIUSDT_1784104559000_1786406400000.json","1681","006247770cd0f46906179bb6664284712512131e81394540de58e66e74e1d576","2026-08-12T14:37:39Z"
"results/bybit_lifecycle_daily/XCHUSDT_1716797021000_1773910800000.json","results/bybit_lifecycle_daily/XCHUSDT_1716797021000_1773910800000.json","40020","e362cf6ddbb6c390ad64a753be0b5f75748de6c34b800a57afc5fbf988157dce","2026-08-12T14:37:39Z"
"results/bybit_lifecycle_daily/XCNUSDT_1660348800000_1786406400000.json","results/bybit_lifecycle_daily/XCNUSDT_1660348800000_1786406400000.json","113058","350ebd05a848157eeb043fbfc8dcddf704574239100f187d89ad13837d5065b9","2026-08-12T14:37:40Z"
"results/bybit_lifecycle_daily/XDCUSDT_1739179487000_1786406400000.json","results/bybit_lifecycle_daily/XDCUSDT_1739179487000_1786406400000.json","39106","a4a009ed239065832f85eac81a02efb5b14266fca13db218cc427c5afd4b7f65","2026-08-12T14:37:39Z"
"results/bybit_lifecycle_daily/XEMUSDT_1660348800000_1759744800000.json","results/bybit_lifecycle_daily/XEMUSDT_1660348800000_1759744800000.json","82822","0c37daa060ee47394dbef69a17f92f90c23495c4efb8d23e6a8b2a54fc112cc8","2026-08-12T14:37:40Z"
"results/bybit_lifecycle_daily/XIONUSDT_1733394014000_1781773200000.json","results/bybit_lifecycle_daily/XIONUSDT_1733394014000_1781773200000.json","37686","e243cd87444f7ad0b193773bd4422360b7c284d45e7e95b351c750e8b7b2969e","2026-08-12T14:37:40Z"
"results/bybit_lifecycle_daily/XLEUSDT_1784104454000_1786406400000.json","results/bybit_lifecycle_daily/XLEUSDT_1784104454000_1786406400000.json","1562","7fa5ea2bbccbba0608131acc60c546bc6a1180a890e8236c1f9980211b52a12d","2026-08-12T14:37:39Z"
"results/bybit_lifecycle_daily/XLFUSDT_1784625978000_1786406400000.json","results/bybit_lifecycle_daily/XLFUSDT_1784625978000_1786406400000.json","1241","a6661a6568972bfdfebfbb774d97c82c48d5bf7c49d29148d58b6710d83ef57e","2026-08-12T14:37:40Z"
"results/bybit_lifecycle_daily/XLKUSDT_1784626046000_1786406400000.json","results/bybit_lifecycle_daily/XLKUSDT_1784626046000_1786406400000.json","1357","459ac4937456f11ad471c5479069412e80eeaee0565115dd987e13c34ce48d35","2026-08-12T14:37:40Z"
"results/bybit_lifecycle_daily/XLMUSDT_1660348800000_1786406400000.json","results/bybit_lifecycle_daily/XLMUSDT_1660348800000_1786406400000.json","105789","d0f151f50d3f7ccbf075ad3f084e9389adbc06a966f06994231448eb9d20bad1","2026-08-12T14:37:40Z"
"results/bybit_lifecycle_daily/XLVUSDT_1784626153000_1786406400000.json","results/bybit_lifecycle_daily/XLVUSDT_1784626153000_1786406400000.json","1339","566309be6144b63fc9deb50600fe8c837dd12e825f43e59478e899e27355976c","2026-08-12T14:37:40Z"
"results/bybit_lifecycle_daily/XMRUSDT_1660348800000_1786406400000.json","results/bybit_lifecycle_daily/XMRUSDT_1660348800000_1786406400000.json","94566","a6c073e9e570d455a2678954ddef4cc82962200465d33c500dad2bb783eaea5f","2026-08-12T14:37:40Z"
"results/bybit_lifecycle_daily/XNOUSDT_1662076800000_1769245200000.json","results/bybit_lifecycle_daily/XNOUSDT_1662076800000_1769245200000.json","80120","cb7a075daac337e66e4c208bc99fd97a07face2952a9a30d2971aa0464d318ed","2026-08-12T14:37:40Z"
"results/bybit_lifecycle_daily/XNYUSDT_1755090821000_1786406400000.json","results/bybit_lifecycle_daily/XNYUSDT_1755090821000_1786406400000.json","27700","1ae86f53b4c6d898fb084f9dc1c0c10f5addd82f4bd97a7a0cedf0663aa59cd1","2026-08-12T14:37:40Z"
"results/bybit_lifecycle_daily/XOMUSDT_1785746925000_1786406400000.json","results/bybit_lifecycle_daily/XOMUSDT_1785746925000_1786406400000.json","495","798dc10aec2cbf5838cc986158d32d2e487159fd8c26c5c751aa06cfb315bdcf","2026-08-12T14:37:40Z"
"results/bybit_lifecycle_daily/XPINUSDT_1757673432000_1786406400000.json","results/bybit_lifecycle_daily/XPINUSDT_1757673432000_1786406400000.json","27036","d9876bc0570764dcc6c465fb009a7dd42847db95dbeda4e263b7b0d005061166","2026-08-12T14:37:40Z"
"results/bybit_lifecycle_daily/XPLUSDT_1755854834000_1786406400000.json","results/bybit_lifecycle_daily/XPLUSDT_1755854834000_1786406400000.json","25576","adf93d9c26c9ac1c05df8db1c64a9f4fd7feee808f8c002ce8e9ea641df10a2a","2026-08-12T14:37:40Z"
"results/bybit_lifecycle_daily/XRDUSDT_1702361116000_1752224400000.json","results/bybit_lifecycle_daily/XRDUSDT_1702361116000_1752224400000.json","41414","6c78adf4c8ab7fa89f08b549d0e1b5b34cc6d91d10ffa68a9e74502a1b62078a","2026-08-12T14:37:40Z"
"results/bybit_lifecycle_daily/XRPUSDT_1660348800000_1786406400000.json","results/bybit_lifecycle_daily/XRPUSDT_1660348800000_1786406400000.json","103248","1d108840df12de6ed9e35410f046a07a5fb70e556e2e1b972cdacd2aa5c43ac8","2026-08-12T14:37:41Z"
"results/bybit_lifecycle_daily/XTERUSDT_1741245964000_1760778000000.json","results/bybit_lifecycle_daily/XTERUSDT_1741245964000_1760778000000.json","14975","2887ff716a62407507497a2ec8844b1075b2c0e1029aaa4261611b20b62febbf","2026-08-12T14:37:40Z"
"results/bybit_lifecycle_daily/XTZUSDT_1660348800000_1786406400000.json","results/bybit_lifecycle_daily/XTZUSDT_1660348800000_1786406400000.json","96190","d4cca466d8811ce196ed7c9c6d761ff5d424caa009cfbdbdf450fb14f235c3b7","2026-08-12T14:37:41Z"
"results/bybit_lifecycle_daily/XVGUSDT_1688541486000_1786406400000.json","results/bybit_lifecycle_daily/XVGUSDT_1688541486000_1786406400000.json","87772","70e28c9088ea819d98158ad5bb1f8b8e143fd2305683a5f40c7f3bbdd1a31692","2026-08-12T14:37:41Z"
"results/bybit_lifecycle_daily/XVSUSDT_1694159027000_1786406400000.json","results/bybit_lifecycle_daily/XVSUSDT_1694159027000_1786406400000.json","65653","678b4f94483cede1a53e552c0aeb5a2729e82fa3193d92c7ce4f2d5ae1d26331","2026-08-12T14:37:41Z"
"results/bybit_lifecycle_daily/YALAUSDT_1754638895000_1770454800000.json","results/bybit_lifecycle_daily/YALAUSDT_1754638895000_1770454800000.json","12968","eff76a8fc028298dd81d9cb8f14f77814ba5a2ee6496617f2b9e70a42de6d423","2026-08-12T14:37:41Z"
"results/bybit_lifecycle_daily/YBUSDT_1760168936000_1786406400000.json","results/bybit_lifecycle_daily/YBUSDT_1760168936000_1786406400000.json","21345","c4c02dd3d4fb6f5a4c9a19bec6924e10925d649832865a21bfc729b351e39015","2026-08-12T14:37:41Z"
"results/bybit_lifecycle_daily/YFIIUSDT_1692174480000_1712138400000.json","results/bybit_lifecycle_daily/YFIIUSDT_1692174480000_1712138400000.json","15053","74353a2a9142a765faa9a231577ad0b38dfbfba10c4b049735a8c49c12979cfa","2026-08-12T14:37:41Z"
"results/bybit_lifecycle_daily/YFIUSDT_1660348800000_1786406400000.json","results/bybit_lifecycle_daily/YFIUSDT_1660348800000_1786406400000.json","95614","53954031192bbfa7306d46d4e7b5189cf13221af19621828145439a0dca4308e","2026-08-12T14:37:41Z"
"results/bybit_lifecycle_daily/YGGUSDT_1660348800000_1786406400000.json","results/bybit_lifecycle_daily/YGGUSDT_1660348800000_1786406400000.json","99352","ef027c272f6584c17caf9d500e47e81738062cdf93e5725fe48e74c7c5d2a741","2026-08-12T14:37:41Z"
"results/bybit_lifecycle_daily/YZYUSDT_1755749885000_1777539600000.json","results/bybit_lifecycle_daily/YZYUSDT_1755749885000_1777539600000.json","16571","5fcb7b0176c17e5bec4e206beab2ba3ba3fdac63cab310f8b87b3effba5bf2d4","2026-08-12T14:37:41Z"
"results/bybit_lifecycle_daily/ZAMAUSDT_1767953327000_1786406400000.json","results/bybit_lifecycle_daily/ZAMAUSDT_1767953327000_1786406400000.json","15493","2d64262a8afdd5a5b7a16549295c5f17c9dec3a153b08a1b5ffa90bb4a004300","2026-08-12T14:37:41Z"
"results/bybit_lifecycle_daily/ZBCNUSDT_1713339765000_1786406400000.json","results/bybit_lifecycle_daily/ZBCNUSDT_1713339765000_1786406400000.json","67817","a790f4714c444945b024ed1b9bfcc3b8b6df72fe657cb5e16320d017671af9ee","2026-08-12T14:37:41Z"
"results/bybit_lifecycle_daily/ZBCUSDT_1692698293000_1694674800000.json","results/bybit_lifecycle_daily/ZBCUSDT_1692698293000_1694674800000.json","1747","76d4a7eff6b7484897b4627d4e35295ac6f3b6e03c795bd2e2c3f9586bf1f44e","2026-08-12T14:37:41Z"
"results/bybit_lifecycle_daily/ZBTUSDT_1760706241000_1786406400000.json","results/bybit_lifecycle_daily/ZBTUSDT_1760706241000_1786406400000.json","21616","034b0efa8acf1d7af5e7c54306fe3ad13d1d0c39e1ed9e104f145ed1a638a79d","2026-08-12T14:37:41Z"
"results/bybit_lifecycle_daily/ZCXUSDT_1719232602000_1727172000000.json","results/bybit_lifecycle_daily/ZCXUSDT_1719232602000_1727172000000.json","6041","384c79a16e4200e63431821115496ac741a9217a4cc2a1aae2de9902b5e3f12c","2026-08-12T14:37:41Z"
"results/bybit_lifecycle_daily/ZECUSDT_1660348800000_1786406400000.json","results/bybit_lifecycle_daily/ZECUSDT_1660348800000_1786406400000.json","90939","ec70dd3bbe121133510fd82b7504839f293e74334be8b281e756f712ec9f9d6b","2026-08-12T14:37:42Z"
"results/bybit_lifecycle_daily/ZENTUSDT_1734942035000_1766739600000.json","results/bybit_lifecycle_daily/ZENTUSDT_1734942035000_1766739600000.json","27946","332e7bcfc6dc4a5e5f122c081ee1e4c5233f79ad26729418fd130c103d844236","2026-08-12T14:37:42Z"
"results/bybit_lifecycle_daily/ZENUSDT_1660348800000_1786406400000.json","results/bybit_lifecycle_daily/ZENUSDT_1660348800000_1786406400000.json","90320","25b11a763a91ae49b2dd1c0f4d62ba9699289c912ace0bc4596dfe52f8531e1a","2026-08-12T14:37:42Z"
"results/bybit_lifecycle_daily/ZEREBROUSDT_1735546608000_1786406400000.json","results/bybit_lifecycle_daily/ZEREBROUSDT_1735546608000_1786406400000.json","43972","226c78881aabd966eec6106296ff52f68eaa2b6db96d1e864ec81690eaede74a","2026-08-12T14:37:42Z"
"results/bybit_lifecycle_daily/ZESTUSDT_1780646706000_1786406400000.json","results/bybit_lifecycle_daily/ZESTUSDT_1780646706000_1786406400000.json","4386","717bfbb76be36865978f3a4c7581d68b4c09ab13d3e09014a184fac2b67cb2f9","2026-08-12T14:37:42Z"
"results/bybit_lifecycle_daily/ZETAUSDT_1706760329000_1786406400000.json","results/bybit_lifecycle_daily/ZETAUSDT_1706760329000_1786406400000.json","63348","290b249fa158f337a1b431f1d08b1c0a93993cd84da79c63d0a6a514290180b2","2026-08-12T14:37:42Z"
"results/bybit_lifecycle_daily/ZEUSUSDT_1712559011000_1770368400000.json","results/bybit_lifecycle_daily/ZEUSUSDT_1712559011000_1770368400000.json","45319","52d59dd53572d2bc3f5f2587560aac808bc5b713b2e947778d4f427ecc9dd19c","2026-08-12T14:37:42Z"
"results/bybit_lifecycle_daily/ZHIPUUSDT_1785230353000_1786406400000.json","results/bybit_lifecycle_daily/ZHIPUUSDT_1785230353000_1786406400000.json","891","2cadc1182239af9312c9320a42e42d1a73d936942eec9b8d5706747cad878ffd","2026-08-12T14:37:42Z"
"results/bybit_lifecycle_daily/ZILUSDT_1660348800000_1786406400000.json","results/bybit_lifecycle_daily/ZILUSDT_1660348800000_1786406400000.json","106628","52e392282c572b26ae51ee43671823e287b947e1ed88a1183ca8cfe9beb09edb","2026-08-12T14:37:42Z"
"results/bybit_lifecycle_daily/ZKCUSDT_1757945116000_1786406400000.json","results/bybit_lifecycle_daily/ZKCUSDT_1757945116000_1786406400000.json","23509","5d3d97bc1992138cabc46b54cbd4d73150079b26591777c044b3ea753c0883a3","2026-08-12T14:37:42Z"
"results/bybit_lifecycle_daily/ZKFUSDT_1705404359000_1731664800000.json","results/bybit_lifecycle_daily/ZKFUSDT_1705404359000_1731664800000.json","23388","1d55cff1931e35017d1f3eb45b85bff405530ba9380badc62c3685ebc89f94d8","2026-08-12T14:37:42Z"
"results/bybit_lifecycle_daily/ZKJUSDT_1718611448000_1750260600000.json","results/bybit_lifecycle_daily/ZKJUSDT_1718611448000_1750260600000.json","24434","7459059b888c09b6f0d7d81248e127d6e42f238b9c3e422914922c0f6a132ec6","2026-08-12T14:37:42Z"
"results/bybit_lifecycle_daily/ZKPUSDT_1766382658000_1786406400000.json","results/bybit_lifecycle_daily/ZKPUSDT_1766382658000_1786406400000.json","16620","c592ae31e1191b2d560f7a7cccedd649faf14c4f38f9c7921a106116338c036c","2026-08-12T14:37:42Z"
"results/bybit_lifecycle_daily/ZKUSDT_1718849280000_1786406400000.json","results/bybit_lifecycle_daily/ZKUSDT_1718849280000_1786406400000.json","58983","11b1163c2e4cb528cd1367118f28fd184f18dc63b2b9e2c3e1fa279f127b88a1","2026-08-12T14:37:42Z"
"results/bybit_lifecycle_daily/ZMUSDT_1784285148000_1786406400000.json","results/bybit_lifecycle_daily/ZMUSDT_1784285148000_1786406400000.json","1519","722ec76aaa675590a723e51b3280df33d464d875b8a8bb19e94053a1bcf78b0b","2026-08-12T14:37:42Z"
"results/bybit_lifecycle_daily/ZORAUSDT_1745572650000_1786406400000.json","results/bybit_lifecycle_daily/ZORAUSDT_1745572650000_1786406400000.json","36279","08d2202750af0299663e8a6d4d35a5abf641e7d14e76d0ab616525f0c2817487","2026-08-12T14:37:42Z"
"results/bybit_lifecycle_daily/ZRCUSDT_1732529489000_1763715600000.json","results/bybit_lifecycle_daily/ZRCUSDT_1732529489000_1763715600000.json","26106","b011988f65618c957e732dc426efc6456ba79bf56fe54320ca7d11e150c70696","2026-08-12T14:37:42Z"
"results/bybit_lifecycle_daily/ZROUSDT_1718891646000_1786406400000.json","results/bybit_lifecycle_daily/ZROUSDT_1718891646000_1786406400000.json","53282","1e950a69b6aaaac7f3d6f32c77b8dc78071ba9f1603056d95a43379573e70b3f","2026-08-12T14:37:42Z"
"results/bybit_lifecycle_daily/ZRXUSDT_1660348800000_1786406400000.json","results/bybit_lifecycle_daily/ZRXUSDT_1660348800000_1786406400000.json","98196","c0abb39e5f93cf1e086279e0c162b259e3fbb4cd7ff8a46be2f2b0380c37f477","2026-08-12T14:37:43Z"
"results/bybit_lifecycle_funding/1000BONKUSDT_1672971039000_1786492800000.json","results/bybit_lifecycle_funding/1000BONKUSDT_1672971039000_1786492800000.json","136221","b1e69bc32cb31f2fc04ff23b5b17e6e43c3fb851ae312582001304d30967e0f3","2026-08-12T14:41:38Z"
"results/bybit_lifecycle_funding/1000LUNCUSDT_1662681601000_1786492800000.json","results/bybit_lifecycle_funding/1000LUNCUSDT_1662681601000_1786492800000.json","106017","6cc07ff007029abe77360fb9e3009624cd1d80561f2041b09b96f13b604fe136","2026-08-12T14:41:38Z"
"results/bybit_lifecycle_funding/1000PEPEUSDT_1683108271000_1786492800000.json","results/bybit_lifecycle_funding/1000PEPEUSDT_1683108271000_1786492800000.json","88304","335c010970a31056788f936745ac2a65f187ac209e764d7f990350f976ad1b2b","2026-08-12T14:41:01Z"
"results/bybit_lifecycle_funding/ADAUSDT_1660348800000_1786492800000.json","results/bybit_lifecycle_funding/ADAUSDT_1660348800000_1786492800000.json","108271","106031e19867bb2f74698b50706f8f0cc3839bba7500cb571fa6bfd6007e9339","2026-08-12T14:41:18Z"
"results/bybit_lifecycle_funding/APTUSDT_1666107272000_1786492800000.json","results/bybit_lifecycle_funding/APTUSDT_1666107272000_1786492800000.json","105895","967f0bc7409484646acb5b5d57183267af8b52dfda76300496c9db9010eab81a","2026-08-12T14:41:09Z"
"results/bybit_lifecycle_funding/ARBUSDT_1679563660000_1786492800000.json","results/bybit_lifecycle_funding/ARBUSDT_1679563660000_1786492800000.json","91474","89f13cc4394889be42f33f4df2ee407f6d74b4f23afd659deaadbd00c16e46f0","2026-08-12T14:41:12Z"
"results/bybit_lifecycle_funding/ATOMUSDT_1660348800000_1786492800000.json","results/bybit_lifecycle_funding/ATOMUSDT_1660348800000_1786492800000.json","110569","93226036791c2f0a773741caeda1fbc53deeacfc8a0a72570947a31188ddf679","2026-08-12T14:41:31Z"
"results/bybit_lifecycle_funding/AVAXUSDT_1660348800000_1786492800000.json","results/bybit_lifecycle_funding/AVAXUSDT_1660348800000_1786492800000.json","109709","d9238757001c0f044a853b9614adcb5607782406fb6c064d4048fe5a52248e66","2026-08-12T14:41:16Z"
"results/bybit_lifecycle_funding/BCHUSDT_1660348800000_1786492800000.json","results/bybit_lifecycle_funding/BCHUSDT_1660348800000_1786492800000.json","112262","41b473476ced096c66fe3266d9527ecd4093fb263c7b27a2f384cfc6d02f2a32","2026-08-12T14:41:23Z"
"results/bybit_lifecycle_funding/BLZUSDT_1660348800000_1735034400000.json","results/bybit_lifecycle_funding/BLZUSDT_1660348800000_1735034400000.json","65186","40435b00a37669e7351437d3b2c30c2ec0c39bd7bee4a271570a820704b49052","2026-08-12T14:41:21Z"
"results/bybit_lifecycle_funding/BTCUSDT_1660348800000_1786492800000.json","results/bybit_lifecycle_funding/BTCUSDT_1660348800000_1786492800000.json","109968","5b34211d092d5e500f8d610a4dde3529775a5d55a8d200e86ada9a3a37a51e90","2026-08-12T14:41:02Z"
"results/bybit_lifecycle_funding/CYBERUSDT_1692124015000_1786492800000.json","results/bybit_lifecycle_funding/CYBERUSDT_1692124015000_1786492800000.json","122028","3c169b1f319278493101743c1b2f33528de94463844db4593a4f10fc52845fea","2026-08-12T14:41:29Z"
"results/bybit_lifecycle_funding/DOGEUSDT_1660348800000_1786492800000.json","results/bybit_lifecycle_funding/DOGEUSDT_1660348800000_1786492800000.json","108252","be50b6393ed117b7163779b3ff2a8a92829a5d61d7a959c47cccaafc23a739b7","2026-08-12T14:41:02Z"
"results/bybit_lifecycle_funding/ETCUSDT_1660348800000_1786492800000.json","results/bybit_lifecycle_funding/ETCUSDT_1660348800000_1786492800000.json","108691","0aea3fc932d223b81dd1df6a41e3677d09d67104deed5158940d65e0d1d9aa84","2026-08-12T14:41:18Z"
"results/bybit_lifecycle_funding/ETHUSDT_1660348800000_1786492800000.json","results/bybit_lifecycle_funding/ETHUSDT_1660348800000_1786492800000.json","110166","4072967d06c3792a30e079e1f94b345e0395464bb4face78ca402e319d58745f","2026-08-12T14:41:02Z"
"results/bybit_lifecycle_funding/FARTCOINUSDT_1734683847000_1786492800000.json","results/bybit_lifecycle_funding/FARTCOINUSDT_1734683847000_1786492800000.json","81300","5f9c1e4b33bfcf075fdf9ec0cadbbeab69e0a5e38c7e8a11333301d1dac09833","2026-08-12T14:41:08Z"
"results/bybit_lifecycle_funding/GALAUSDT_1660348800000_1786492800000.json","results/bybit_lifecycle_funding/GALAUSDT_1660348800000_1786492800000.json","106931","9d7cd83214195b9c47daa0ea199c2ca42760ffd7f34a8bfb6805e66eea2dcb4c","2026-08-12T14:41:17Z"
"results/bybit_lifecycle_funding/GASUSDT_1698044952000_1786492800000.json","results/bybit_lifecycle_funding/GASUSDT_1698044952000_1786492800000.json","163956","ee5f8e7635e6170d7866f64111b3a1d8586490de86adc85b32df76d0d612d8b1","2026-08-12T14:41:32Z"
"results/bybit_lifecycle_funding/HIFIUSDT_1693210322000_1761814800000.json","results/bybit_lifecycle_funding/HIFIUSDT_1693210322000_1761814800000.json","77661","a58fe77119a8ef9c453850ec917b65e03b9195b404e414687acfd4b249d29b0b","2026-08-12T14:41:33Z"
"results/bybit_lifecycle_funding/HYPEUSDT_1733316740000_1786492800000.json","results/bybit_lifecycle_funding/HYPEUSDT_1733316740000_1786492800000.json","45552","89a449d757e5240be0dd7cc714031887041759fca1f34829235901b96ad5883e","2026-08-12T14:41:05Z"
"results/bybit_lifecycle_funding/LINAUSDT_1660348800000_1743066000000.json","results/bybit_lifecycle_funding/LINAUSDT_1660348800000_1743066000000.json","68834","a4ae90b6f7f3033f5b675a9e7f094e3907926134c6771c8151c4458f3c56dae4","2026-08-12T14:41:25Z"
"results/bybit_lifecycle_funding/LINKUSDT_1660348800000_1786492800000.json","results/bybit_lifecycle_funding/LINKUSDT_1660348800000_1786492800000.json","107909","f1f24567c246da8be05fdfe47c3d81372b0109c0402e98e494f7e4d98bc02f77","2026-08-12T14:41:24Z"
"results/bybit_lifecycle_funding/LOOMUSDT_1695276752000_1727172000000.json","results/bybit_lifecycle_funding/LOOMUSDT_1695276752000_1727172000000.json","52045","f5a650f5ba4eb8291899064ff17ebe85734507ed87af442a2d3fad3787325843","2026-08-12T14:41:22Z"
"results/bybit_lifecycle_funding/LUNA2USDT_1660348800000_1786492800000.json","results/bybit_lifecycle_funding/LUNA2USDT_1660348800000_1786492800000.json","150951","99af61600c44961c337b76050d774388660adf532389c860bef384bea1111d23","2026-08-12T14:41:27Z"
"results/bybit_lifecycle_funding/MATICUSDT_1660348800000_1725616800000.json","results/bybit_lifecycle_funding/MATICUSDT_1660348800000_1725616800000.json","56436","74f749b1f93981e2af519b19f5cdfa0e8415243195f2ab57b3ae875e228bc353","2026-08-12T14:41:11Z"
"results/bybit_lifecycle_funding/NOTUSDT_1715874083000_1786492800000.json","results/bybit_lifecycle_funding/NOTUSDT_1715874083000_1786492800000.json","96820","8cae754ceceafc5c9a54dce2c557655833a84a39eaf7d6467601850bb0e861b9","2026-08-12T14:41:18Z"
"results/bybit_lifecycle_funding/OPUSDT_1660348800000_1786492800000.json","results/bybit_lifecycle_funding/OPUSDT_1660348800000_1786492800000.json","108283","fd0393b990b569f8facf46aee6a4e609a0152073056cffb9791d0c6a464342b6","2026-08-12T14:41:12Z"
"results/bybit_lifecycle_funding/ORDIUSDT_1684739410000_1786492800000.json","results/bybit_lifecycle_funding/ORDIUSDT_1684739410000_1786492800000.json","124033","64cd4403d3b6615c2a05b4ebe9a7513258396ab550aa2b4e30a6e6eb78dbc8aa","2026-08-12T14:41:22Z"
"results/bybit_lifecycle_funding/PEOPLEUSDT_1660348800000_1786492800000.json","results/bybit_lifecycle_funding/PEOPLEUSDT_1660348800000_1786492800000.json","105069","d80647769f6001839569058f071cae2994ce45f6e76d83789eeec665bcce3383","2026-08-12T14:41:57Z"
"results/bybit_lifecycle_funding/RAREUSDT_1701067684000_1786492800000.json","results/bybit_lifecycle_funding/RAREUSDT_1701067684000_1786492800000.json","119226","0e7a51f33158779052f868c558bf95185b930e38260781ceae97c1a27aa68aa0","2026-08-12T14:41:37Z"
"results/bybit_lifecycle_funding/RAVEUSDT_1765777812000_1786492800000.json","results/bybit_lifecycle_funding/RAVEUSDT_1765777812000_1786492800000.json","47911","6553f147dc638c97fd904c0002161d0c68676a5a5913dfbe2293d67c8cb73548","2026-08-12T14:41:20Z"
"results/bybit_lifecycle_funding/RIVERUSDT_1761136287000_1786492800000.json","results/bybit_lifecycle_funding/RIVERUSDT_1761136287000_1786492800000.json","97299","197453a238e1682f2517081d93a642bcf13e28c64f82742e0668bda9cd4abf71","2026-08-12T14:41:19Z"
"results/bybit_lifecycle_funding/RNDRUSDT_1660348800000_1721642400000.json","results/bybit_lifecycle_funding/RNDRUSDT_1660348800000_1721642400000.json","52981","6f04e4c6b8dfd3446779090c454888679bc680930f171a6bfe9c08da117e2975","2026-08-12T14:41:32Z"
"results/bybit_lifecycle_funding/SEIUSDT_1692156527000_1786492800000.json","results/bybit_lifecycle_funding/SEIUSDT_1692156527000_1786492800000.json","83358","79e6c3fc83855e06bd27e5e86516fba41d27aa61da3e2c43f4b4e3c69cf32547","2026-08-12T14:41:27Z"
"results/bybit_lifecycle_funding/SOLUSDT_1660348800000_1786492800000.json","results/bybit_lifecycle_funding/SOLUSDT_1660348800000_1786492800000.json","119629","634c812f286e9f8d92d493acdc77b3698c9b33329e365ab9beabc585e7dd8226","2026-08-12T14:41:03Z"
"results/bybit_lifecycle_funding/SOXLUSDT_1779178631000_1786492800000.json","results/bybit_lifecycle_funding/SOXLUSDT_1779178631000_1786492800000.json","6035","d6c0aef88fa854b7841f24f9e5fedac72e4d4914e58e93f233cfbaecb54f153a","2026-08-12T14:41:31Z"
"results/bybit_lifecycle_funding/SUIUSDT_1683029724000_1786492800000.json","results/bybit_lifecycle_funding/SUIUSDT_1683029724000_1786492800000.json","89253","1fc94152973d00f20e473f694a771787459f70b1177a90adc0b81d7f3e4cc8c3","2026-08-12T14:41:07Z"
"results/bybit_lifecycle_funding/TIAUSDT_1698768749000_1786492800000.json","results/bybit_lifecycle_funding/TIAUSDT_1698768749000_1786492800000.json","115756","845630a30936156dbfe06061709be591ec8f7aa777eea9da5219a48f9b0dd3f9","2026-08-12T14:41:29Z"
"results/bybit_lifecycle_funding/TRBUSDT_1660348800000_1786492800000.json","results/bybit_lifecycle_funding/TRBUSDT_1660348800000_1786492800000.json","168794","5bcdc1249adfcb22385ab2e02ed751b0b8327eb75a7a03f66d726765bec1f883","2026-08-12T14:41:13Z"
"results/bybit_lifecycle_funding/TRUMPUSDT_1737181907000_1786492800000.json","results/bybit_lifecycle_funding/TRUMPUSDT_1737181907000_1786492800000.json","85280","123d7e5bad65549a453f1a55c38552008d935139af7a7ffbe9c423cff8229f81","2026-08-12T14:41:30Z"
"results/bybit_lifecycle_funding/WLDUSDT_1690184920000_1786492800000.json","results/bybit_lifecycle_funding/WLDUSDT_1690184920000_1786492800000.json","83403","cba9c6f8a9547a7fd76fb847f87660b2ab31e088ce8cb99ae2c49fe65a66e65e","2026-08-12T14:41:31Z"
"results/bybit_lifecycle_funding/XRPUSDT_1660348800000_1786492800000.json","results/bybit_lifecycle_funding/XRPUSDT_1660348800000_1786492800000.json","108935","ec2743922cd207cdbcad594a95fab4bddb2a04966f81b2561365a4c5f6eec5e1","2026-08-12T14:41:02Z"
"results/bybit_lifecycle_funding/ZECUSDT_1660348800000_1786492800000.json","results/bybit_lifecycle_funding/ZECUSDT_1660348800000_1786492800000.json","105574","e77e2d6c7a44dab8037dd17d58b24e1e6c193240dd861fc0908d2626a9539c42","2026-08-12T14:41:10Z"
"results/bybit_lifecycle_universe.json","results/bybit_lifecycle_universe.json","106802","b9d91cdfa9b34be339e209f4d3d48203931df2cf59b8505826045123632ec5f6","2026-08-12T14:37:51Z"
"results/funding_cache/bybit_BNB_USDT_1659254400000_1786089600000.json","results/funding_cache/bybit_BNB_USDT_1659254400000_1786089600000.json","111770","76c28ad0b211a5cc356fccefad20204a3f06ecab1c6c61281b02b7839ff2f662","2026-08-07T15:24:25Z"
"results/funding_cache/bybit_BTC_USDT_1659254400000_1786089600000.json","results/funding_cache/bybit_BTC_USDT_1659254400000_1786089600000.json","110534","b493ad382c80061dc11051caa7daaee8e32d6e275a064a84da0ae5e3faa394bf","2026-08-07T15:23:45Z"
"results/funding_cache/bybit_ETH_USDT_1659254400000_1786089600000.json","results/funding_cache/bybit_ETH_USDT_1659254400000_1786089600000.json","110728","5fa00405fdc28dc28312f0129e8381a493540285254f4a90d2091bbf1e15dd8b","2026-08-07T15:24:00Z"
"results/funding_cache/bybit_SOL_USDT_1659254400000_1786089600000.json","results/funding_cache/bybit_SOL_USDT_1659254400000_1786089600000.json","112137","1976a05a596b38b3ffdca3583523269432a1985a6d543d0e3ac4ada4b99f5ecc","2026-08-07T15:24:16Z"
"results/funding_cache/bybit_v2_ADA_USDT_1659556800000_1786392000000.json","results/funding_cache/bybit_v2_ADA_USDT_1659556800000_1786392000000.json","108800","0b9ce05fe6952772e86e487f469889bcbec0050a2c0d239fdb9c39e3985d438c","2026-08-11T02:43:14Z"
"results/funding_cache/bybit_v2_ADA_USDT_1659571200000_1786406400000.json","results/funding_cache/bybit_v2_ADA_USDT_1659571200000_1786406400000.json","108823","3ccbb414cbc0d82ec125421a0e30294e4cc5c8334bc3f69b2c9570bc1f532458","2026-08-11T04:08:18Z"
"results/funding_cache/bybit_v2_ADA_USDT_1659686400000_1786521600000.json","results/funding_cache/bybit_v2_ADA_USDT_1659686400000_1786521600000.json","108826","40bcb37b3806206f4b0d0dba6605017512f0f3819def580f03addf4b5b1984ec","2026-08-12T14:28:39Z"
"results/funding_cache/bybit_v2_ADA_USDT_1722643200000_1786406400000.json","results/funding_cache/bybit_v2_ADA_USDT_1722643200000_1786406400000.json","55475","a076db5d7f46ac49e0646d43d03b3d04fbc140341746911b97f121258a458a57","2026-08-11T04:09:23Z"
"results/funding_cache/bybit_v2_AVAX_USDT_1659556800000_1786392000000.json","results/funding_cache/bybit_v2_AVAX_USDT_1659556800000_1786392000000.json","110227","c7af9d81da9cd8fcf46893b1e04a8ff5710d48441d881bee213b4bd76267cb47","2026-08-11T02:43:17Z"
"results/funding_cache/bybit_v2_AVAX_USDT_1659571200000_1786406400000.json","results/funding_cache/bybit_v2_AVAX_USDT_1659571200000_1786406400000.json","110253","5f55579c620125a67a5cd449e4f5ae1491bb118d024a0f6f30e5d337b6cb067a","2026-08-11T04:08:25Z"
"results/funding_cache/bybit_v2_AVAX_USDT_1659686400000_1786521600000.json","results/funding_cache/bybit_v2_AVAX_USDT_1659686400000_1786521600000.json","110265","22842fd3b656c0e093efdc4b7f581e669859b125766276854de19d5b3d412efb","2026-08-12T14:28:47Z"
"results/funding_cache/bybit_v2_AVAX_USDT_1722643200000_1786406400000.json","results/funding_cache/bybit_v2_AVAX_USDT_1722643200000_1786406400000.json","56134","bfaa1cd5c7cdab63e0e6d8f702356a8cff39273078e846b4d39b680b5260f4d7","2026-08-11T04:09:25Z"
"results/funding_cache/bybit_v2_BNB_USDT_1659254400000_1786089600000.json","results/funding_cache/bybit_v2_BNB_USDT_1659254400000_1786089600000.json","111770","76c28ad0b211a5cc356fccefad20204a3f06ecab1c6c61281b02b7839ff2f662","2026-08-07T15:42:09Z"
"results/funding_cache/bybit_v2_BNB_USDT_1659268800000_1786104000000.json","results/funding_cache/bybit_v2_BNB_USDT_1659268800000_1786104000000.json","111747","227715ff5b8430db087335f2e981605f9f6c90eaa530d0759dd34653a484a09d","2026-08-07T16:04:40Z"
"results/funding_cache/bybit_v2_BNB_USDT_1659312000000_1786147200000.json","results/funding_cache/bybit_v2_BNB_USDT_1659312000000_1786147200000.json","111776","d0830324e3a37f1bc2b62e64963c2ad8237d871d33c4d305db7d6138be164775","2026-08-08T05:57:19Z"
"results/funding_cache/bybit_v2_BNB_USDT_1659556800000_1786392000000.json","results/funding_cache/bybit_v2_BNB_USDT_1659556800000_1786392000000.json","111765","260dd5fadf89600ad9fde5113cafa376f2b06628e9654723a1913e4d7bb4d165","2026-08-11T02:41:15Z"
"results/funding_cache/bybit_v2_BNB_USDT_1659571200000_1786406400000.json","results/funding_cache/bybit_v2_BNB_USDT_1659571200000_1786406400000.json","111791","3af3418d5f2fbfebf7a950a58b941324f75596ebf9264ca1bab285ecd136127f","2026-08-11T04:08:09Z"
"results/funding_cache/bybit_v2_BNB_USDT_1659686400000_1786521600000.json","results/funding_cache/bybit_v2_BNB_USDT_1659686400000_1786521600000.json","111795","f5a69f84aabb13e8896a841b4804c60cfcdcc73176550d887cc514e2a78bb2a0","2026-08-12T14:28:24Z"
"results/funding_cache/bybit_v2_BNB_USDT_1722340800000_1786104000000.json","results/funding_cache/bybit_v2_BNB_USDT_1722340800000_1786104000000.json","55708","0e3bee829f99aae571b1c65164815a659fe8f4cdda3ecd1aa7ced1a84e6ac8ad","2026-08-07T16:06:47Z"
"results/funding_cache/bybit_v2_BNB_USDT_1722643200000_1786406400000.json","results/funding_cache/bybit_v2_BNB_USDT_1722643200000_1786406400000.json","55740","e84556971fcc7cfcd371f3fb03e0c6da6daa1be9bca958f61aa0ea44554832bb","2026-08-11T04:09:21Z"
"results/funding_cache/bybit_v2_BTC_USDT_1659254400000_1786089600000.json","results/funding_cache/bybit_v2_BTC_USDT_1659254400000_1786089600000.json","110534","b493ad382c80061dc11051caa7daaee8e32d6e275a064a84da0ae5e3faa394bf","2026-08-07T15:40:58Z"
"results/funding_cache/bybit_v2_BTC_USDT_1659268800000_1786104000000.json","results/funding_cache/bybit_v2_BTC_USDT_1659268800000_1786104000000.json","110511","ec389f809acfd06608b92f6b229242fc579c25d47072a3218540a316f91663a8","2026-08-07T16:04:04Z"
"results/funding_cache/bybit_v2_BTC_USDT_1659312000000_1786147200000.json","results/funding_cache/bybit_v2_BTC_USDT_1659312000000_1786147200000.json","110536","f4a4dea4259dca26bb705813561d3122ba32ae93521f41a07a9593a07e596e73","2026-08-08T05:56:49Z"
"results/funding_cache/bybit_v2_BTC_USDT_1659556800000_1786392000000.json","results/funding_cache/bybit_v2_BTC_USDT_1659556800000_1786392000000.json","110518","b71f7e7ed5376c88ecb728fd9e161264ff8b2a128586c74037e06828a5f8ff06","2026-08-11T02:40:59Z"
"results/funding_cache/bybit_v2_BTC_USDT_1659571200000_1786406400000.json","results/funding_cache/bybit_v2_BTC_USDT_1659571200000_1786406400000.json","110543","6db1864afd3d070b43f666c8943179dbee9c782746ab57fa52259040957a96dd","2026-08-11T04:07:53Z"
"results/funding_cache/bybit_v2_BTC_USDT_1659686400000_1786521600000.json","results/funding_cache/bybit_v2_BTC_USDT_1659686400000_1786521600000.json","110544","ba96923e133f7e77f99aac98cc360dd236d9c3a1282f79d8a8384b638c3c8606","2026-08-12T14:27:52Z"
"results/funding_cache/bybit_v2_BTC_USDT_1722340800000_1786104000000.json","results/funding_cache/bybit_v2_BTC_USDT_1722340800000_1786104000000.json","56247","6c4ae2f22ddfdcc4dfef1c9d92d81f95dd59dc1d59693049ac707390cb755371","2026-08-07T16:06:32Z"
"results/funding_cache/bybit_v2_BTC_USDT_1722643200000_1786406400000.json","results/funding_cache/bybit_v2_BTC_USDT_1722643200000_1786406400000.json","56281","548842d2f5acffdac22354a1a002e43ae1ba1f67bb4d0925a48054dd7c099ae2","2026-08-11T04:09:12Z"
"results/funding_cache/bybit_v2_DOGE_USDT_1659556800000_1786392000000.json","results/funding_cache/bybit_v2_DOGE_USDT_1659556800000_1786392000000.json","108778","591a6edd4ec3001d92f321d1de7c1df6d6593986df3c386fdf09adf53b68a14c","2026-08-11T02:43:10Z"
"results/funding_cache/bybit_v2_DOGE_USDT_1659571200000_1786406400000.json","results/funding_cache/bybit_v2_DOGE_USDT_1659571200000_1786406400000.json","108804","381ced4217090c28f6acc3a8e2daa1679ff3952f33e97e4da2096f43401600ef","2026-08-11T04:08:13Z"
"results/funding_cache/bybit_v2_DOGE_USDT_1659686400000_1786521600000.json","results/funding_cache/bybit_v2_DOGE_USDT_1659686400000_1786521600000.json","108807","9943bea1ec064df8c387836735645d752418b05026377bd1937640cdb9e97ef0","2026-08-12T14:28:31Z"
"results/funding_cache/bybit_v2_DOGE_USDT_1722643200000_1786406400000.json","results/funding_cache/bybit_v2_DOGE_USDT_1722643200000_1786406400000.json","55671","09ad2138dc4f7ffd74106f73ba182d5f3f09276cadb5005df0bbc835e025da90","2026-08-11T04:09:21Z"
"results/funding_cache/bybit_v2_ETH_USDT_1659254400000_1786089600000.json","results/funding_cache/bybit_v2_ETH_USDT_1659254400000_1786089600000.json","110728","5fa00405fdc28dc28312f0129e8381a493540285254f4a90d2091bbf1e15dd8b","2026-08-07T15:41:16Z"
"results/funding_cache/bybit_v2_ETH_USDT_1659268800000_1786104000000.json","results/funding_cache/bybit_v2_ETH_USDT_1659268800000_1786104000000.json","110705","b27c7ce6f10853acbb1d915ace8db91128ea5a42de55a1982fa29e6237969350","2026-08-07T16:04:12Z"
"results/funding_cache/bybit_v2_ETH_USDT_1659312000000_1786147200000.json","results/funding_cache/bybit_v2_ETH_USDT_1659312000000_1786147200000.json","110735","9e3684c3a69d63b3addaa1f7727eb0db8cc6eb47876bccde944de8813640bde7","2026-08-08T05:56:57Z"
"results/funding_cache/bybit_v2_ETH_USDT_1659556800000_1786392000000.json","results/funding_cache/bybit_v2_ETH_USDT_1659556800000_1786392000000.json","110716","e9b1e41cb262259ee39960470b234dce58f458cea75e79b8d2158ed252b0a238","2026-08-11T02:41:03Z"
"results/funding_cache/bybit_v2_ETH_USDT_1659571200000_1786406400000.json","results/funding_cache/bybit_v2_ETH_USDT_1659571200000_1786406400000.json","110742","7222d99f9a805a6501113081166ef6a0f91d1cee17793b6317da0064a9c0123e","2026-08-11T04:07:57Z"
"results/funding_cache/bybit_v2_ETH_USDT_1659686400000_1786521600000.json","results/funding_cache/bybit_v2_ETH_USDT_1659686400000_1786521600000.json","110741","fcb0a521c83f413f2b3ec5f8a22b0fed1fd21aa88451883dba1ecaeef3c25b4a","2026-08-12T14:28:00Z"
"results/funding_cache/bybit_v2_ETH_USDT_1722340800000_1786104000000.json","results/funding_cache/bybit_v2_ETH_USDT_1722340800000_1786104000000.json","56265","d23a3d769d90781fe9993a1a2678dfffec2f154ad30f7f625253dac5d0d33d74","2026-08-07T16:06:36Z"
"results/funding_cache/bybit_v2_ETH_USDT_1722643200000_1786406400000.json","results/funding_cache/bybit_v2_ETH_USDT_1722643200000_1786406400000.json","56300","02c3f41f269b3182bc6745e01886160760246d42799e4290f23e9b78f4749ff2","2026-08-11T04:09:14Z"
"results/funding_cache/bybit_v2_LINK_USDT_1659556800000_1786392000000.json","results/funding_cache/bybit_v2_LINK_USDT_1659556800000_1786392000000.json","108438","8b6cf815cc12fd2073611e1e85c9eca9b6ad9569fe96a57a97b0371a4adc3f13","2026-08-11T02:43:25Z"
"results/funding_cache/bybit_v2_LINK_USDT_1659571200000_1786406400000.json","results/funding_cache/bybit_v2_LINK_USDT_1659571200000_1786406400000.json","108461","1280a489ebd89d0b9ecbf8bd4a6749cf917364663ee9e8550f5afcf9c348f6d4","2026-08-11T04:08:32Z"
"results/funding_cache/bybit_v2_LINK_USDT_1659686400000_1786521600000.json","results/funding_cache/bybit_v2_LINK_USDT_1659686400000_1786521600000.json","108465","92e39867dd615c79838d9f9a7724483d494eec033223e2c5365b42cc5bfce12b","2026-08-12T14:28:54Z"
"results/funding_cache/bybit_v2_LINK_USDT_1722643200000_1786406400000.json","results/funding_cache/bybit_v2_LINK_USDT_1722643200000_1786406400000.json","55377","4539af813c43e4e958bcfcf1ff5ba6f6dc1f0798f54167de8585902366b633fe","2026-08-11T04:09:27Z"
"results/funding_cache/bybit_v2_LTC_USDT_1659556800000_1786392000000.json","results/funding_cache/bybit_v2_LTC_USDT_1659556800000_1786392000000.json","109145","d7836ce0ec7d71912009a8240fd7d0a85b05eac90d4520ce346f22fed8260da9","2026-08-11T02:43:31Z"
"results/funding_cache/bybit_v2_LTC_USDT_1659571200000_1786406400000.json","results/funding_cache/bybit_v2_LTC_USDT_1659571200000_1786406400000.json","109171","a9f38071afb87693ab6f4abfcc6706f56c61bac152b0986c8cc7ce9dfaf7dde7","2026-08-11T04:08:32Z"
"results/funding_cache/bybit_v2_LTC_USDT_1659686400000_1786521600000.json","results/funding_cache/bybit_v2_LTC_USDT_1659686400000_1786521600000.json","109179","8319307f55c8f2dc915017d803112018407bf262588ef40fd9a9b366031835ae","2026-08-12T14:29:02Z"
"results/funding_cache/bybit_v2_LTC_USDT_1722643200000_1786406400000.json","results/funding_cache/bybit_v2_LTC_USDT_1722643200000_1786406400000.json","55698","93bcfa08d2ba0aeaf32d7b9693b1d0776a0c2732b5ac8c2eba9b57d6e71741f1","2026-08-11T04:09:29Z"
"results/funding_cache/bybit_v2_SOL_USDT_1659254400000_1786089600000.json","results/funding_cache/bybit_v2_SOL_USDT_1659254400000_1786089600000.json","120161","72462ddf1d66054204d7754aff05c2c36088304c8db469d5af9447a6818ea8f1","2026-08-07T15:41:49Z"
"results/funding_cache/bybit_v2_SOL_USDT_1659268800000_1786104000000.json","results/funding_cache/bybit_v2_SOL_USDT_1659268800000_1786104000000.json","120138","f41e1e8c30024e79b1f3907e6d70747c625720f978c28b4e57bb3565c3fc1485","2026-08-07T16:04:31Z"
"results/funding_cache/bybit_v2_SOL_USDT_1659312000000_1786147200000.json","results/funding_cache/bybit_v2_SOL_USDT_1659312000000_1786147200000.json","120168","247dcb60a495bbed983099125d65c3265310bbe440c515d2725435818ebb2623","2026-08-08T05:57:12Z"
"results/funding_cache/bybit_v2_SOL_USDT_1659556800000_1786392000000.json","results/funding_cache/bybit_v2_SOL_USDT_1659556800000_1786392000000.json","120151","f8e41ccfee92e50f01ddbc9c596e0c91a7ba2534a28bd43bc526102b9b3c8a56","2026-08-11T02:41:11Z"
"results/funding_cache/bybit_v2_SOL_USDT_1659571200000_1786406400000.json","results/funding_cache/bybit_v2_SOL_USDT_1659571200000_1786406400000.json","120174","e415d9231f2386b61291e9029982b1298a5805de0fd26d26e4b3fe753a404969","2026-08-11T04:08:05Z"
"results/funding_cache/bybit_v2_SOL_USDT_1659686400000_1786521600000.json","results/funding_cache/bybit_v2_SOL_USDT_1659686400000_1786521600000.json","120183","07e4608403ade88a97008504b055d8ba424a0331db981b0b0309290b88616882","2026-08-12T14:28:17Z"
"results/funding_cache/bybit_v2_SOL_USDT_1722340800000_1786104000000.json","results/funding_cache/bybit_v2_SOL_USDT_1722340800000_1786104000000.json","56356","101e918eb21b4aaefeb359e45ee8ac4d1ba24545251d492345279d12a6e55146","2026-08-07T16:06:44Z"
"results/funding_cache/bybit_v2_SOL_USDT_1722643200000_1786406400000.json","results/funding_cache/bybit_v2_SOL_USDT_1722643200000_1786406400000.json","56371","838cbfc811d7a08497a51a64c2a160d518b6ab3fa1ce8645365ac037c95660f1","2026-08-11T04:09:18Z"
"results/funding_cache/bybit_v2_XRP_USDT_1659254400000_1786089600000.json","results/funding_cache/bybit_v2_XRP_USDT_1659254400000_1786089600000.json","109452","f9a6c7154eaf86cb0aadf7b22eb8f5c120cdfc7fed2cd8374ec7c089f520e873","2026-08-07T15:41:30Z"
"results/funding_cache/bybit_v2_XRP_USDT_1659268800000_1786104000000.json","results/funding_cache/bybit_v2_XRP_USDT_1659268800000_1786104000000.json","109429","0ad23bdaf61a3045d60fec3bb2795e037b2c5c430f4b3c736e58455d0a637053","2026-08-07T16:04:21Z"
"results/funding_cache/bybit_v2_XRP_USDT_1659312000000_1786147200000.json","results/funding_cache/bybit_v2_XRP_USDT_1659312000000_1786147200000.json","109459","23a6cb9b58be898513ff88b531b6be9c9aaecd3dd6493d664fede7c1a97b9e9d","2026-08-08T05:57:04Z"
"results/funding_cache/bybit_v2_XRP_USDT_1659556800000_1786392000000.json","results/funding_cache/bybit_v2_XRP_USDT_1659556800000_1786392000000.json","109453","5dd2dd2b8ce907a0347e0f816f0412e2078fb656f38df0a7d6bbced94b5e9584","2026-08-11T02:41:07Z"
"results/funding_cache/bybit_v2_XRP_USDT_1659571200000_1786406400000.json","results/funding_cache/bybit_v2_XRP_USDT_1659571200000_1786406400000.json","109480","33cf736683f5039f9edcff34dda0bde7a5ec19314060875aa7cc63765666d143","2026-08-11T04:08:01Z"
"results/funding_cache/bybit_v2_XRP_USDT_1659686400000_1786521600000.json","results/funding_cache/bybit_v2_XRP_USDT_1659686400000_1786521600000.json","109487","2c4c227fdaedead3b5a33c89dd204a85324aeb54b0b7d7b1b30871ae86f26163","2026-08-12T14:28:08Z"
"results/funding_cache/bybit_v2_XRP_USDT_1722340800000_1786104000000.json","results/funding_cache/bybit_v2_XRP_USDT_1722340800000_1786104000000.json","55954","5201afb8e260e3d9dc48cb2de0db7ac32b43fcf3737843669749201c9dc143c6","2026-08-07T16:06:40Z"
"results/funding_cache/bybit_v2_XRP_USDT_1722643200000_1786406400000.json","results/funding_cache/bybit_v2_XRP_USDT_1722643200000_1786406400000.json","55975","8d61815ed52fe3a7c345635c1893b2df26b6d6fbdbaf6a361c7a096b38531a4f","2026-08-11T04:09:16Z"
"results/funding_cache/bybit_XRP_USDT_1659254400000_1786089600000.json","results/funding_cache/bybit_XRP_USDT_1659254400000_1786089600000.json","109452","f9a6c7154eaf86cb0aadf7b22eb8f5c120cdfc7fed2cd8374ec7c089f520e873","2026-08-07T15:24:08Z"
"results/funding_carry_4y_top2.json","results/funding_carry_4y_top2.json","790","8413269c3ea8430b4c4c4b38243587bd52f94c981259b4d97e30ae8f3014f588","2026-08-07T13:50:55Z"
"results/historical_ai_data_shifted.json","results/historical_ai_data_shifted.json","1126941","645dd880e44356fa118940ceeca3e398f55b7c0fa46c782a1cfb61a68055a646","2026-07-31T15:28:57Z"
"results/historical_ai_data_test.json","results/historical_ai_data_test.json","9691","27d044f7d54d255d76293dacf929b34e279a6a956c969fdbb99b7bf0b31dc7f2","2026-08-04T15:22:13Z"
"results/historical_ai_data.json","results/historical_ai_data.json","1081941","8f3e666582b0f24b1988beb67825acdfd82e48c14c7aab36c33a9bc302c78ec1","2026-07-31T15:24:46Z"
"results/historical_microstructure.json","results/historical_microstructure.json","7216347","4f6abb1443450e4ef35e3f25e916dbcd33c08c95556a65c1b5904bf4e16b24f3","2026-08-04T15:38:22Z"
"results/lifecycle_cost_sweep_v2_100bps.json","results/lifecycle_cost_sweep_v2_100bps.json","9538","dc8c4872a5af989daeae3d81d968bd608ffb964b4c13c71d9557d89f08a9a1ca","2026-08-13T14:42:10Z"
"results/lifecycle_cost_sweep_v2_100bps.manifest.json","results/lifecycle_cost_sweep_v2_100bps.manifest.json","43999","890746840f97a668e45dbde17b3d89a45f40bf954dad74d9dadf755dbb547009","2026-08-13T14:42:10Z"
"results/lifecycle_cost_sweep_v2_150bps.json","results/lifecycle_cost_sweep_v2_150bps.json","10405","8c9ba3fdbbe6a5f862553bb5f9a9412ff9cd782e548d8a4fa9cf7faf4b94c133","2026-08-13T14:50:18Z"
"results/lifecycle_cost_sweep_v2_150bps.manifest.json","results/lifecycle_cost_sweep_v2_150bps.manifest.json","44210","d434c3b6fd269b17b16aa56ed37e17c082f01257f5658f9850940461c67753cd","2026-08-13T14:50:18Z"
"results/lifecycle_cost_sweep_v2_175bps.json","results/lifecycle_cost_sweep_v2_175bps.json","10390","1a2080492e5e7e6e051a43be47c8e70facda8274538a35481efed6f3a4270335","2026-08-13T14:50:20Z"
"results/lifecycle_cost_sweep_v2_175bps.manifest.json","results/lifecycle_cost_sweep_v2_175bps.manifest.json","44315","0ebf120775a18be95fdc6c2222fd840e327d550c092970ed18d62f2eb3007e51","2026-08-13T14:50:21Z"
"results/lifecycle_cost_sweep_v2_200bps.json","results/lifecycle_cost_sweep_v2_200bps.json","10585","9529a89be0fd7f1477415c98ec6d0de948deeee9dc94290c580824083dcadbdd","2026-08-13T14:42:13Z"
"results/lifecycle_cost_sweep_v2_200bps.manifest.json","results/lifecycle_cost_sweep_v2_200bps.manifest.json","44105","61b4c44c0c58393581893f86065e2ca2002e68d6b861a61c3ed76084bd10f589","2026-08-13T14:42:13Z"
"results/lifecycle_cost_sweep_v2_25bps.json","results/lifecycle_cost_sweep_v2_25bps.json","8867","18f40adc60e4bf243b49d44d985ae405d83041e4ed81a59883010669d4c382d9","2026-08-13T14:42:04Z"
"results/lifecycle_cost_sweep_v2_25bps.manifest.json","results/lifecycle_cost_sweep_v2_25bps.manifest.json","43790","f9521bd02039d676cf226e8c07241299db491fac112a36eb3ab3c7a83cc8b48a","2026-08-13T14:42:05Z"
"results/lifecycle_cost_sweep_v2_50bps.json","results/lifecycle_cost_sweep_v2_50bps.json","9320","dc3bea3f5222a8c0a8f0fb6232d19c99dba963f1fadc14ec4988a488f5efa7a3","2026-08-13T14:42:07Z"
"results/lifecycle_cost_sweep_v2_50bps.manifest.json","results/lifecycle_cost_sweep_v2_50bps.manifest.json","43893","187a62f7fb2cfb1c8935abdd7ac93ee92159356d4f3006c11ed538c2a8ca678f","2026-08-13T14:42:07Z"
"results/lifecycle_grid_v2/top1_rank10_stop2p0_trail2p5.json","results/lifecycle_grid_v2/top1_rank10_stop2p0_trail2p5.json","45261","f9b9a2b726d30609687412f1b24d73c815791d981bd90ae8c0af75f8092dd9f9","2026-08-13T15:11:02Z"
"results/lifecycle_grid_v2/top1_rank10_stop2p0_trail2p5.manifest.json","results/lifecycle_grid_v2/top1_rank10_stop2p0_trail2p5.manifest.json","44782","88e7533ae7ce24c18ad07cc31cced0ec4933b89abf5d5280126b973170340730","2026-08-13T15:11:02Z"
"results/lifecycle_grid_v2/top1_rank10_stop2p0_trail3p0.json","results/lifecycle_grid_v2/top1_rank10_stop2p0_trail3p0.json","43187","a4a54e61cea0f2a1369fc3c66ea16a6430e9074c32d944565528652e7d071e2f","2026-08-13T15:11:06Z"
"results/lifecycle_grid_v2/top1_rank10_stop2p0_trail3p0.manifest.json","results/lifecycle_grid_v2/top1_rank10_stop2p0_trail3p0.manifest.json","44782","0e15524bd40f667c0e5a055dde126ceb714e9a30de5fbfaab8cdea42f6234821","2026-08-13T15:11:06Z"
"results/lifecycle_grid_v2/top1_rank10_stop2p0_trail4p0.json","results/lifecycle_grid_v2/top1_rank10_stop2p0_trail4p0.json","41694","b9b533926949e0494f29ef2d9b78fddb55574fcacb8d0bdabdf3a9c57911d395","2026-08-13T15:11:10Z"
"results/lifecycle_grid_v2/top1_rank10_stop2p0_trail4p0.manifest.json","results/lifecycle_grid_v2/top1_rank10_stop2p0_trail4p0.manifest.json","44782","ebe1d441d0bf859f866eea2d5e06fe30b96ea96053cc71fc625c96f9499ef903","2026-08-13T15:11:11Z"
"results/lifecycle_grid_v2/top1_rank10_stop2p5_trail2p5.json","results/lifecycle_grid_v2/top1_rank10_stop2p5_trail2p5.json","45303","164548b1445e9b371647ffc66dd57c03dce233137a0bd12b709fcd62eb078a29","2026-08-13T15:11:14Z"
"results/lifecycle_grid_v2/top1_rank10_stop2p5_trail2p5.manifest.json","results/lifecycle_grid_v2/top1_rank10_stop2p5_trail2p5.manifest.json","44782","1d9607bc800ccb9744e1941b4ae6e429f7a07e864ed9b478df3835d4432c1912","2026-08-13T15:11:15Z"
"results/lifecycle_grid_v2/top1_rank10_stop2p5_trail3p0.json","results/lifecycle_grid_v2/top1_rank10_stop2p5_trail3p0.json","42996","c195a500ffcf9d407b9d5cbe1ed3ad3cfca42793dbcfcc3c9785a068c286e468","2026-08-13T15:11:18Z"
"results/lifecycle_grid_v2/top1_rank10_stop2p5_trail3p0.manifest.json","results/lifecycle_grid_v2/top1_rank10_stop2p5_trail3p0.manifest.json","44782","037f8ea6527797797727f0f157f0bcfd50e313efb0a698443b0a9e2a7c54e70f","2026-08-13T15:11:19Z"
"results/lifecycle_grid_v2/top1_rank10_stop2p5_trail4p0.json","results/lifecycle_grid_v2/top1_rank10_stop2p5_trail4p0.json","41488","c46d42228325c6485c2dde24c20708758c68a27444411d4507fc4a342d3d5255","2026-08-13T15:11:22Z"
"results/lifecycle_grid_v2/top1_rank10_stop2p5_trail4p0.manifest.json","results/lifecycle_grid_v2/top1_rank10_stop2p5_trail4p0.manifest.json","44782","63d4b1858b77e4eb03237b0c4da9ad8d89d3b26414d6bba56dcf7f8e5111348e","2026-08-13T15:11:23Z"
"results/lifecycle_grid_v2/top1_rank10_stop3p0_trail2p5.json","results/lifecycle_grid_v2/top1_rank10_stop3p0_trail2p5.json","45303","10ec3749865079c8b0251ca8559d19134f7a006a419007a6c4d21c2da5ca2b54","2026-08-13T15:11:26Z"
"results/lifecycle_grid_v2/top1_rank10_stop3p0_trail2p5.manifest.json","results/lifecycle_grid_v2/top1_rank10_stop3p0_trail2p5.manifest.json","44782","e2593deb548e5066ad8768f3b6ed04f84cf746dfa117f2d637af82eda1468167","2026-08-13T15:11:26Z"
"results/lifecycle_grid_v2/top1_rank10_stop3p0_trail3p0.json","results/lifecycle_grid_v2/top1_rank10_stop3p0_trail3p0.json","42764","5e9e5929ee1d9d7f637ee1c3e3d4b4ba14e8f2ef8987483718c425a69d07d95b","2026-08-13T15:11:30Z"
"results/lifecycle_grid_v2/top1_rank10_stop3p0_trail3p0.manifest.json","results/lifecycle_grid_v2/top1_rank10_stop3p0_trail3p0.manifest.json","44782","bfda7bee7fae93e894cdff777ce89e64502fcc82090f511aec346d46d3c8fbb2","2026-08-13T15:11:30Z"
"results/lifecycle_grid_v2/top1_rank10_stop3p0_trail4p0.json","results/lifecycle_grid_v2/top1_rank10_stop3p0_trail4p0.json","41271","80ca5e0b27198adcf77874d9ef87fe646ee909855e933c5c44b6d1dc0ca1f6dd","2026-08-13T15:11:34Z"
"results/lifecycle_grid_v2/top1_rank10_stop3p0_trail4p0.manifest.json","results/lifecycle_grid_v2/top1_rank10_stop3p0_trail4p0.manifest.json","44782","89a99ed12e324bc836cd0f86eb3181636a089b4eb50cd21e0917faa28cdab989","2026-08-13T15:11:34Z"
"results/lifecycle_grid_v2/top1_rank20_stop2p0_trail2p5.json","results/lifecycle_grid_v2/top1_rank20_stop2p0_trail2p5.json","44667","6887a9d655ba013def0b015325aeaad72e957608d729157a1f5e05d3daf598d5","2026-08-13T15:11:38Z"
"results/lifecycle_grid_v2/top1_rank20_stop2p0_trail2p5.manifest.json","results/lifecycle_grid_v2/top1_rank20_stop2p0_trail2p5.manifest.json","44782","840a2d195fa06a2d51a5153965ed74af1dd12c2e04d23b94bf88ca315e5c6789","2026-08-13T15:11:38Z"
"results/lifecycle_grid_v2/top1_rank20_stop2p0_trail3p0.json","results/lifecycle_grid_v2/top1_rank20_stop2p0_trail3p0.json","42842","999d6cb28ee4a60ad945be725f0c0d594a0cdbf0b89b1620df34f51c5423db43","2026-08-13T15:11:42Z"
"results/lifecycle_grid_v2/top1_rank20_stop2p0_trail3p0.manifest.json","results/lifecycle_grid_v2/top1_rank20_stop2p0_trail3p0.manifest.json","44782","615a8e75a2de6dffea6053770c07b09b8d672dbc2b94ec554460869cc790e424","2026-08-13T15:11:43Z"
"results/lifecycle_grid_v2/top1_rank20_stop2p0_trail4p0.json","results/lifecycle_grid_v2/top1_rank20_stop2p0_trail4p0.json","41124","1aeb49ee9bb36ccded82c53c18f875921d044abc9e5b7f669907c0a1a14090e7","2026-08-13T15:11:46Z"
"results/lifecycle_grid_v2/top1_rank20_stop2p0_trail4p0.manifest.json","results/lifecycle_grid_v2/top1_rank20_stop2p0_trail4p0.manifest.json","44782","446ce2272a10cb9154a8e5b6e36a56ba10aa00c3fa7e58b1b568517dd4a7008f","2026-08-13T15:11:47Z"
"results/lifecycle_grid_v2/top1_rank20_stop2p5_trail2p5.json","results/lifecycle_grid_v2/top1_rank20_stop2p5_trail2p5.json","44692","34619943d010e51102f8cf05f19a70bda744cd5753dbe21313c2939a59616f2f","2026-08-13T15:11:50Z"
"results/lifecycle_grid_v2/top1_rank20_stop2p5_trail2p5.manifest.json","results/lifecycle_grid_v2/top1_rank20_stop2p5_trail2p5.manifest.json","44782","ed0d4e9ee02732447c889d1d6ae441d7901a3da98af7d18b772d0f9a8265ee83","2026-08-13T15:11:51Z"
"results/lifecycle_grid_v2/top1_rank20_stop2p5_trail3p0.json","results/lifecycle_grid_v2/top1_rank20_stop2p5_trail3p0.json","42372","72211855a06cce776f414dd1b39376509ca72e8d262c23dfecf6024360c962b1","2026-08-13T15:11:54Z"
"results/lifecycle_grid_v2/top1_rank20_stop2p5_trail3p0.manifest.json","results/lifecycle_grid_v2/top1_rank20_stop2p5_trail3p0.manifest.json","44782","64c49ff091e7de1967315425d9d71f4cc1e04ec88f4649528cc5392110f91f7a","2026-08-13T15:11:55Z"
"results/lifecycle_grid_v2/top1_rank20_stop2p5_trail4p0.json","results/lifecycle_grid_v2/top1_rank20_stop2p5_trail4p0.json","40898","70eb76402788a8f6267631cb2cd38f001a8a7aa57c428c5d2fc8dfe9842091d5","2026-08-13T15:11:58Z"
"results/lifecycle_grid_v2/top1_rank20_stop2p5_trail4p0.manifest.json","results/lifecycle_grid_v2/top1_rank20_stop2p5_trail4p0.manifest.json","44782","f96be19eb8e91e15bebb43decf6419ee9958dba3402ec50d33f51b55c3236cb6","2026-08-13T15:11:59Z"
"results/lifecycle_grid_v2/top1_rank20_stop3p0_trail2p5.json","results/lifecycle_grid_v2/top1_rank20_stop3p0_trail2p5.json","44692","223ef56250ec9764585b9520507808f63da31eab7e2004dadff6486e53e781d2","2026-08-13T15:12:02Z"
"results/lifecycle_grid_v2/top1_rank20_stop3p0_trail2p5.manifest.json","results/lifecycle_grid_v2/top1_rank20_stop3p0_trail2p5.manifest.json","44782","ac88a186f253b7cef2fa067ec706dfb309af2011f13b9d9363d2251929fb2d73","2026-08-13T15:12:03Z"
"results/lifecycle_grid_v2/top1_rank20_stop3p0_trail3p0.json","results/lifecycle_grid_v2/top1_rank20_stop3p0_trail3p0.json","42158","8eebd325d9593db98bfe65533930dadacd4a4fea6946222503341b4fa926780e","2026-08-13T15:12:06Z"
"results/lifecycle_grid_v2/top1_rank20_stop3p0_trail3p0.manifest.json","results/lifecycle_grid_v2/top1_rank20_stop3p0_trail3p0.manifest.json","44782","c016617cf78e19d6eeea286f59673edea6815eddc2601d360ad5cb024138f908","2026-08-13T15:12:07Z"
"results/lifecycle_grid_v2/top1_rank20_stop3p0_trail4p0.json","results/lifecycle_grid_v2/top1_rank20_stop3p0_trail4p0.json","40474","51d99d14033a71895bec8c6282ceb4b64b37550439515256471f5c051c37e08d","2026-08-13T15:12:10Z"
"results/lifecycle_grid_v2/top1_rank20_stop3p0_trail4p0.manifest.json","results/lifecycle_grid_v2/top1_rank20_stop3p0_trail4p0.manifest.json","44782","4a74e8dda7d82c904127ee61e57129a020a307f12b35d780256df8b95249ecee","2026-08-13T15:12:11Z"
"results/lifecycle_grid_v2/top1_rank40_stop2p0_trail2p5.json","results/lifecycle_grid_v2/top1_rank40_stop2p0_trail2p5.json","44638","c29cab75c36a0651900aa67449a75f4f5deee029bc3dd663fab97717277d4583","2026-08-13T15:12:14Z"
"results/lifecycle_grid_v2/top1_rank40_stop2p0_trail2p5.manifest.json","results/lifecycle_grid_v2/top1_rank40_stop2p0_trail2p5.manifest.json","44782","84cb3cedad9c586bb08adf21df9e5b511e1f6198a76d2c066a8e2fc839d549cc","2026-08-13T15:12:15Z"
"results/lifecycle_grid_v2/top1_rank40_stop2p0_trail3p0.json","results/lifecycle_grid_v2/top1_rank40_stop2p0_trail3p0.json","42568","a45dba7e5472dc6b3c325bfbc3e28e73d5943d761342672905147239b6dc50e7","2026-08-13T15:12:18Z"
"results/lifecycle_grid_v2/top1_rank40_stop2p0_trail3p0.manifest.json","results/lifecycle_grid_v2/top1_rank40_stop2p0_trail3p0.manifest.json","44782","be6ab0157a84d452c6a3e1930beb3813943ca491ecfbac3938850a4186f58cb1","2026-08-13T15:12:19Z"
"results/lifecycle_grid_v2/top1_rank40_stop2p0_trail4p0.json","results/lifecycle_grid_v2/top1_rank40_stop2p0_trail4p0.json","41302","a6805f6b8da04012ba0d3a0988c1dcec0bbddee5c5f17a5174b22999119aa6ff","2026-08-13T15:12:22Z"
"results/lifecycle_grid_v2/top1_rank40_stop2p0_trail4p0.manifest.json","results/lifecycle_grid_v2/top1_rank40_stop2p0_trail4p0.manifest.json","44782","6d3a2f70c410e5a33cce9ca42f3df15e88b6f9400fa35e3bd5abb17333577536","2026-08-13T15:12:23Z"
"results/lifecycle_grid_v2/top1_rank40_stop2p5_trail2p5.json","results/lifecycle_grid_v2/top1_rank40_stop2p5_trail2p5.json","44650","4b57882f95f2231d133c4a78e6eeff2b4311542aff12e574bc9071904940e6b5","2026-08-13T15:12:26Z"
"results/lifecycle_grid_v2/top1_rank40_stop2p5_trail2p5.manifest.json","results/lifecycle_grid_v2/top1_rank40_stop2p5_trail2p5.manifest.json","44782","9edcac52e0ac220e57e69d6e12416e6fca2b3d1de8944c7ceda754e04e12196f","2026-08-13T15:12:27Z"
"results/lifecycle_grid_v2/top1_rank40_stop2p5_trail3p0.json","results/lifecycle_grid_v2/top1_rank40_stop2p5_trail3p0.json","42347","3dd997b04bf73e5391b30f0955c5903f9295058b6454eeee1a366a4cb5ddb0c2","2026-08-13T15:12:30Z"
"results/lifecycle_grid_v2/top1_rank40_stop2p5_trail3p0.manifest.json","results/lifecycle_grid_v2/top1_rank40_stop2p5_trail3p0.manifest.json","44782","ff8653e5c0a71cc2a5fc46d832e3c398f0d592c28a25afbcf06c4efeca177c98","2026-08-13T15:12:31Z"
"results/lifecycle_grid_v2/top1_rank40_stop2p5_trail4p0.json","results/lifecycle_grid_v2/top1_rank40_stop2p5_trail4p0.json","41099","75c2548f05df7d471d9c0ad89b81d8344cda65a17ee5044e99c4a1d3b7092ae8","2026-08-13T15:12:34Z"
"results/lifecycle_grid_v2/top1_rank40_stop2p5_trail4p0.manifest.json","results/lifecycle_grid_v2/top1_rank40_stop2p5_trail4p0.manifest.json","44782","94f7a7acbaa5bc69069e1e3d70d68c0fc2befc5fe980600394de360c1bce1ff0","2026-08-13T15:12:35Z"
"results/lifecycle_grid_v2/top1_rank40_stop3p0_trail2p5.json","results/lifecycle_grid_v2/top1_rank40_stop3p0_trail2p5.json","44650","fd8d528dd6e8b8f4d54f5b2fb65e5aec4dfa8f5c269939330cc3d23972057a79","2026-08-13T15:12:38Z"
"results/lifecycle_grid_v2/top1_rank40_stop3p0_trail2p5.manifest.json","results/lifecycle_grid_v2/top1_rank40_stop3p0_trail2p5.manifest.json","44782","b0ae83f75d94347151db9a370cf1a1b4437f1aa800c5f4f46d42ca7ace453dca","2026-08-13T15:12:38Z"
"results/lifecycle_grid_v2/top1_rank40_stop3p0_trail3p0.json","results/lifecycle_grid_v2/top1_rank40_stop3p0_trail3p0.json","42132","da513a92a78fd9d4a3ccbc5640c80c78d17c1f4c3a2df17450b309b7b6b064a3","2026-08-13T15:12:42Z"
"results/lifecycle_grid_v2/top1_rank40_stop3p0_trail3p0.manifest.json","results/lifecycle_grid_v2/top1_rank40_stop3p0_trail3p0.manifest.json","44782","1c2b98bd19f8079f2392d3a36bc3360c95809b5dc2e116176b6717029846bb3d","2026-08-13T15:12:42Z"
"results/lifecycle_grid_v2/top1_rank40_stop3p0_trail4p0.json","results/lifecycle_grid_v2/top1_rank40_stop3p0_trail4p0.json","40657","b14e374a0eb22f59281fb93fd125bf7ccfcdbb620d7159508baa7620cfc8f448","2026-08-13T15:12:46Z"
"results/lifecycle_grid_v2/top1_rank40_stop3p0_trail4p0.manifest.json","results/lifecycle_grid_v2/top1_rank40_stop3p0_trail4p0.manifest.json","44782","8d8c31f8d65ace359fa56f5db1ef95e3975172356d19daa2f3ecb0d94c504446","2026-08-13T15:12:46Z"
"results/lifecycle_grid_v2/top2_rank10_stop2p0_trail2p5.json","results/lifecycle_grid_v2/top2_rank10_stop2p0_trail2p5.json","50504","c52a773876b0fc471141be5a3a20d695bb40414422fe3a6f5a1599d0559f8393","2026-08-13T15:12:50Z"
"results/lifecycle_grid_v2/top2_rank10_stop2p0_trail2p5.manifest.json","results/lifecycle_grid_v2/top2_rank10_stop2p0_trail2p5.manifest.json","44782","0c50eee0383d92077a1acd544e63ab891de2f67cbf4bafbed6c21d87f38e00a5","2026-08-13T15:12:50Z"
"results/lifecycle_grid_v2/top2_rank10_stop2p0_trail3p0.json","results/lifecycle_grid_v2/top2_rank10_stop2p0_trail3p0.json","48268","cfb032a2da670211dfd8defed0669bf539835ae49fc4dd896122fbb93256f624","2026-08-13T15:12:54Z"
"results/lifecycle_grid_v2/top2_rank10_stop2p0_trail3p0.manifest.json","results/lifecycle_grid_v2/top2_rank10_stop2p0_trail3p0.manifest.json","44782","ec9f2d30d012425cabe06daa2f5a7ebb5efb5ac8f1522db5d7f06018f422ee29","2026-08-13T15:12:54Z"
"results/lifecycle_grid_v2/top2_rank10_stop2p0_trail4p0.json","results/lifecycle_grid_v2/top2_rank10_stop2p0_trail4p0.json","45692","740e6d5b55a5d15dc9b1713b922fecb98ee693f4a2eaab8821074c71bb9a56ae","2026-08-13T15:12:58Z"
"results/lifecycle_grid_v2/top2_rank10_stop2p0_trail4p0.manifest.json","results/lifecycle_grid_v2/top2_rank10_stop2p0_trail4p0.manifest.json","44782","2cf0ec7d6f15ea847b438cc4a08899910e078661c1f07634c2ea27fd2095381f","2026-08-13T15:12:58Z"
"results/lifecycle_grid_v2/top2_rank10_stop2p5_trail2p5.json","results/lifecycle_grid_v2/top2_rank10_stop2p5_trail2p5.json","50548","65e20aa0a2e4dff630e080d279382ec09ee5f007e0bd1c22bc3866e084f6176b","2026-08-13T15:13:02Z"
"results/lifecycle_grid_v2/top2_rank10_stop2p5_trail2p5.manifest.json","results/lifecycle_grid_v2/top2_rank10_stop2p5_trail2p5.manifest.json","44782","1ff7afc91a58751fd1d2d9e460612e11ac3691ec541315a0c6ff6ac357b7046c","2026-08-13T15:13:02Z"
"results/lifecycle_grid_v2/top2_rank10_stop2p5_trail3p0.json","results/lifecycle_grid_v2/top2_rank10_stop2p5_trail3p0.json","47617","a128703e62c94ff11c5ffe9236aeb5167dcac8545a69337a984c1ec592627783","2026-08-13T15:13:06Z"
"results/lifecycle_grid_v2/top2_rank10_stop2p5_trail3p0.manifest.json","results/lifecycle_grid_v2/top2_rank10_stop2p5_trail3p0.manifest.json","44782","7c799733c9bf58be372927da038f637af3124ade92735658cde720123e089305","2026-08-13T15:13:06Z"
"results/lifecycle_grid_v2/top2_rank10_stop2p5_trail4p0.json","results/lifecycle_grid_v2/top2_rank10_stop2p5_trail4p0.json","45247","ca74332ae22e41f01b7fc30b2d33c6a8d8153135e63e5c3c90778ce35658becc","2026-08-13T15:13:10Z"
"results/lifecycle_grid_v2/top2_rank10_stop2p5_trail4p0.manifest.json","results/lifecycle_grid_v2/top2_rank10_stop2p5_trail4p0.manifest.json","44782","5b6915b24c74c2908050b517b806651f3fc8cfd38bd3dc422fd957013522471a","2026-08-13T15:13:10Z"
"results/lifecycle_grid_v2/top2_rank10_stop3p0_trail2p5.json","results/lifecycle_grid_v2/top2_rank10_stop3p0_trail2p5.json","50543","606b2562162a51110cdf7ee41ef62936c21f4985ae64dfe62aadc52ba74d0df7","2026-08-13T15:13:14Z"
"results/lifecycle_grid_v2/top2_rank10_stop3p0_trail2p5.manifest.json","results/lifecycle_grid_v2/top2_rank10_stop3p0_trail2p5.manifest.json","44782","f4493623996064c8ef3d72dbd3f3771913c66d4a158eba14e4e03e6642162ff4","2026-08-13T15:13:14Z"
"results/lifecycle_grid_v2/top2_rank10_stop3p0_trail3p0.json","results/lifecycle_grid_v2/top2_rank10_stop3p0_trail3p0.json","47182","55885944db74955911cdfe45b8e7874615110eb7cdd48b90e5b0666c91ba3cb4","2026-08-13T15:13:18Z"
"results/lifecycle_grid_v2/top2_rank10_stop3p0_trail3p0.manifest.json","results/lifecycle_grid_v2/top2_rank10_stop3p0_trail3p0.manifest.json","44782","4803b6d5885743b627ac9dac3ab583c146c1eaa08ce3202e53ce5cc493862dc3","2026-08-13T15:13:18Z"
"results/lifecycle_grid_v2/top2_rank10_stop3p0_trail4p0.json","results/lifecycle_grid_v2/top2_rank10_stop3p0_trail4p0.json","44555","583eaf602a9be0981f98deb0fd60d067f835d1b2df96f9e3a1f0621268c3b2cf","2026-08-13T15:13:22Z"
"results/lifecycle_grid_v2/top2_rank10_stop3p0_trail4p0.manifest.json","results/lifecycle_grid_v2/top2_rank10_stop3p0_trail4p0.manifest.json","44782","2e467fb87367122cdef3322c45dd41ffb7cd747aa4613bebcaa01e1e1053108e","2026-08-13T15:13:22Z"
"results/lifecycle_grid_v2/top2_rank20_stop2p0_trail2p5.json","results/lifecycle_grid_v2/top2_rank20_stop2p0_trail2p5.json","50489","688e84dd32cf4e9d4dd2c1c7dd25c3a483e334a185a1ebb0cd8b1ec14a60b836","2026-08-13T15:13:26Z"
"results/lifecycle_grid_v2/top2_rank20_stop2p0_trail2p5.manifest.json","results/lifecycle_grid_v2/top2_rank20_stop2p0_trail2p5.manifest.json","44782","107f8a710dbbbd910f91378bc1fdce7b1eb2e30a3b23a40ab6493a9674798d2d","2026-08-13T15:13:26Z"
"results/lifecycle_grid_v2/top2_rank20_stop2p0_trail3p0.json","results/lifecycle_grid_v2/top2_rank20_stop2p0_trail3p0.json","48285","7be3589a1938b2a0965ec94a5d79f87b004f7f70eea026c5618bb4023487af5c","2026-08-13T15:13:30Z"
"results/lifecycle_grid_v2/top2_rank20_stop2p0_trail3p0.manifest.json","results/lifecycle_grid_v2/top2_rank20_stop2p0_trail3p0.manifest.json","44782","f96c3dd1420a9383e5ab6d8203cddf323e243d2e0f46c6628740ffab52ddb7ca","2026-08-13T15:13:30Z"
"results/lifecycle_grid_v2/top2_rank20_stop2p0_trail4p0.json","results/lifecycle_grid_v2/top2_rank20_stop2p0_trail4p0.json","45697","9a2168cf0b3e774a92567467299c979addd660890128f6e2a746b121c93cb051","2026-08-13T15:13:34Z"
"results/lifecycle_grid_v2/top2_rank20_stop2p0_trail4p0.manifest.json","results/lifecycle_grid_v2/top2_rank20_stop2p0_trail4p0.manifest.json","44782","10cacb7ac9b42d59f649291361e918288a1db61715fa42e646d9acfd69d2810b","2026-08-13T15:13:34Z"
"results/lifecycle_grid_v2/top2_rank20_stop2p5_trail2p5.json","results/lifecycle_grid_v2/top2_rank20_stop2p5_trail2p5.json","50548","bb789336a039ea836ab35623fb1209c827d62e21b58bdfd863711cb3254d3d71","2026-08-13T15:13:38Z"
"results/lifecycle_grid_v2/top2_rank20_stop2p5_trail2p5.manifest.json","results/lifecycle_grid_v2/top2_rank20_stop2p5_trail2p5.manifest.json","44782","45ed9d196a3c92c94b5906721d757db664ca4a6b5b3cc5f83edbcb9825f09178","2026-08-13T15:13:38Z"
"results/lifecycle_grid_v2/top2_rank20_stop2p5_trail3p0.json","results/lifecycle_grid_v2/top2_rank20_stop2p5_trail3p0.json","47618","fb47cec8607fceddf8be80ac113d6bad40f3f3eab30f8d775dacdfc40c6e8145","2026-08-13T15:13:42Z"
"results/lifecycle_grid_v2/top2_rank20_stop2p5_trail3p0.manifest.json","results/lifecycle_grid_v2/top2_rank20_stop2p5_trail3p0.manifest.json","44782","5616d28ac8276ea880d7706425f93ea6058def8821db6576148e752a1c07b225","2026-08-13T15:13:42Z"
"results/lifecycle_grid_v2/top2_rank20_stop2p5_trail4p0.json","results/lifecycle_grid_v2/top2_rank20_stop2p5_trail4p0.json","45261","183e5f22fcef9a0cf8cbf0426265eb1ba2fdc4ba09a67797b398aaf1fea41f79","2026-08-13T15:13:46Z"
"results/lifecycle_grid_v2/top2_rank20_stop2p5_trail4p0.manifest.json","results/lifecycle_grid_v2/top2_rank20_stop2p5_trail4p0.manifest.json","44782","19f7dc0a41a6871e0f1ffb494036e41ea2f7adda9dcd2a2d909b975540a9088f","2026-08-13T15:13:46Z"
"results/lifecycle_grid_v2/top2_rank20_stop3p0_trail2p5.json","results/lifecycle_grid_v2/top2_rank20_stop3p0_trail2p5.json","50539","9000ba3d6e9d8a1c39314b0859332bb486340d0dc10f210a0ddc10cc5efa44ba","2026-08-13T15:13:50Z"
"results/lifecycle_grid_v2/top2_rank20_stop3p0_trail2p5.manifest.json","results/lifecycle_grid_v2/top2_rank20_stop3p0_trail2p5.manifest.json","44782","67785be51a78903e9514644034a3c13d1791e4deb62dd18b79c8138bae4a72d8","2026-08-13T15:13:50Z"
"results/lifecycle_grid_v2/top2_rank20_stop3p0_trail3p0.json","results/lifecycle_grid_v2/top2_rank20_stop3p0_trail3p0.json","47170","54ba0b926a72a535bdc862bdd236225429309d3de3c7a9ad971644e36b7dd7da","2026-08-13T15:13:54Z"
"results/lifecycle_grid_v2/top2_rank20_stop3p0_trail3p0.manifest.json","results/lifecycle_grid_v2/top2_rank20_stop3p0_trail3p0.manifest.json","44782","948a3eec18ce630909a2d6003414ba611b475b03af121966f84c71b710148791","2026-08-13T15:13:54Z"
"results/lifecycle_grid_v2/top2_rank20_stop3p0_trail4p0.json","results/lifecycle_grid_v2/top2_rank20_stop3p0_trail4p0.json","44565","aa7670772e115491d620924808afcc4974c8da1975b6c25b4ba9862acb49e949","2026-08-13T15:13:58Z"
"results/lifecycle_grid_v2/top2_rank20_stop3p0_trail4p0.manifest.json","results/lifecycle_grid_v2/top2_rank20_stop3p0_trail4p0.manifest.json","44782","d5437c1cdc4711e75973aa2d8a96e1254dbd95da00802ccd6708921edc0804d4","2026-08-13T15:13:58Z"
"results/lifecycle_grid_v2/top2_rank40_stop2p0_trail2p5.json","results/lifecycle_grid_v2/top2_rank40_stop2p0_trail2p5.json","50228","69808a22526717483b8fe27c4ea14b09e6d374c736ba862307a212776b9ed998","2026-08-13T15:14:02Z"
"results/lifecycle_grid_v2/top2_rank40_stop2p0_trail2p5.manifest.json","results/lifecycle_grid_v2/top2_rank40_stop2p0_trail2p5.manifest.json","44782","9a9ec973210715506d3f6928dd5d9fbff451cec6bac3a379d983ff1c8c6ceb4a","2026-08-13T15:14:02Z"
"results/lifecycle_grid_v2/top2_rank40_stop2p0_trail3p0.json","results/lifecycle_grid_v2/top2_rank40_stop2p0_trail3p0.json","48052","5704c3211a0db7fe05d136413af7a8f859100f4cf511b9f38b13c971d0b439ec","2026-08-13T15:14:06Z"
"results/lifecycle_grid_v2/top2_rank40_stop2p0_trail3p0.manifest.json","results/lifecycle_grid_v2/top2_rank40_stop2p0_trail3p0.manifest.json","44782","d4bef7ca1e6233d0caadb8dcedc1b6de8f3a8656b187e62e453b7fbedc82da55","2026-08-13T15:14:06Z"
"results/lifecycle_grid_v2/top2_rank40_stop2p0_trail4p0.json","results/lifecycle_grid_v2/top2_rank40_stop2p0_trail4p0.json","45703","24923550d65ed13a33310ddc94f29219923e4f1427e1c91e3845cc0b19c44ae8","2026-08-13T15:14:10Z"
"results/lifecycle_grid_v2/top2_rank40_stop2p0_trail4p0.manifest.json","results/lifecycle_grid_v2/top2_rank40_stop2p0_trail4p0.manifest.json","44782","21a14d546b28785fe4f1874970b0722110e12e1faa4d270e31b8c753d2139778","2026-08-13T15:14:10Z"
"results/lifecycle_grid_v2/top2_rank40_stop2p5_trail2p5.json","results/lifecycle_grid_v2/top2_rank40_stop2p5_trail2p5.json","50285","b89059c11ef6969020591c8cd4c6b0401edad7fc2ea1beaa92f44e285c514e65","2026-08-13T15:14:14Z"
"results/lifecycle_grid_v2/top2_rank40_stop2p5_trail2p5.manifest.json","results/lifecycle_grid_v2/top2_rank40_stop2p5_trail2p5.manifest.json","44782","b7429b3313033f10487a386616acab6374a2a017e4bfd3472af76cd422eb9c8c","2026-08-13T15:14:14Z"
"results/lifecycle_grid_v2/top2_rank40_stop2p5_trail3p0.json","results/lifecycle_grid_v2/top2_rank40_stop2p5_trail3p0.json","47398","e635ea18a0c904666c63f3b2ef81c999b1b871811340b584a8619d8d40831783","2026-08-13T15:14:18Z"
"results/lifecycle_grid_v2/top2_rank40_stop2p5_trail3p0.manifest.json","results/lifecycle_grid_v2/top2_rank40_stop2p5_trail3p0.manifest.json","44782","08fb288301cf0620fea0d55ce35bdab096a49d6b93803ce523884d165afd2155","2026-08-13T15:14:19Z"
"results/lifecycle_grid_v2/top2_rank40_stop2p5_trail4p0.json","results/lifecycle_grid_v2/top2_rank40_stop2p5_trail4p0.json","45257","f03e14b4c9b0f948459b543fa38e8c0d445e5e8aa25d7b22b920e759a9e4e783","2026-08-13T15:14:22Z"
"results/lifecycle_grid_v2/top2_rank40_stop2p5_trail4p0.manifest.json","results/lifecycle_grid_v2/top2_rank40_stop2p5_trail4p0.manifest.json","44782","379bc059bc7d74fa7ff3175374e1f46770fe7acf9f8b40f62ee08b657125bbf6","2026-08-13T15:14:23Z"
"results/lifecycle_grid_v2/top2_rank40_stop3p0_trail2p5.json","results/lifecycle_grid_v2/top2_rank40_stop3p0_trail2p5.json","50290","2eddfe0319f8e9d2ca2360be4fc9d1490794438f29abd4a22f1cc0bb97046da8","2026-08-13T15:14:26Z"
"results/lifecycle_grid_v2/top2_rank40_stop3p0_trail2p5.manifest.json","results/lifecycle_grid_v2/top2_rank40_stop3p0_trail2p5.manifest.json","44782","a5ea3f21139ee11892d8116c5b47b7558d711bd1891838392e2baede8aa56ba4","2026-08-13T15:14:27Z"
"results/lifecycle_grid_v2/top2_rank40_stop3p0_trail3p0.json","results/lifecycle_grid_v2/top2_rank40_stop3p0_trail3p0.json","46950","0110783919f573d7994f3c35c26156ce5181ae6cd13556256e5afbc6a3643665","2026-08-13T15:14:30Z"
"results/lifecycle_grid_v2/top2_rank40_stop3p0_trail3p0.manifest.json","results/lifecycle_grid_v2/top2_rank40_stop3p0_trail3p0.manifest.json","44782","ad34f8abf828b85aafac785ee603be80bf08ff4eacf85f212c1dc49f6c9cdbd3","2026-08-13T15:14:31Z"
"results/lifecycle_grid_v2/top2_rank40_stop3p0_trail4p0.json","results/lifecycle_grid_v2/top2_rank40_stop3p0_trail4p0.json","44566","c74137cde1703fb880061ac9d4cf761ca7dee6fd7534df9edfe669a0310c322b","2026-08-13T15:14:34Z"
"results/lifecycle_grid_v2/top2_rank40_stop3p0_trail4p0.manifest.json","results/lifecycle_grid_v2/top2_rank40_stop3p0_trail4p0.manifest.json","44782","991183a3b7401fe538c25eed885e99803cceb36ead836b2b177fa5e96ce9b395","2026-08-13T15:14:35Z"
"results/lifecycle_grid/t1_r10_s2_tr2.5.json","results/lifecycle_grid/t1_r10_s2_tr2.5.json","1259","8a68895e058aac5af58a04801e1b0f9b5a54fe65a831ff8b0f582162dea0e33c","2026-08-12T14:47:53Z"
"results/lifecycle_grid/t1_r10_s2_tr3.json","results/lifecycle_grid/t1_r10_s2_tr3.json","1259","5481bc71292f53346c5db14c3e788ab2e0cc9513099bb07160f94c4ce15810cc","2026-08-12T14:47:55Z"
"results/lifecycle_grid/t1_r10_s2_tr4.json","results/lifecycle_grid/t1_r10_s2_tr4.json","1261","fb8f97f0fcd9b4d71a400e3da285c3a4fa426cf89c0dca73d1bb6b99fd9b7772","2026-08-12T14:47:57Z"
"results/lifecycle_grid/t1_r10_s2.5_tr2.5.json","results/lifecycle_grid/t1_r10_s2.5_tr2.5.json","1263","d9f36c3db6e507868b5feca3dbe8a8b63be95f6269c70b00d57d9329ddbc072f","2026-08-12T14:48:00Z"
"results/lifecycle_grid/t1_r10_s2.5_tr3.json","results/lifecycle_grid/t1_r10_s2.5_tr3.json","1259","84f8ebc6612c58a2ec1b21804035284306c61820c2e469efcaf2f984b9f7f7bb","2026-08-12T14:48:02Z"
"results/lifecycle_grid/t1_r10_s2.5_tr4.json","results/lifecycle_grid/t1_r10_s2.5_tr4.json","1258","58200cd37f30e3f3c5008c0e2c28ffc8aaf6d71b9da12d82ef5ed28983637c4c","2026-08-12T14:48:04Z"
"results/lifecycle_grid/t1_r10_s3_tr2.5.json","results/lifecycle_grid/t1_r10_s3_tr2.5.json","1263","fe6ed02da92d48e3da3059795ec3b4f98fc78a2e3ff106aac5e9294a05a07955","2026-08-12T14:48:07Z"
"results/lifecycle_grid/t1_r10_s3_tr3.json","results/lifecycle_grid/t1_r10_s3_tr3.json","1259","8b9685bf1f5add49e7655b10cab85de2e43fae441e6bb0279e71f22fb5b37346","2026-08-12T14:48:09Z"
"results/lifecycle_grid/t1_r10_s3_tr4.json","results/lifecycle_grid/t1_r10_s3_tr4.json","1260","8ccb1f977661f70a8dc8e7e24ee71192a48b68f6e2f841644d65fd95eecf65e9","2026-08-12T14:48:11Z"
"results/lifecycle_grid/t1_r20_s2_tr2.5.json","results/lifecycle_grid/t1_r20_s2_tr2.5.json","1254","83be8fe416588e69ddaa3e51975bdcc07b32b054c8f4f8150261df976775ae01","2026-08-12T14:48:13Z"
"results/lifecycle_grid/t1_r20_s2_tr3.json","results/lifecycle_grid/t1_r20_s2_tr3.json","1257","da347273eb29dbdcdec170093059aaeb6e9a8bff37e1132da3ff33186a0196b2","2026-08-12T14:48:16Z"
"results/lifecycle_grid/t1_r20_s2_tr4.json","results/lifecycle_grid/t1_r20_s2_tr4.json","1256","726473dd96b453e7e9363c83f8933e096b7b4a927ff99538f5655a540be9ba11","2026-08-12T14:48:18Z"
"results/lifecycle_grid/t1_r20_s2.5_tr2.5.json","results/lifecycle_grid/t1_r20_s2.5_tr2.5.json","1258","85e3851a626e1e247073b462fd4524efdce6bcf0241db5ce308bed78f5c8d3b9","2026-08-12T14:48:20Z"
"results/lifecycle_grid/t1_r20_s2.5_tr3.json","results/lifecycle_grid/t1_r20_s2.5_tr3.json","1258","98198c3d8f60d0c255f0fdf01dd720f67d1c9fc69ef6a9359f0afa7ebd2ad005","2026-08-12T14:48:22Z"
"results/lifecycle_grid/t1_r20_s2.5_tr4.json","results/lifecycle_grid/t1_r20_s2.5_tr4.json","1258","46a7fbb48335d675f20f9677807707b8bc4083dd9ddd553ceb76dbe645e35d6d","2026-08-12T14:48:25Z"
"results/lifecycle_grid/t1_r20_s3_tr2.5.json","results/lifecycle_grid/t1_r20_s3_tr2.5.json","1258","70f403661b1428cd05f4879514602e9994ce4238d22df59beb5adccfd6be86b5","2026-08-12T14:48:27Z"
"results/lifecycle_grid/t1_r20_s3_tr3.json","results/lifecycle_grid/t1_r20_s3_tr3.json","1257","a14bf84a52823e32025c7bd454121fd6afd9fbb19104195c713d3c7f3cf32eb4","2026-08-12T14:48:29Z"
"results/lifecycle_grid/t1_r20_s3_tr4.json","results/lifecycle_grid/t1_r20_s3_tr4.json","1257","048b4f4f27facf78dc83e721fdaa49e5aff6fd02d7af1ca04e4c729ab0590525","2026-08-12T14:48:31Z"
"results/lifecycle_grid/t1_r40_s2_tr2.5.json","results/lifecycle_grid/t1_r40_s2_tr2.5.json","1259","803fcebadecd6223a533942dc07118758ba95bd968ed80e70887842e2c9a3396","2026-08-12T14:48:34Z"
"results/lifecycle_grid/t1_r40_s2_tr3.json","results/lifecycle_grid/t1_r40_s2_tr3.json","1258","061519f73bec7a4549d48faf091282bd32024d97127376342fe8991a3329a47b","2026-08-12T14:48:36Z"
"results/lifecycle_grid/t1_r40_s2_tr4.json","results/lifecycle_grid/t1_r40_s2_tr4.json","1258","c5832ae6d2eaa5aaf89c87669436da14afc71c343c1d30f5f5ba61f8d7a7b7ea","2026-08-12T14:48:38Z"
"results/lifecycle_grid/t1_r40_s2.5_tr2.5.json","results/lifecycle_grid/t1_r40_s2.5_tr2.5.json","1260","ecad4afcf54d8ffa9ae698d78cd565c78e43122a097639da3024484aef478266","2026-08-12T14:48:40Z"
"results/lifecycle_grid/t1_r40_s2.5_tr3.json","results/lifecycle_grid/t1_r40_s2.5_tr3.json","1257","0e306fe98aa0cef4a9013ad0b8259e41988bb95bd391b40d43546c47cf7f6b40","2026-08-12T14:48:43Z"
"results/lifecycle_grid/t1_r40_s2.5_tr4.json","results/lifecycle_grid/t1_r40_s2.5_tr4.json","1259","0a66788411d218a4e3b18716d74adbbfde6a48c96868a561af9ce01efcfecdd6","2026-08-12T14:48:45Z"
"results/lifecycle_grid/t1_r40_s3_tr2.5.json","results/lifecycle_grid/t1_r40_s3_tr2.5.json","1260","dd168d8c3051895272d406ec3c8989cbe63d48bbf00103230efacf47c6e8eea4","2026-08-12T14:48:47Z"
"results/lifecycle_grid/t1_r40_s3_tr3.json","results/lifecycle_grid/t1_r40_s3_tr3.json","1258","4ae5d2156b4675364b3058d92a2553c436010af6dede21d30baed53e02b3dd81","2026-08-12T14:48:49Z"
"results/lifecycle_grid/t1_r40_s3_tr4.json","results/lifecycle_grid/t1_r40_s3_tr4.json","1260","90005958d343731df866df109bc47b2ba3a3ef97c59985018d395aec7e49f09c","2026-08-12T14:48:52Z"
"results/lifecycle_grid/t2_r10_s2_tr2.5.json","results/lifecycle_grid/t2_r10_s2_tr2.5.json","1260","70ad561e9020fd3849beb6d1cf9f4abd2337b251b24c37e511fa8f55038bb1d5","2026-08-12T14:48:54Z"
"results/lifecycle_grid/t2_r10_s2_tr3.json","results/lifecycle_grid/t2_r10_s2_tr3.json","1257","3358b0c11062984743bf709b91a4984b6e4b7169ee8a3f7ba4702565722dcfe8","2026-08-12T14:48:56Z"
"results/lifecycle_grid/t2_r10_s2_tr4.json","results/lifecycle_grid/t2_r10_s2_tr4.json","1258","a30cb293a52c715ea0b0d18f5cb5081b50fd7bf15ad06ce97f850a2c9e4d59d8","2026-08-12T14:48:59Z"
"results/lifecycle_grid/t2_r10_s2.5_tr2.5.json","results/lifecycle_grid/t2_r10_s2.5_tr2.5.json","1259","b1a08d4019fc0c9c343749503d50b3da822bf6cae103f7c34f7266a51e037986","2026-08-12T14:49:01Z"
"results/lifecycle_grid/t2_r10_s2.5_tr3.json","results/lifecycle_grid/t2_r10_s2.5_tr3.json","1259","d96c2b206c258ef174b955a5246bf1d1665ed297f26cf8a0b56fdaeba1bcd126","2026-08-12T14:49:03Z"
"results/lifecycle_grid/t2_r10_s2.5_tr4.json","results/lifecycle_grid/t2_r10_s2.5_tr4.json","1261","98d050dc326fc217f36aa4dcad3ac9d66b6d8faa4fc187518b144dc77af8b308","2026-08-12T14:49:06Z"
"results/lifecycle_grid/t2_r10_s3_tr2.5.json","results/lifecycle_grid/t2_r10_s3_tr2.5.json","1260","040cd1487ff2f8be9285672ef45f2de2c877cf5173bfab3211aaa24139a9a80b","2026-08-12T14:49:08Z"
"results/lifecycle_grid/t2_r10_s3_tr3.json","results/lifecycle_grid/t2_r10_s3_tr3.json","1260","f140c8ae1c0fae1c18a7bb8948659d643ea099a09a91ce6e189fd4c714a1493c","2026-08-12T14:49:11Z"
"results/lifecycle_grid/t2_r10_s3_tr4.json","results/lifecycle_grid/t2_r10_s3_tr4.json","1259","da97a1c7e2cefafdbccfc127eb9ee57351b87b810432080151d2a826f13b5445","2026-08-12T14:49:13Z"
"results/lifecycle_grid/t2_r20_s2_tr2.5.json","results/lifecycle_grid/t2_r20_s2_tr2.5.json","1261","294943f4e3fdb416f4553e0e266b93076294c9bc0d28a8cb5d250df909bdbc4d","2026-08-12T14:49:15Z"
"results/lifecycle_grid/t2_r20_s2_tr3.json","results/lifecycle_grid/t2_r20_s2_tr3.json","1258","872b681b443a2c1a22047e1b02a4713eb8f73409f1f5c84024310676b93af061","2026-08-12T14:49:17Z"
"results/lifecycle_grid/t2_r20_s2_tr4.json","results/lifecycle_grid/t2_r20_s2_tr4.json","1258","4030f84ac46843e28551078b2d397807ed2eb2209927b45795295340c1bfefef","2026-08-12T14:49:20Z"
"results/lifecycle_grid/t2_r20_s2.5_tr2.5.json","results/lifecycle_grid/t2_r20_s2.5_tr2.5.json","1259","383da89484b891151aca64d086789902cd9d1bb1b0f68d31e401a973d1a7a7dd","2026-08-12T14:49:22Z"
"results/lifecycle_grid/t2_r20_s2.5_tr3.json","results/lifecycle_grid/t2_r20_s2.5_tr3.json","1258","d7cdce989de14db4e78ecf666cd87842c4c4fb14c784b17bf48807077f682063","2026-08-12T14:49:24Z"
"results/lifecycle_grid/t2_r20_s2.5_tr4.json","results/lifecycle_grid/t2_r20_s2.5_tr4.json","1260","bf156e6968cd0edc5b6d7f9c25743ebc19aa6a77000a9e5a7c529756ca825b35","2026-08-12T14:49:26Z"
"results/lifecycle_grid/t2_r20_s3_tr2.5.json","results/lifecycle_grid/t2_r20_s3_tr2.5.json","1258","fefaaad3264493866c20bbe58a42388f93b5f8fa9879ab794f904ff4b94cbe6a","2026-08-12T14:49:29Z"
"results/lifecycle_grid/t2_r20_s3_tr3.json","results/lifecycle_grid/t2_r20_s3_tr3.json","1259","0eef7e11047d71e548d35b7771c92b57c1d9b3d5c08e5d15b1f33c44f73d2c30","2026-08-12T14:49:31Z"
"results/lifecycle_grid/t2_r20_s3_tr4.json","results/lifecycle_grid/t2_r20_s3_tr4.json","1256","921af45ccc15e341a5bc5a57c6dbcb89d1d1d4f3447e4ca486c1bb010450829f","2026-08-12T14:49:33Z"
"results/lifecycle_grid/t2_r40_s2_tr2.5.json","results/lifecycle_grid/t2_r40_s2_tr2.5.json","1261","e878f8e21d2c9cd370c9fdb8c0f9942c1f744b49040101cb3c93b9c38316883f","2026-08-12T14:49:35Z"
"results/lifecycle_grid/t2_r40_s2_tr3.json","results/lifecycle_grid/t2_r40_s2_tr3.json","1258","358fc744f6b797c54712fe4aec6440fc3195b94928fa8d5022fc27c4b31a1959","2026-08-12T14:49:37Z"
"results/lifecycle_grid/t2_r40_s2_tr4.json","results/lifecycle_grid/t2_r40_s2_tr4.json","1259","27885a91b58b5a926b919b270f25bc700374d210e8ecc669946da53c44a5de27","2026-08-12T14:49:40Z"
"results/lifecycle_grid/t2_r40_s2.5_tr2.5.json","results/lifecycle_grid/t2_r40_s2.5_tr2.5.json","1260","5a1c7318dacaca74d3e34c030706c9ca859d05afa86db1ef93baa9779e4dc61f","2026-08-12T14:49:42Z"
"results/lifecycle_grid/t2_r40_s2.5_tr3.json","results/lifecycle_grid/t2_r40_s2.5_tr3.json","1259","541881e0712c8ef2189891938135bb69f9354de95ce5f031c339d74a3ae52c46","2026-08-12T14:49:44Z"
"results/lifecycle_grid/t2_r40_s2.5_tr4.json","results/lifecycle_grid/t2_r40_s2.5_tr4.json","1261","a934b2473323c3329bd819b58b867820fbd935a7c95e9cd190417415cbd8b3a1","2026-08-12T14:49:47Z"
"results/lifecycle_grid/t2_r40_s3_tr2.5.json","results/lifecycle_grid/t2_r40_s3_tr2.5.json","1260","68cf94b90b8b661f33b973fb40cc0ff3235e6c0b88be87053e36402fc9d08f40","2026-08-12T14:49:49Z"
"results/lifecycle_grid/t2_r40_s3_tr3.json","results/lifecycle_grid/t2_r40_s3_tr3.json","1256","4bfe885505da7de761d8ec4e46133e8531bb0c42371b0db4189c76754c38d7e0","2026-08-12T14:49:51Z"
"results/lifecycle_grid/t2_r40_s3_tr4.json","results/lifecycle_grid/t2_r40_s3_tr4.json","1259","6899df1693fce377e7ad7d1e3d4dffee37f6a777379237bcece1481c9a992f97","2026-08-12T14:49:53Z"
"results/lifecycle_leave_one_out_v2/exclude_BTCUSDT.json","results/lifecycle_leave_one_out_v2/exclude_BTCUSDT.json","5931","7ba014617bc1657315d404e74b037f072399817b758da754174bd24e1c9e6fcf","2026-08-13T15:01:40Z"
"results/lifecycle_leave_one_out_v2/exclude_BTCUSDT.manifest.json","results/lifecycle_leave_one_out_v2/exclude_BTCUSDT.manifest.json","44626","82a7efe14e057ad0461e6200c63dbbef0bcf637bad5eaa3f08e8d3a45785decf","2026-08-13T15:01:40Z"
"results/lifecycle_leave_one_out_v2/exclude_DOGEUSDT.json","results/lifecycle_leave_one_out_v2/exclude_DOGEUSDT.json","9081","9cba10f68d2ebbbf68b57671adfdc08883500c6b04da3f69c477381f8feb1fc9","2026-08-13T15:01:44Z"
"results/lifecycle_leave_one_out_v2/exclude_DOGEUSDT.manifest.json","results/lifecycle_leave_one_out_v2/exclude_DOGEUSDT.manifest.json","44628","812270b83833cdeafcad46b20b84a7e8c5f41adceb3117351474dc9e0fac8e2d","2026-08-13T15:01:44Z"
"results/lifecycle_leave_one_out_v2/exclude_ETHUSDT.json","results/lifecycle_leave_one_out_v2/exclude_ETHUSDT.json","8829","ec57d7265ade66afff2f3599c294dfd0b5285dc547e46a693b4d886e58a0b279","2026-08-13T15:01:48Z"
"results/lifecycle_leave_one_out_v2/exclude_ETHUSDT.manifest.json","results/lifecycle_leave_one_out_v2/exclude_ETHUSDT.manifest.json","44626","9f02031219b0ab03b148e660600b785ece28a2b764dfa3aac45e0ec607489e01","2026-08-13T15:01:49Z"
"results/lifecycle_leave_one_out_v2/exclude_SOLUSDT.json","results/lifecycle_leave_one_out_v2/exclude_SOLUSDT.json","8637","7660d53553ee1d2d55022e92a6620a306e655f1f1e61eacbc4051119f78bb315","2026-08-13T15:01:52Z"
"results/lifecycle_leave_one_out_v2/exclude_SOLUSDT.manifest.json","results/lifecycle_leave_one_out_v2/exclude_SOLUSDT.manifest.json","44626","d4a83a9feaccdd6315e0a6197bb28164988f5269c7d8f854689137a332d3b9b4","2026-08-13T15:01:53Z"
"results/lifecycle_leave_one_out_v2/exclude_XRPUSDT_BTCUSDT.json","results/lifecycle_leave_one_out_v2/exclude_XRPUSDT_BTCUSDT.json","4816","b7d40d90d71300337eef4f5730d718015e9ed131c0df90ad2ae83483a9cfbedb","2026-08-13T15:02:00Z"
"results/lifecycle_leave_one_out_v2/exclude_XRPUSDT_BTCUSDT.manifest.json","results/lifecycle_leave_one_out_v2/exclude_XRPUSDT_BTCUSDT.manifest.json","44642","c2fa73a4b6af778475e0c02422ca11ff31975f49a17be6e2d69b900ce1be5ff1","2026-08-13T15:02:01Z"
"results/lifecycle_leave_one_out_v2/exclude_XRPUSDT.json","results/lifecycle_leave_one_out_v2/exclude_XRPUSDT.json","8851","f428fe50c9c17e95e5053a0e1d12ec3fc23dffbc62730fcbb7862f8a5a03d6c8","2026-08-13T15:01:56Z"
"results/lifecycle_leave_one_out_v2/exclude_XRPUSDT.manifest.json","results/lifecycle_leave_one_out_v2/exclude_XRPUSDT.manifest.json","44626","94de88c5004966c6ec936cf27465b4f27a4ac67c77ce101398c5f85c58eefaae","2026-08-13T15:01:57Z"
"results/llm_bybit_lifecycle_dual_run_consensus_v1_development.json","results/llm_bybit_lifecycle_dual_run_consensus_v1_development.json","74422","666e2f39713488e9dfed623f13282cfa3154fe94a016109acac59e3c49359242","2026-08-15T05:32:46Z"
"results/llm_bybit_lifecycle_dual_run_consensus_v1_development.manifest.json","results/llm_bybit_lifecycle_dual_run_consensus_v1_development.manifest.json","48264","817ed1f58772e8d27c7e5f85dfbc6f00ce19d24f666a6ba56427bb5d469545ce","2026-08-15T05:32:46Z"
"results/llm_bybit_lifecycle_full_v1_development.json","results/llm_bybit_lifecycle_full_v1_development.json","75024","e0c2f27cf498cf94bce64d78bbc8642826bb24d6c49525d813f3fc5d383102a7","2026-08-14T10:38:33Z"
"results/llm_bybit_lifecycle_full_v1_development.manifest.json","results/llm_bybit_lifecycle_full_v1_development.manifest.json","47469","a2f54dcb0b4620ae8b941f3aaf892191450f753fd8ba7330366b7cc3d90aad31","2026-08-14T10:38:33Z"
"results/llm_causal_corpus_v1_audit.json","results/llm_causal_corpus_v1_audit.json","280","1b9c36202608758f483ed31788afa39b20ce5ba962033e69312ef155f59fe5d7","2026-08-13T16:16:29Z"
"results/llm_causal_corpus_v1.json","results/llm_causal_corpus_v1.json","517569","27584b0240fc7fc42e7209a2e9630588843fc03cadac8ea641c000f616cf9f35","2026-08-13T16:16:29Z"
"results/llm_cryptovision_v2_manifest.json","results/llm_cryptovision_v2_manifest.json","2494","8fa6622c5bde916271b3137ba51879c30aad922c714999e8686969f8386a33a3","2026-08-13T17:00:45Z"
"results/llm_daily_dual_run_consensus_v1_targets.json","results/llm_daily_dual_run_consensus_v1_targets.json","535844","b82bc642cec6ce86241df0af5703062ec2ab0f53d16eda280f21a33c50ba863d","2026-08-15T05:32:38Z"
"results/llm_daily_dual_run_consensus_v1.json","results/llm_daily_dual_run_consensus_v1.json","2105901","97cac47ddf64cc5007676eb9eb9a7ae949ebe9d0866575f2bfaed90e44e44557","2026-08-15T05:32:37Z"
"results/llm_daily_full_finbert_v1_development.json","results/llm_daily_full_finbert_v1_development.json","2035981","e756e22427b80e85e29bf11cef0994f85c5d6083600d28aef5c684e9ee8872f8","2026-08-16T14:27:09Z"
"results/llm_daily_full_llama3_development.json","results/llm_daily_full_llama3_development.json","2724836","468dba96d2842833aaa3a58d46f1f452cc9d268af68c43b56b8740bc0713ebc8","2026-08-14T09:28:12Z"
"results/llm_daily_full_llama3_repeat2_determinism.json","results/llm_daily_full_llama3_repeat2_determinism.json","1372","bc40d966cffdf6baccc6ed3fa33ec6ce43ff5f66d8b0c1a882a7c20f0912a05d","2026-08-15T05:32:36Z"
"results/llm_daily_full_llama3_repeat2.json","results/llm_daily_full_llama3_repeat2.json","2752751","b67ddc758f8883eff928eff337f4230a641b10f127e8a82fa76d94c69c97410c","2026-08-15T05:30:56Z"
"results/llm_daily_full_qwen2_5_7b_v1_development.json","results/llm_daily_full_qwen2_5_7b_v1_development.json","2558574","e76e2160b4a22eb8b9f8d2e32c48087544a2bc40d2e869ca6ab2f07063636262","2026-08-15T17:15:15Z"
"results/llm_daily_full_qwen3_8b_v1_development.json","results/llm_daily_full_qwen3_8b_v1_development.json","2369918","f95d06275785e1a09a6844bb55fb5c0b22e45ffb9600f0947b20fabf3e03b017","2026-08-19T15:13:42Z"
"results/llm_daily_full_targets_v1.json","results/llm_daily_full_targets_v1.json","536296","437cc6f0c84faf3a714101010f2f44ddd8ec1499ce77cff946c6decfd24de8bd","2026-08-14T10:33:44Z"
"results/llm_daily_information_sets_v1.json","results/llm_daily_information_sets_v1.json","46135671","2136070baa8b1288a7064a770249f285bce72c179875117c2279bb0a5c2ab338","2026-08-13T17:02:04Z"
"results/llm_daily_pilot_lifecycle_smoke.json","results/llm_daily_pilot_lifecycle_smoke.json","31801","7a3cd68dea5caa14a4b36e931db2de984b9ef655ccfe83906ecdfc1768df6f7a","2026-08-14T05:32:10Z"
"results/llm_daily_pilot_lifecycle_smoke.manifest.json","results/llm_daily_pilot_lifecycle_smoke.manifest.json","47058","24ed02e19e630b5b070cd6444020d7afb08e30692f939969e1a38fdd5ea9baee","2026-08-14T05:32:11Z"
"results/llm_daily_pilot_llama3_determinism.json","results/llm_daily_pilot_llama3_determinism.json","300","11849423e6771a1f2a2472ab96cd22d7fe904bc4c1c13b1e9fdb7056984b9001","2026-08-14T05:23:09Z"
"results/llm_daily_pilot_llama3_run1.json","results/llm_daily_pilot_llama3_run1.json","16600","0b58878d11358c94b55a835cf5c0ca05f84d204b8c11e05a6044ae3cf23f9e74","2026-08-13T17:06:14Z"
"results/llm_daily_pilot_llama3_run2.json","results/llm_daily_pilot_llama3_run2.json","16600","e2b7f58693f46be3d8f6ca253f2fff4fee9a3e00da44462a57b019b21f961c65","2026-08-14T05:22:28Z"
"results/llm_daily_pilot_llama3_workers2_determinism.json","results/llm_daily_pilot_llama3_workers2_determinism.json","317","fe86882ecbbc2961f091c1893ae74a179df8dcde7367eae1aa19a18ae9f478b3","2026-08-14T06:52:14Z"
"results/llm_daily_pilot_llama3_workers2_run3.json","results/llm_daily_pilot_llama3_workers2_run3.json","17220","9a0ebe756f2cfead87b029134a741e03938518bb33b258faf16946f103acab55","2026-08-14T06:51:54Z"
"results/llm_daily_pilot_qwen3_5_4b_nothink_run1.json","results/llm_daily_pilot_qwen3_5_4b_nothink_run1.json","7794","0a799b4b7c2c7fa7899a1688fdb9eea0b9dd2e0b7e354ba6955838558e342563","2026-08-14T05:53:40Z"
"results/llm_daily_pilot_targets_v1.json","results/llm_daily_pilot_targets_v1.json","446596","83898d1b7cd4d94f21b55eb2400cdd25351f305994ca9bc865346db93b850010","2026-08-14T05:31:22Z"
"results/llm_daily_reliability_deepseek_r1_7b_run1_v1.json","results/llm_daily_reliability_deepseek_r1_7b_run1_v1.json","1430","419656f11e87815453f1f32e9160814d2f1570e9ee388bd17c5ba522e1f47594","2026-08-19T15:39:28Z"
"results/llm_daily_reliability_finbert_determinism_v1.json","results/llm_daily_reliability_finbert_determinism_v1.json","1280","253c73f923ce015bbc7f5c8c7770f1aaf1b451bae6b045bd703c4c5f42e7080f","2026-08-16T12:07:48Z"
"results/llm_daily_reliability_finbert_run1_v1.json","results/llm_daily_reliability_finbert_run1_v1.json","75919","15f914059c979e0b07a3195c1235b625a3cc92e5be89f5af5df0627c7b1a1f88","2026-08-16T12:03:12Z"
"results/llm_daily_reliability_finbert_run2_v1.json","results/llm_daily_reliability_finbert_run2_v1.json","75919","48b0951e49ac611d0faec47c0c48ce7029d8430ed8c1174b4d957ec11e682aea","2026-08-16T12:07:45Z"
"results/llm_daily_reliability_gemma3_4b_run1_v1.json","results/llm_daily_reliability_gemma3_4b_run1_v1.json","10461","69a1d81607712fbc7f1b5b6e3907a9df54fc86415b4c012ad259b8c373358bbe","2026-08-16T10:43:16Z"
"results/llm_daily_reliability_glm4_9b_q3km_run1_v1.json","results/llm_daily_reliability_glm4_9b_q3km_run1_v1.json","1438","bf2ef9c0dd76090ed0ed14b06bf22161c350f68dbd12da9d19dc98411a079b25","2026-09-12T04:15:25Z"
"results/llm_daily_reliability_llama3_determinism108.json","results/llm_daily_reliability_llama3_determinism108.json","320","bdd41d90bea19dddb9acd6500395fa50e0158828f7d5dfb782f0d68c5ed42613","2026-08-14T14:47:22Z"
"results/llm_daily_reliability_llama3_repeat108.json","results/llm_daily_reliability_llama3_repeat108.json","100475","c9e5292cefe240d56835707d1972730d918fa6deb2001b1393150ad7b9bd44cf","2026-08-14T11:38:11Z"
"results/llm_daily_reliability_qwen2_5_7b_determinism_v1.json","results/llm_daily_reliability_qwen2_5_7b_determinism_v1.json","1299","b7ef2fd814c91a9868dadf980af98cc1b2399617ed5fa2cd27e95637e00feed5","2026-08-15T06:44:16Z"
"results/llm_daily_reliability_qwen2_5_7b_run1_v1.json","results/llm_daily_reliability_qwen2_5_7b_run1_v1.json","96097","32bc0b4b964af79956f5f90c66b4685f83cc64b8e339b6c7b99d5e0a2fed777f","2026-08-15T06:13:29Z"
"results/llm_daily_reliability_qwen2_5_7b_run2_v1.json","results/llm_daily_reliability_qwen2_5_7b_run2_v1.json","96097","1ceca969e8a4df78dc4f471152a76eb95a12714b42ce7cda7056463c333acdb8","2026-08-15T06:44:12Z"
"results/llm_daily_reliability_qwen3_8b_determinism_v1.json","results/llm_daily_reliability_qwen3_8b_determinism_v1.json","1293","97a2c58bfaaa63a786135a9e15ddc18677e8ef02a8352225fc73909fff96cd7f","2026-08-18T14:28:51Z"
"results/llm_daily_reliability_qwen3_8b_run1_v1.json","results/llm_daily_reliability_qwen3_8b_run1_v1.json","88496","e610ebb249441eb23317602565f4fce757a50e8b512f5860dc91635f3b570642","2026-08-18T14:04:03Z"
"results/llm_daily_reliability_qwen3_8b_run2_v1.json","results/llm_daily_reliability_qwen3_8b_run2_v1.json","88496","f0be8ed50d31fce4be5d278e244f0700bdb85a1d154d646bbaf01c7e997585bf","2026-08-18T14:28:46Z"
"results/llm_deepseek_r1_7b_challenger_gate_v1.json","results/llm_deepseek_r1_7b_challenger_gate_v1.json","2021","6d12f981aa7c9235ac33e13ea989558b14e217609b3aad927fc728fdc4d934e0","2026-08-19T15:39:31Z"
"results/llm_finbert_operational_gate_v1.json","results/llm_finbert_operational_gate_v1.json","2525","d5654dd936b05b699fbfd35e7982bc5315f0296eed1ee263fd649210ae0f9a42","2026-08-16T12:07:49Z"
"results/llm_finbert_predictive_gate_v1_development.json","results/llm_finbert_predictive_gate_v1_development.json","2550","46c4fa055a74bfa31e138ea734ec4681999f4f8eaf84cd603b5a13bab7b734b6","2026-08-16T14:27:32Z"
"results/llm_fingpt_chatglm2_6b_bnb_nf4_stage0_v2_development.json","results/llm_fingpt_chatglm2_6b_bnb_nf4_stage0_v2_development.json","745","314b293cc348989b395c89fbe117930359f28c28f43da7f2a44fd86d71ab569e","2026-08-16T15:25:46Z"
"results/llm_fingpt_chatglm2_6b_int4_stage0_v1_development.json","results/llm_fingpt_chatglm2_6b_int4_stage0_v1_development.json","3319","06ac65fd6817e388033c95c838dbda29f022380b30c5f0573bab9693f55660e3","2026-08-16T14:51:40Z"
"results/llm_gemma3_4b_challenger_gate_v1.json","results/llm_gemma3_4b_challenger_gate_v1.json","1804","9eb103defbbc75e74424fa44fc2bd34983d4a114c48fae6a191a85306bb1f05c","2026-08-16T10:46:55Z"
"results/llm_glm4_9b_q3km_challenger_gate_v1.json","results/llm_glm4_9b_q3km_challenger_gate_v1.json","1645","34da04f1e8b2d08d6e2a7afc1ef17bb7a82962d8c0f79bce902a9191beb999d6","2026-09-12T04:15:31Z"
"results/llm_outcome_calibration_dual_run_consensus_v1_development.json","results/llm_outcome_calibration_dual_run_consensus_v1_development.json","4783","25b8c0935780997335790399574171373b62524facb5e02a041d4b67b6dff134","2026-08-15T05:33:08Z"
"results/llm_outcome_calibration_qwen2_5_7b_v1_development.json","results/llm_outcome_calibration_qwen2_5_7b_v1_development.json","4773","70f9a3ba98827394c34b30f10dcae1029605dc0bd86404b3b4c0097cfbbfdee0","2026-08-15T17:15:36Z"
"results/llm_outcome_calibration_qwen3_8b_v1_development.json","results/llm_outcome_calibration_qwen3_8b_v1_development.json","4792","6551813ed43b8c19c0f2aac6db317408db18a50593ce3175fc0917990209d2f7","2026-08-19T15:14:08Z"
"results/llm_outcome_calibration_v1_development.json","results/llm_outcome_calibration_v1_development.json","4785","0a093dd9ba0d486c434ba3d76e4fe0fbece6f0d68604d8a290e2a3a9b051f6fb","2026-08-14T14:53:27Z"
"results/llm_pilot_llama3_latest_determinism.json","results/llm_pilot_llama3_latest_determinism.json","300","b1a08ef88004ba5c0e75e474d7d3d167ec3523230eed6b2d7787c2d1f1418585","2026-08-13T16:23:21Z"
"results/llm_pilot_llama3_latest_run1.json","results/llm_pilot_llama3_latest_run1.json","7598","3e6fa4423eeb0a3eab8801583307d79f1651e92fae54c9af90c80845f28153ec","2026-08-13T16:22:57Z"
"results/llm_pilot_llama3_latest_run2.json","results/llm_pilot_llama3_latest_run2.json","7598","c6e4c0baa76a61f6b7c4491ced9eb0478288bf1f85983c4a89c58ac979fd1e66","2026-08-13T16:23:21Z"
"results/llm_pilot_qwen3_5_4b_run1.json","results/llm_pilot_qwen3_5_4b_run1.json","7185","a8e0559f47a7fdf3ca19e78ea9741e1e603b4e4211ffecd78224180ff7e50819","2026-08-13T16:33:58Z"
"results/llm_pipeline_v1_readiness.json","results/llm_pipeline_v1_readiness.json","10179","3eafb4d3031b13d56592170664937597bc714bd9cbc6674588eb37cff154c3bc","2026-08-16T10:47:16Z"
"results/llm_qwen25_7b_challenger_gate_v1.json","results/llm_qwen25_7b_challenger_gate_v1.json","2333","52a7c4d02c7371dde87933d98748db79b998628a23558ee8c254a05b64dfcb47","2026-08-15T06:44:17Z"
"results/llm_qwen25_7b_challenger_stage2_v1.json","results/llm_qwen25_7b_challenger_stage2_v1.json","2250","b2ffa10f15ff72fb470c6878ddb15b654e94d9be720361fe2234ff2bd132d62a","2026-08-15T17:15:38Z"
"results/llm_qwen3_8b_challenger_gate_v1.json","results/llm_qwen3_8b_challenger_gate_v1.json","2479","999a661560907d20c12229353f0036990f10e9c452cdc63dc53a2c9a43121046","2026-08-18T14:28:52Z"
"results/llm_qwen3_8b_challenger_stage2_v1.json","results/llm_qwen3_8b_challenger_stage2_v1.json","2396","ccf9e525a35522b357dbcab3823eb3189d51e3368ab9f68f078bb88d827fc85e","2026-08-19T15:14:10Z"
"results/llm_sentiment_llama3.json","results/llm_sentiment_llama3.json","1241864","c59956b563f6907d36c371e7430af1527c53da906ee9ad337f1e3aa1d2e75f7f","2026-08-04T16:11:40Z"
"results/llm_sentiment_qwen2_5_7b.json","results/llm_sentiment_qwen2_5_7b.json","1263048","44e2ef2bd1b39245beaadc94a4f9dbfb1c660acf74f4234489d2318549da65b8","2026-08-05T03:53:23Z"
"results/market_data_cache/bybit_ADA_USDT_1d_1460_2026-08-11.json","results/market_data_cache/bybit_ADA_USDT_1d_1460_2026-08-11.json","80864","0027dd788dbde49fbc2274342b861c24daa9f088169dd38950a5478b9808129c","2026-08-11T04:45:12Z"
"results/market_data_cache/bybit_ADA_USDT_1d_1460_2026-08-12.json","results/market_data_cache/bybit_ADA_USDT_1d_1460_2026-08-12.json","80868","e512ebbe9df7a74539e981aaf36c317c1385fe40d7357a4de99fbeac8d742964","2026-08-12T14:27:38Z"
"results/market_data_cache/bybit_ADA_USDT_4h_8810_2026-08-11.json","results/market_data_cache/bybit_ADA_USDT_4h_8810_2026-08-11.json","480412","970e11bd39aeee13bf6e7e828ee1689f27df0ccd2985b117d938225d0a50243c","2026-08-11T04:45:14Z"
"results/market_data_cache/bybit_ADA_USDT_4h_8810_2026-08-12.json","results/market_data_cache/bybit_ADA_USDT_4h_8810_2026-08-12.json","480420","616a7ecc2e460a7aa0a5d70d3f9bf5deb1b9ca9169561419a91937f180a67da6","2026-08-12T14:27:40Z"
"results/market_data_cache/bybit_AVAX_USDT_1d_1460_2026-08-11.json","results/market_data_cache/bybit_AVAX_USDT_1d_1460_2026-08-11.json","75614","69a4897dc5317e47ff89089e5653cd116322c6f3ca411bc03f8146307bc53006","2026-08-11T04:45:14Z"
"results/market_data_cache/bybit_AVAX_USDT_1d_1460_2026-08-12.json","results/market_data_cache/bybit_AVAX_USDT_1d_1460_2026-08-12.json","75612","cef534478b2830c0ecff49dcbae71428c575502d6b05d85b4f2cfc422d2b2f0b","2026-08-12T14:27:39Z"
"results/market_data_cache/bybit_AVAX_USDT_4h_8810_2026-08-11.json","results/market_data_cache/bybit_AVAX_USDT_4h_8810_2026-08-11.json","448607","47c09458da7ed39e9e9ef13d3755b591e04bf67f449a3286ab8b598ad2825149","2026-08-11T04:45:16Z"
"results/market_data_cache/bybit_AVAX_USDT_4h_8810_2026-08-12.json","results/market_data_cache/bybit_AVAX_USDT_4h_8810_2026-08-12.json","448593","64d9cd354ceba182e486eb3cfc0cad5a34a0916903cdbae24b3f94f4e7cde7f4","2026-08-12T14:27:41Z"
"results/market_data_cache/bybit_BNB_USDT_1d_1460_2026-08-11.json","results/market_data_cache/bybit_BNB_USDT_1d_1460_2026-08-11.json","74198","d4875fef370df473bd2d29bb0618a6afcf49c341ec3fe6631cd0af1438b2c548","2026-08-11T04:45:07Z"
"results/market_data_cache/bybit_BNB_USDT_1d_1460_2026-08-12.json","results/market_data_cache/bybit_BNB_USDT_1d_1460_2026-08-12.json","74194","da9c879db72709baf5ef58e5a3b11d872a27b640d3caba7c3e972a99e3ec2b92","2026-08-12T14:27:36Z"
"results/market_data_cache/bybit_BNB_USDT_4h_8810_2026-08-11.json","results/market_data_cache/bybit_BNB_USDT_4h_8810_2026-08-11.json","440765","93042601e5234019570deebac7e31fbef674c4dd0723ca1139a9aeeeb4db1d16","2026-08-11T04:45:09Z"
"results/market_data_cache/bybit_BNB_USDT_4h_8810_2026-08-12.json","results/market_data_cache/bybit_BNB_USDT_4h_8810_2026-08-12.json","440746","49525282f58d68225c69f9040b617c02c65b51fecf8f125be8978109476068f9","2026-08-12T14:27:38Z"
"results/market_data_cache/bybit_BTC_USDT_1d_1460_2026-08-11.json","results/market_data_cache/bybit_BTC_USDT_1d_1460_2026-08-11.json","86077","5e80610cc51756a4aa4ccd470aa848e0cd44012c3453ebfd5e44efa39a5f4d69","2026-08-11T04:44:58Z"
"results/market_data_cache/bybit_BTC_USDT_1d_1460_2026-08-12.json","results/market_data_cache/bybit_BTC_USDT_1d_1460_2026-08-12.json","86076","1abf079ad5f27bd2bb5a2210d80d52821ea16a71c3c4da57c7de48d2a2ad46d2","2026-08-12T14:27:31Z"
"results/market_data_cache/bybit_BTC_USDT_4h_8810_2026-08-11.json","results/market_data_cache/bybit_BTC_USDT_4h_8810_2026-08-11.json","511940","1468c2c5c91f06062c027fc208fa642dc2d8854250ab3aaf6471c02f05f305c9","2026-08-11T04:45:00Z"
"results/market_data_cache/bybit_BTC_USDT_4h_8810_2026-08-12.json","results/market_data_cache/bybit_BTC_USDT_4h_8810_2026-08-12.json","511931","849d7c973414a8535c38e32adcce825a8cc44617048c5a9ce6f7f69ccd4b697d","2026-08-12T14:27:34Z"
"results/market_data_cache/bybit_DOGE_USDT_1d_1460_2026-08-11.json","results/market_data_cache/bybit_DOGE_USDT_1d_1460_2026-08-11.json","87489","e4772f030c9815de8be034054319dd01c002ed73c75373c9ba771586a8afd08c","2026-08-11T04:45:10Z"
"results/market_data_cache/bybit_DOGE_USDT_1d_1460_2026-08-12.json","results/market_data_cache/bybit_DOGE_USDT_1d_1460_2026-08-12.json","87494","562264d7f4280f0b1029d9c2c0f0632664d538d6257d1ec0a34d09b24ecaec0b","2026-08-12T14:27:37Z"
"results/market_data_cache/bybit_DOGE_USDT_4h_8810_2026-08-11.json","results/market_data_cache/bybit_DOGE_USDT_4h_8810_2026-08-11.json","520109","f1da6c7f493360928a18e33cf805ec6a3b4301992ed78627c0106c4eba8afed1","2026-08-11T04:45:12Z"
"results/market_data_cache/bybit_DOGE_USDT_4h_8810_2026-08-12.json","results/market_data_cache/bybit_DOGE_USDT_4h_8810_2026-08-12.json","520148","7d0720dfeb0164186b483ec5b6118789859e770f24b95f08c44dcee6882e36e2","2026-08-12T14:27:39Z"
"results/market_data_cache/bybit_ETH_USDT_1d_1460_2026-08-11.json","results/market_data_cache/bybit_ETH_USDT_1d_1460_2026-08-11.json","83947","47a2d0312cec9d6682d224fffcb8f886f5f6daadd36cb87ac2e855857e8a1ed7","2026-08-11T04:45:01Z"
"results/market_data_cache/bybit_ETH_USDT_1d_1460_2026-08-12.json","results/market_data_cache/bybit_ETH_USDT_1d_1460_2026-08-12.json","83950","4f4d5a466e068854119b658b4c4bf4acd33af252acb63e6ad37760533d2caf37","2026-08-12T14:27:31Z"
"results/market_data_cache/bybit_ETH_USDT_4h_8810_2026-08-11.json","results/market_data_cache/bybit_ETH_USDT_4h_8810_2026-08-11.json","499431","8246c19d89a368a21406086f409ac21aa69a83840ba7f7a00d67cccd5e8a7ed0","2026-08-11T04:45:02Z"
"results/market_data_cache/bybit_ETH_USDT_4h_8810_2026-08-12.json","results/market_data_cache/bybit_ETH_USDT_4h_8810_2026-08-12.json","499448","bc7ecd85bc8a9252d0a9ecaeb517b14d8f44d01d46b107a51a9aae10229ef3b1","2026-08-12T14:27:33Z"
"results/market_data_cache/bybit_LINK_USDT_1d_1460_2026-08-11.json","results/market_data_cache/bybit_LINK_USDT_1d_1460_2026-08-11.json","75936","f910bab318cd4f3151ca626639a101276118c684eabfaaaa33bf470242ef2344","2026-08-11T04:45:16Z"
"results/market_data_cache/bybit_LINK_USDT_1d_1460_2026-08-12.json","results/market_data_cache/bybit_LINK_USDT_1d_1460_2026-08-12.json","75937","2f964762c39cc73744468c623db2ec1e692de4d01902239114ec98c80e34a230","2026-08-12T14:27:40Z"
"results/market_data_cache/bybit_LINK_USDT_4h_8810_2026-08-11.json","results/market_data_cache/bybit_LINK_USDT_4h_8810_2026-08-11.json","451376","05d7582fdfcefe160c5a7f717aa2f2adc1f3d959cc3742134715aed3efcbd60c","2026-08-11T04:45:17Z"
"results/market_data_cache/bybit_LINK_USDT_4h_8810_2026-08-12.json","results/market_data_cache/bybit_LINK_USDT_4h_8810_2026-08-12.json","451379","29738f4712a5bb36a3beff3550fb0def7128d1b37c9c099fd50496c4d2ea415d","2026-08-12T14:27:42Z"
"results/market_data_cache/bybit_LTC_USDT_1d_1460_2026-08-11.json","results/market_data_cache/bybit_LTC_USDT_1d_1460_2026-08-11.json","72152","7e41444e7df6fea1314be8860d93c5909ab4d0b4024b84f3fdcc4ae9c37e6b86","2026-08-11T04:45:18Z"
"results/market_data_cache/bybit_LTC_USDT_1d_1460_2026-08-12.json","results/market_data_cache/bybit_LTC_USDT_1d_1460_2026-08-12.json","72153","8d75102c0414f8f46c1a9f8ab5bd8c3241f3f301c51ac9e4cbf3400ddcac207a","2026-08-12T14:27:42Z"
"results/market_data_cache/bybit_LTC_USDT_4h_8810_2026-08-11.json","results/market_data_cache/bybit_LTC_USDT_4h_8810_2026-08-11.json","428496","8444033da6df9927beb65efa6a0ec848a83b6da3aa1c5a3aac9a71c461adc1da","2026-08-11T04:45:19Z"
"results/market_data_cache/bybit_LTC_USDT_4h_8810_2026-08-12.json","results/market_data_cache/bybit_LTC_USDT_4h_8810_2026-08-12.json","428494","b73e6387c9c46f760e4e155b4de6b90b598faa2869b96ccd4e8c1b607edea9bc","2026-08-12T14:27:44Z"
"results/market_data_cache/bybit_SOL_USDT_1d_1460_2026-08-11.json","results/market_data_cache/bybit_SOL_USDT_1d_1460_2026-08-11.json","77955","24af2ec1c06150a29f8643bba8cd7b083b822263cc9c9c9ee7e8cc3b196d5ea7","2026-08-11T04:45:05Z"
"results/market_data_cache/bybit_SOL_USDT_1d_1460_2026-08-12.json","results/market_data_cache/bybit_SOL_USDT_1d_1460_2026-08-12.json","77952","b5d76ae0fbf92d4ffd6e3e29f3d2c0b6637bb427e34d8deb56273d5c50d76bd0","2026-08-12T14:27:35Z"
"results/market_data_cache/bybit_SOL_USDT_4h_8810_2026-08-11.json","results/market_data_cache/bybit_SOL_USDT_4h_8810_2026-08-11.json","463548","efbfcc068524ef99b8bacdcc7815d2a0cf9142baae7365f275bada01743ee2ac","2026-08-11T04:45:06Z"
"results/market_data_cache/bybit_SOL_USDT_4h_8810_2026-08-12.json","results/market_data_cache/bybit_SOL_USDT_4h_8810_2026-08-12.json","463532","0fbcf192b4ef0dd31745634f4256999d88e0eae007b3df60960bc84932c7e441","2026-08-12T14:27:37Z"
"results/market_data_cache/bybit_XRP_USDT_1d_1460_2026-08-11.json","results/market_data_cache/bybit_XRP_USDT_1d_1460_2026-08-11.json","81125","790a19868d4d94b1aec1003e1c132b786e4981d159f9776adae94fde848929f5","2026-08-11T04:45:03Z"
"results/market_data_cache/bybit_XRP_USDT_1d_1460_2026-08-12.json","results/market_data_cache/bybit_XRP_USDT_1d_1460_2026-08-12.json","81128","b72ea1a4f732d8c1614196b76a9f25209a4d128a44990611132a203825e48c46","2026-08-12T14:27:33Z"
"results/market_data_cache/bybit_XRP_USDT_4h_8810_2026-08-11.json","results/market_data_cache/bybit_XRP_USDT_4h_8810_2026-08-11.json","482052","879016c0506bdc266ac9c673183bb08c8a4e0805ff96ec2ad361d1ef4f489592","2026-08-11T04:45:04Z"
"results/market_data_cache/bybit_XRP_USDT_4h_8810_2026-08-12.json","results/market_data_cache/bybit_XRP_USDT_4h_8810_2026-08-12.json","482052","2ae18ce2253a2a8440167f5089808c90aa4986890fff4373fc37b7312e923b5f","2026-08-12T14:27:35Z"
"results/multi_asset_2y_vibe.json","results/multi_asset_2y_vibe.json","7574","e3e13378102decc96e04c12b9945397835466faafa4acc55da7e2bc52822ecd3","2026-07-29T15:04:21Z"
"results/open_interest_cache/bybit_v1_BNB_USDT_1660003200000_1786147200000.json","results/open_interest_cache/bybit_v1_BNB_USDT_1660003200000_1786147200000.json","38502","3f1d05bfe9c5657fd944ffa2339664efe7a731a8ef03ff62acaf3364335445f3","2026-08-08T05:57:31Z"
"results/open_interest_cache/bybit_v1_BTC_USDT_1660003200000_1786147200000.json","results/open_interest_cache/bybit_v1_BTC_USDT_1660003200000_1786147200000.json","37991","639ab2465b64e7f81df947a98d55099ad9543eb82608481cdf3a0967277449eb","2026-08-08T05:57:21Z"
"results/open_interest_cache/bybit_v1_ETH_USDT_1660003200000_1786147200000.json","results/open_interest_cache/bybit_v1_ETH_USDT_1660003200000_1786147200000.json","38451","56536b822c590889491c2e9e8b811077a8f080ab1ce86c4ef30702fd1ebd5db5","2026-08-08T05:57:24Z"
"results/open_interest_cache/bybit_v1_SOL_USDT_1660003200000_1786147200000.json","results/open_interest_cache/bybit_v1_SOL_USDT_1660003200000_1786147200000.json","38757","c8dbe79e9d674f694226e4fd687e72ca9456b635db54e1438e98cd3887adf8df","2026-08-08T05:57:29Z"
"results/open_interest_cache/bybit_v1_XRP_USDT_1660003200000_1786147200000.json","results/open_interest_cache/bybit_v1_XRP_USDT_1660003200000_1786147200000.json","40896","9c15012a7d0e406bac31ab33d3d699d7b834537e73d4f54e23cd2c82b17d7789","2026-08-08T05:57:26Z"
"results/order_flow_cache/binance_um_v1_ADA_USDT_1660262400000_1786320000000.json","results/order_flow_cache/binance_um_v1_ADA_USDT_1660262400000_1786320000000.json","54244","b70136cdb2fffacbdff3f2af4f046bf38774ae87ba341fcfb62cc60265c6a3c6","2026-08-11T02:43:31Z"
"results/order_flow_cache/binance_um_v1_AVAX_USDT_1660262400000_1786320000000.json","results/order_flow_cache/binance_um_v1_AVAX_USDT_1660262400000_1786320000000.json","54170","a346175c5c91b39af5d996b78f63bd7757e9fd3fad6f02ee8988c9f45d5ff210","2026-08-11T02:43:32Z"
"results/order_flow_cache/binance_um_v1_BNB_USDT_1660262400000_1786320000000.json","results/order_flow_cache/binance_um_v1_BNB_USDT_1660262400000_1786320000000.json","54069","d2fa9e1c255b0db2472a606422cae20d7bc26adc84e08b3c356093d0e7c1c15d","2026-08-11T02:41:17Z"
"results/order_flow_cache/binance_um_v1_BTC_USDT_1660262400000_1786320000000.json","results/order_flow_cache/binance_um_v1_BTC_USDT_1660262400000_1786320000000.json","54011","44927a71c93bef96e25b9372400d9dfc99a480401cc4e9048b79b180ef253a2f","2026-08-11T02:41:16Z"
"results/order_flow_cache/binance_um_v1_DOGE_USDT_1660262400000_1786320000000.json","results/order_flow_cache/binance_um_v1_DOGE_USDT_1660262400000_1786320000000.json","54165","e66419613ccad186da5757019fad5b612dee2745fc63e5a89bd020d3cecbb56a","2026-08-11T02:43:31Z"
"results/order_flow_cache/binance_um_v1_ETH_USDT_1660262400000_1786320000000.json","results/order_flow_cache/binance_um_v1_ETH_USDT_1660262400000_1786320000000.json","54118","ee014eca9c7ce56b84b4af587119081bca7d8462c27656a8c9d428cf535c25af","2026-08-11T02:41:16Z"
"results/order_flow_cache/binance_um_v1_LINK_USDT_1660262400000_1786320000000.json","results/order_flow_cache/binance_um_v1_LINK_USDT_1660262400000_1786320000000.json","54216","2dde0dd84152c2ef0ce329daeb5b2018aec6b0ae02691eb6b1eea93ce0fcefc7","2026-08-11T02:43:32Z"
"results/order_flow_cache/binance_um_v1_LTC_USDT_1660262400000_1786320000000.json","results/order_flow_cache/binance_um_v1_LTC_USDT_1660262400000_1786320000000.json","54129","df4d055ffb3216d7e1008ab555d33f773ba35aeb707cadbb011161156315e507","2026-08-11T02:43:32Z"
"results/order_flow_cache/binance_um_v1_SOL_USDT_1660262400000_1786320000000.json","results/order_flow_cache/binance_um_v1_SOL_USDT_1660262400000_1786320000000.json","54245","6b2925395f7cac1aadba2fc29e5e05f5b22896c8e6d0baed54919fe55a3637aa","2026-08-11T02:41:17Z"
"results/order_flow_cache/binance_um_v1_XRP_USDT_1660262400000_1786320000000.json","results/order_flow_cache/binance_um_v1_XRP_USDT_1660262400000_1786320000000.json","54254","e86a8ad97f9e3595a78c901887f4313dd483d0dfc7a7dcc7ef2704e4873f6a53","2026-08-11T02:41:16Z"
"results/results_xrp.csv","results/results_xrp.csv","9677","4e9548ecfb0dd7a13b544acfb88bed1adeb379c83e8596f480be6b87b418af89","2026-07-12T09:16:29Z"
"results/risk_limit_cache/bybit_current_v1_ADA_USDT.json","results/risk_limit_cache/bybit_current_v1_ADA_USDT.json","4311","7d7d9491aa14982c5f7a6d4401214d125026a7962d4a0093759ae6fc49719c10","2026-08-11T04:33:29Z"
"results/risk_limit_cache/bybit_current_v1_AVAX_USDT.json","results/risk_limit_cache/bybit_current_v1_AVAX_USDT.json","4303","15b65390d11502f5b6352aa1e61e25986ea965abe7a5ecd0fee5b604758b8d95","2026-08-11T04:33:29Z"
"results/risk_limit_cache/bybit_current_v1_BNB_USDT.json","results/risk_limit_cache/bybit_current_v1_BNB_USDT.json","4303","94bbccdcb4c24f0bf0cad67a31be4210a27ef458609794d0080d3486d93c8e69","2026-08-11T04:33:28Z"
"results/risk_limit_cache/bybit_current_v1_BTC_USDT.json","results/risk_limit_cache/bybit_current_v1_BTC_USDT.json","5079","d3a9d71d9c2fa94e31107294a76d99f1c915f036c7a66458d7f374810a273f4c","2026-08-11T04:33:27Z"
"results/risk_limit_cache/bybit_current_v1_DOGE_USDT.json","results/risk_limit_cache/bybit_current_v1_DOGE_USDT.json","4336","c3c4dedd35de0a27289de2a34ea4c51197c12111c087beef2996a1a229a5e95d","2026-08-11T04:33:28Z"
"results/risk_limit_cache/bybit_current_v1_ETH_USDT.json","results/risk_limit_cache/bybit_current_v1_ETH_USDT.json","5064","3200c0d972afdaa5559cbfb6089a15d175f10e6abd94185b00df2b9b1d6ff829","2026-08-11T04:33:27Z"
"results/risk_limit_cache/bybit_current_v1_LINK_USDT.json","results/risk_limit_cache/bybit_current_v1_LINK_USDT.json","4303","ce5d362f0c74dd9a97f216acfbd307374cad4796d5bb91e06370986d1729a93b","2026-08-11T04:33:29Z"
"results/risk_limit_cache/bybit_current_v1_LTC_USDT.json","results/risk_limit_cache/bybit_current_v1_LTC_USDT.json","4303","cc190e96346be9aa8fe34411745cf54579f9a8da050c1183d07b23bb3b33395d","2026-08-11T04:33:30Z"
"results/risk_limit_cache/bybit_current_v1_SOL_USDT.json","results/risk_limit_cache/bybit_current_v1_SOL_USDT.json","5064","8dc153552f6cf872a03600bbfd85099259394803d69f4a6a4cd4958f19dea1e4","2026-08-11T04:33:28Z"
"results/risk_limit_cache/bybit_current_v1_XRP_USDT.json","results/risk_limit_cache/bybit_current_v1_XRP_USDT.json","5064","3baf69b790c1156fdbfa015e105b8a6a10d3c56a32a10f041ff36243c86fd2e9","2026-08-11T04:33:28Z"
"results/statistical_significance.json","results/statistical_significance.json","282","072d4da3383535490112caa12cbf8237a2f5053eb79fbc5eae972e32044ea960","2026-08-05T06:14:26Z"
"results/tech_control_v1_freeze.json","results/tech_control_v1_freeze.json","3388","7b1ad7a163e1e739b8c084454d05c621caffadba190cf192c0a77adc6a2c0041","2026-08-13T15:32:53Z"
"results/tech_regime_breakout_10_walk_forward.json","results/tech_regime_breakout_10_walk_forward.json","8258","63386c907db19e5ea954004258f0a2526328df3ed50861af68872657e49ad87e","2026-08-06T15:46:43Z"
"results/tech_regime_breakout_walk_forward.json","results/tech_regime_breakout_walk_forward.json","454","8d7657c4692621922050768add54ff1a154aec3b835a4d24ee6728c67f93ee56","2026-08-06T15:37:11Z"
"results/tech_regime_momentum_walk_forward.json","results/tech_regime_momentum_walk_forward.json","512","f69e2ab6662691bc94db3de80d1e3174092d2b6ecae551533466a45e9b40f815","2026-08-06T15:51:54Z"
"results/tech_walk_forward.json","results/tech_walk_forward.json","7046","6b99b6e80ee9e3b8c0e7e23f26aecced6478117146dcb7793a395aae92ad1683","2026-08-05T11:25:48Z"
"results/technical_amihud_asset-veto_2x_base.json","results/technical_amihud_asset-veto_2x_base.json","3236","5898fd9f7e9bfb2adc11b833cd4b24826a391aa14d6a8194c449166bc3d16b47","2026-08-12T14:30:09Z"
"results/technical_amihud_asset-veto_3x_base.json","results/technical_amihud_asset-veto_3x_base.json","3236","a0fcbc112f461cdea2f00da8a81a9901d37e7127cc69b8ad9d7b9541d1ceea49","2026-08-12T14:30:11Z"
"results/technical_amihud_asset-veto_5x_base.json","results/technical_amihud_asset-veto_5x_base.json","3235","128607d1f4012328e89c135ec77821e02b3626aacd195372426b28380cbbc8c0","2026-08-12T14:30:13Z"
"results/technical_amihud_combined-veto_2x_base.json","results/technical_amihud_combined-veto_2x_base.json","3239","56e20b03c74223d60ccc2600e25d6ec59ee3d540ed2af60a11a245b78a278965","2026-08-12T14:30:20Z"
"results/technical_amihud_combined-veto_3x_base.json","results/technical_amihud_combined-veto_3x_base.json","3239","463f37d6e1c49cfe48e4ee9a7c86e2639da0e38ae9df1783035b4270fd51377b","2026-08-12T14:30:21Z"
"results/technical_amihud_combined-veto_5x_base.json","results/technical_amihud_combined-veto_5x_base.json","3238","5025f0d2043a04167f9c029fad5c81151e90d007d77b0e7ba39da537a91a408f","2026-08-12T14:30:23Z"
"results/technical_amihud_control_2026-08-12_base.json","results/technical_amihud_control_2026-08-12_base.json","3232","0130c1e5853fde83b5f54c33d4a0a338b088b743e9f000333507c769a5470d51","2026-08-12T14:30:50Z"
"results/technical_amihud_market-veto_2x_base.json","results/technical_amihud_market-veto_2x_base.json","3239","b7c548c0f43190668284084680e193fc72f28dea3c3a2d5f7398b6d5a343f22e","2026-08-12T14:30:14Z"
"results/technical_amihud_market-veto_3x_base.json","results/technical_amihud_market-veto_3x_base.json","3236","982d6c9caf7df98eb1c75f04c68d05105fc5fdd27748e62d728300115bd4cb62","2026-08-12T14:30:16Z"
"results/technical_amihud_market-veto_5x_base.json","results/technical_amihud_market-veto_5x_base.json","3236","641edf978c7bf83c4e5a040b29acbaabb5f3258d62ddfaf29d47db473a581ad6","2026-08-12T14:30:18Z"
"results/technical_autoquant_evaluation.json","results/technical_autoquant_evaluation.json","7893","35be4fa4591d5d047f69891220d38216a067015f54b53060249a3ff39f21f2d8","2026-08-07T16:01:26Z"
"results/technical_autoquant/top1_rank10_stop0p0_base_decomposed.json","results/technical_autoquant/top1_rank10_stop0p0_base_decomposed.json","1862","05c776667676b29e280981ecd9ad5134137a2a5fa54354a7ff37dd0a2ad03126","2026-08-07T15:42:09Z"
"results/technical_autoquant/top1_rank10_stop2p5_base_decomposed.json","results/technical_autoquant/top1_rank10_stop2p5_base_decomposed.json","1860","6260852d1e56bb2129b56862060cf98353fedc3b10c56e6495454d4a850b55f5","2026-08-07T15:42:31Z"
"results/technical_autoquant/top1_rank20_stop0p0_base_decomposed.json","results/technical_autoquant/top1_rank20_stop0p0_base_decomposed.json","1859","85ae980186ebb1ea63b422c7725be9f76846f9449a0cd948c4e331cc6cde88e5","2026-08-07T15:42:53Z"
"results/technical_autoquant/top1_rank20_stop2p5_base_decomposed.json","results/technical_autoquant/top1_rank20_stop2p5_base_decomposed.json","1857","2ab6d4f0abd4dc7fa7a5728fa84eb8af6db1a264825726fb6136735ce12d81ed","2026-08-07T15:43:16Z"
"results/technical_autoquant/top2_rank10_stop0p0_base_decomposed.json","results/technical_autoquant/top2_rank10_stop0p0_base_decomposed.json","1861","85b656388f3b1748b5103884e830893b04cc5edceb4ad303d8a82262e16c5a17","2026-08-07T15:45:34Z"
"results/technical_autoquant/top2_rank10_stop2p5_base_decomposed.json","results/technical_autoquant/top2_rank10_stop2p5_base_decomposed.json","1862","b3abb89058c5ee794d4ec08f4b88d839e62e4459b3255ee39172978be7b610c0","2026-08-07T15:45:56Z"
"results/technical_autoquant/top2_rank20_stop0p0_base_decomposed.json","results/technical_autoquant/top2_rank20_stop0p0_base_decomposed.json","1860","4c383412c596a919acb957d5f0a45b02f6d87b81dd52adaf880243063ee59381","2026-08-07T15:46:16Z"
"results/technical_autoquant/top2_rank20_stop2p5_base_decomposed.json","results/technical_autoquant/top2_rank20_stop2p5_base_decomposed.json","1858","57819880bff9571a79249e0630f1aae70a1167ffbfb4603b96c921de38636e63","2026-08-07T15:46:48Z"
"results/technical_autoquant/top2_rank20_stop2p5_harsh.json","results/technical_autoquant/top2_rank20_stop2p5_harsh.json","1863","f2172cf2c22a519a4874f0c854a001e6498809e31c83609c3870fd152b1e6ea3","2026-08-07T15:49:17Z"
"results/technical_autoquant/top2_rank20_stop2p5_stress.json","results/technical_autoquant/top2_rank20_stop2p5_stress.json","1863","6f4754e54324f190eeba155ad4dd2d2659e40752c0eef03607ed178f5d8fdb1a","2026-08-07T15:48:52Z"
"results/technical_autoquant/top3_rank10_stop0p0_base_decomposed.json","results/technical_autoquant/top3_rank10_stop0p0_base_decomposed.json","1860","3701a86fcb9c9241d1699ef835aa76ce3f20cc35d0bf763d9846067051d1c3b2","2026-08-07T15:47:05Z"
"results/technical_autoquant/top3_rank10_stop2p5_base_decomposed.json","results/technical_autoquant/top3_rank10_stop2p5_base_decomposed.json","1861","67ee4b34e9f4e7d22f7e3d7f6884f49cae98d1608a1c935351f4ae1c197d17af","2026-08-07T15:47:26Z"
"results/technical_autoquant/top3_rank20_stop0p0_base_decomposed.json","results/technical_autoquant/top3_rank20_stop0p0_base_decomposed.json","1861","6a7b3be7abd91708b4c695045613d57b9d20aeabb1653633b42f6c3fd7b6f21b","2026-08-07T15:47:46Z"
"results/technical_autoquant/top3_rank20_stop2p5_base_decomposed.json","results/technical_autoquant/top3_rank20_stop2p5_base_decomposed.json","1861","0f26652414c638907760b2a8ee68ee1b1ad13424bc12efb3337d5be30bdc5e66","2026-08-07T15:48:25Z"
"results/technical_basis_factor_bybit_long_base.json","results/technical_basis_factor_bybit_long_base.json","1703","9abfe2ed4a9d462378a1ac468b0172cb2e4d31fc6f7e8cffde3ea1b68afae7bf","2026-08-08T06:29:04Z"
"results/technical_basis_factor_bybit_long.json","results/technical_basis_factor_bybit_long.json","1702","24283338d5e444e7f7af4fd038c2c10aa5ec96ca60ea6eb6e6fde32a177d96d3","2026-08-08T06:28:25Z"
"results/technical_basis_factor_consensus_high_low_paper5.json","results/technical_basis_factor_consensus_high_low_paper5.json","1702","e5f8dbdbe3875d873a063a53afb0f7bde2cef6cf7b1a2d7e47882c3ff6cbeceb","2026-08-08T06:29:02Z"
"results/technical_basis_factor_consensus_high_low.json","results/technical_basis_factor_consensus_high_low.json","1711","4effb0fa0862c75ec9ef2e3688851d98379c6224c910e0387f96ee3741061b37","2026-08-08T06:28:27Z"
"results/technical_basis_factor_consensus_long_paper5.json","results/technical_basis_factor_consensus_long_paper5.json","1704","a091631eb12a7d6f644515e3387d0ea79f6d2d931bbc2347ea86866e460c9308","2026-08-08T07:02:13Z"
"results/technical_basis_factor_consensus_long.json","results/technical_basis_factor_consensus_long.json","1701","c7b666ff67af9f50add9eeceb86f907555f44e1fc54c939b97df9d27bbecff23","2026-08-08T06:28:26Z"
"results/technical_bear_4y_top2_rank20.json","results/technical_bear_4y_top2_rank20.json","1324","c755a927b61f4167816cb235afd0f4eae3f4d8873d1c0dbf53d6f19200dcee20","2026-08-07T13:28:48Z"
"results/technical_bybit_lifecycle_1x_base.json","results/technical_bybit_lifecycle_1x_base.json","1258","f2b820c56a7f93f8175775e32fd8d80c5396ec589b6b230f31e3c914ee27085f","2026-08-12T14:47:03Z"
"results/technical_bybit_lifecycle_1x_candidate_hardened_harsh.json","results/technical_bybit_lifecycle_1x_candidate_hardened_harsh.json","40466","7fa10c35127d97a93f7bff8182f154a189c346902cc3f1f89fda873173ac1e9a","2026-08-13T15:17:38Z"
"results/technical_bybit_lifecycle_1x_candidate_hardened_harsh.manifest.json","results/technical_bybit_lifecycle_1x_candidate_hardened_harsh.manifest.json","44896","185712cec2e470020ff6ec79cd05d109f681ab07db6dabf629cb9699f570ff21","2026-08-13T15:17:39Z"
"results/technical_bybit_lifecycle_1x_candidate_hardened_stress.json","results/technical_bybit_lifecycle_1x_candidate_hardened_stress.json","40469","7f1c552af74d8e8b6f23cefee6063f3710d3f375096af0a4b77ca6df26c11020","2026-08-13T15:17:34Z"
"results/technical_bybit_lifecycle_1x_candidate_hardened_stress.manifest.json","results/technical_bybit_lifecycle_1x_candidate_hardened_stress.manifest.json","44896","9a1bcf941e3e166e7127b7c950409138c91903c6c1901f057f732ada723a662c","2026-08-13T15:17:35Z"
"results/technical_bybit_lifecycle_1x_candidate_hardened.json","results/technical_bybit_lifecycle_1x_candidate_hardened.json","40474","7e8e8653c207e759e6cd3093e78705486fd732ba588362620ffe0ff372c60cf7","2026-08-13T15:17:30Z"
"results/technical_bybit_lifecycle_1x_candidate_hardened.manifest.json","results/technical_bybit_lifecycle_1x_candidate_hardened.manifest.json","44889","a43a4223cbd8307eead1e5b8e277113618b666ff6149e8f1e6a481c428b4a007","2026-08-13T15:17:31Z"
"results/technical_bybit_lifecycle_1x_winner_harsh.json","results/technical_bybit_lifecycle_1x_winner_harsh.json","1291","9165da59e3513ef24bf1677a5a13d8ac84d6ec364bb1b63999267018bc762ffb","2026-08-12T15:00:44Z"
"results/technical_bybit_lifecycle_1x_winner_stress.json","results/technical_bybit_lifecycle_1x_winner_stress.json","1287","c7e803baca34824d3b352e94d61f035cb746ffc9bf36c084fa822086a57a798c","2026-08-12T15:00:42Z"
"results/technical_bybit_lifecycle_1x_winner.json","results/technical_bybit_lifecycle_1x_winner.json","1288","e39428720b267e15340667e4be5420753e0aafa1c067f16e086524b99c7a34d5","2026-08-12T14:56:57Z"
"results/technical_channel_walkforward_4y.json","results/technical_channel_walkforward_4y.json","10026","9063c349eda84db8c2039204867d9729a9731a9e9c0c80446f6ebe6dc603a891","2026-08-07T09:30:30Z"
"results/technical_cross_asset_4y_liquid10_top2_rank20.json","results/technical_cross_asset_4y_liquid10_top2_rank20.json","1652","18ffb8a737a0d68b045e83dce5ec99fed83401dd744ff531783c02fccc3cde17","2026-08-07T09:52:55Z"
"results/technical_cross_asset_4y_top1.json","results/technical_cross_asset_4y_top1.json","1552","649740499b7e78ab28fa918fa260064f2a22ee391007b07bfa29a7411a989f44","2026-08-07T09:34:33Z"
"results/technical_cross_asset_4y_top2_30bps.json","results/technical_cross_asset_4y_top2_30bps.json","1555","3ad3fcc7234277caf9b5c17398294a0c2c13bf6f11be23ab499c09c41b0c3a52","2026-08-07T09:35:05Z"
"results/technical_cross_asset_4y_top2_rank7.json","results/technical_cross_asset_4y_top2_rank7.json","1551","f2689f86f6b62739452cc1e5d9fc7c5bdc4a90bd8924f60dae3ea9787c5822a8","2026-08-07T13:23:56Z"
"results/technical_cross_asset_4y_top2.json","results/technical_cross_asset_4y_top2.json","1549","f571dcfb1d0464b20d62034e63f0b2972eb65cb6ebdb8b81a3ee5b7c2d76ff54","2026-08-07T09:34:13Z"
"results/technical_cross_asset_4y_top3.json","results/technical_cross_asset_4y_top3.json","1550","b9b5cd8cae3568937de0486598730f29c90efa9354c7db48803229a0f09c1304","2026-08-07T09:34:48Z"
"results/technical_cross_asset_execution_4y_actual_funding.json","results/technical_cross_asset_execution_4y_actual_funding.json","1860","e754071a81bb051f3d21a9f97828a67844036b2c6abe7f59f15a363c7a298b63","2026-08-07T15:51:21Z"
"results/technical_cross_asset_execution_4y_fixed_stop_folds.json","results/technical_cross_asset_execution_4y_fixed_stop_folds.json","1613","d9f0443ce61a15f06153f1f9bf8e7c4328e959f80b67e6c5d15325da00ba5dab","2026-08-07T09:45:07Z"
"results/technical_cross_asset_execution_4y_fixed_stop.json","results/technical_cross_asset_execution_4y_fixed_stop.json","663","bd189b8fd892a8dcc2d2b16165f5e2a84b56cfc84123bc629f9e6f54e09cb35e","2026-08-07T09:41:30Z"
"results/technical_cross_asset_execution_4y_liquid10_actual_funding.json","results/technical_cross_asset_execution_4y_liquid10_actual_funding.json","1864","0eadebe44ae4692fe48f91202a74dd7415f29bcf5688b8cd5219eb2cadb6ad4b","2026-08-07T09:54:06Z"
"results/technical_cross_asset_execution_4y_no_atr_exit.json","results/technical_cross_asset_execution_4y_no_atr_exit.json","664","d2a884cbb25c794a4b1555fec37ed1672e28c9d1f98c5165914cc9435d339803","2026-08-07T09:41:03Z"
"results/technical_cross_asset_execution_4y_pyramid3_actual_funding.json","results/technical_cross_asset_execution_4y_pyramid3_actual_funding.json","1771","959cf1c0c670043b9aac2971d0d7c9a2aabf0b6dff0cdab632e93d79cc4c95be","2026-08-07T09:49:36Z"
"results/technical_cross_asset_execution_4y.json","results/technical_cross_asset_execution_4y.json","663","22fe666fa3aa413e15f15873155e6caaf680b38c2d30c4611ea85aad0de7ab2d","2026-08-07T09:38:22Z"
"results/technical_cross_asset_execution_730d.json","results/technical_cross_asset_execution_730d.json","663","79a0167ce3c6e255f5b525939aae33e247f7e2b785c1228269d1b38b7e86821d","2026-08-07T09:37:59Z"
"results/technical_cross_asset_inversevol10_4y.json","results/technical_cross_asset_inversevol10_4y.json","1614","1c2417a57d3044ec70c460e3b19676a61e07d34d8a1444ef5862b1545a330cc4","2026-08-07T14:54:05Z"
"results/technical_cross_asset_inversevol20_4y.json","results/technical_cross_asset_inversevol20_4y.json","1613","5bf3cb4401b5ababe7ea2eb9adc0c1106849358eaef06a3e26bafb3c924b4db6","2026-08-07T14:54:11Z"
"results/technical_cross_asset_inversevol40_4y.json","results/technical_cross_asset_inversevol40_4y.json","1613","9ed56a1c78716ec410aecffba6ecaf5bd37adf5de18a7c7fe2215e6b71e127a6","2026-08-07T14:54:18Z"
"results/technical_ensemble_evaluation.json","results/technical_ensemble_evaluation.json","26192","4ce727d4f092b8e4d005697ffdf0264697ea101b3b2679ae42a980ed4ab77fa8","2026-08-07T15:58:28Z"
"results/technical_ensemble/defensive_base_decomposed.json","results/technical_ensemble/defensive_base_decomposed.json","131479","5c47cc83bff9c61c3ba21b5571e052c71f8f3b11dadc8b2b16e609922b780ff6","2026-08-07T15:57:14Z"
"results/technical_ensemble/defensive_harsh.json","results/technical_ensemble/defensive_harsh.json","131363","06d9c2c8373ba22fc765a69e272ad9182aaf008011f318ecb763e846ff6f67e4","2026-08-07T15:58:12Z"
"results/technical_ensemble/defensive_stress.json","results/technical_ensemble/defensive_stress.json","131496","ca4016107717c64dfd8f83a6fbd16fdc342ba409a1851fa8c6219cee3fe22a68","2026-08-07T15:57:43Z"
"results/technical_ensemble/growth_base_decomposed.json","results/technical_ensemble/growth_base_decomposed.json","132201","7f6b012314871564b98797e1d407fe7d455abfadc02bbf8b49144dbeae1c5267","2026-08-07T15:57:30Z"
"results/technical_ensemble/growth_harsh.json","results/technical_ensemble/growth_harsh.json","132207","44d198fc739e98b050bab05cd94a568ed7eb48c8c7c0771696a4fd41dabc1b67","2026-08-07T15:58:27Z"
"results/technical_ensemble/growth_stress.json","results/technical_ensemble/growth_stress.json","132064","88c28a8e6086cfc43a5e64113c631fc08ab7df21680c9c52fb38edbee348fa06","2026-08-07T15:57:58Z"
"results/technical_growth_730d_actual_funding.json","results/technical_growth_730d_actual_funding.json","1450","ebabc83a18661eec4b68b387b5013139058509699db7b440c49a923bac5a8083","2026-08-07T16:06:47Z"
"results/technical_growth_basis_bybit_base.json","results/technical_growth_basis_bybit_base.json","1985","7980bf21e2e8249ff8f29c51634795552f526c5236450623fac9d3b693f300c2","2026-08-08T06:26:24Z"
"results/technical_growth_basis_consensus_base.json","results/technical_growth_basis_consensus_base.json","1988","7eed57885ff3d5b4a9fa55adb0f1f52530223819bd9bcfae8c87bbec3826cbf9","2026-08-08T06:25:18Z"
"results/technical_growth_basis_consensus_funding_base.json","results/technical_growth_basis_consensus_funding_base.json","2002","eb377020e233fe51cf054d16a43df9db26065b4ea782b4c3e8a5a40818e11eb1","2026-08-08T06:26:18Z"
"results/technical_growth_basis_okx_base.json","results/technical_growth_basis_okx_base.json","1977","10bac0f03fb79acbad7bf98e8396fc623fdd8febce278d548bded41f8e732f85","2026-08-08T06:26:22Z"
"results/technical_growth_derivatives_combined_base.json","results/technical_growth_derivatives_combined_base.json","1962","bfc07c88866d0a5fb8f88bcc7b10ea46e0844f948a09655ee4994ddd6ce38f9b","2026-08-08T05:58:19Z"
"results/technical_growth_derivatives_control_base.json","results/technical_growth_derivatives_control_base.json","1946","f5ca32e632bc12f43035509dab93e03d04f6475c46369d1907061078457f1741","2026-08-08T06:05:18Z"
"results/technical_growth_derivatives_funding_base.json","results/technical_growth_derivatives_funding_base.json","1955","4bd3b323b9ecc750ecb711bb0e4d2f96516360d77092356f70e2a769531c4ba5","2026-08-08T05:58:18Z"
"results/technical_growth_derivatives_funding_harsh.json","results/technical_growth_derivatives_funding_harsh.json","1963","4e679503f9116880d379ba899250ea0172231159b6205abf05c6accbcffed98b","2026-08-08T06:01:18Z"
"results/technical_growth_derivatives_funding_stress.json","results/technical_growth_derivatives_funding_stress.json","1960","5e302fbc9692e05ddc1bf01fd6dce2cb2e2ed48da1c79f27cf5079e3375051c7","2026-08-08T06:01:15Z"
"results/technical_growth_derivatives_oi_base.json","results/technical_growth_derivatives_oi_base.json","1953","796ce272de9ccbd358dd4a029f326366a774a3243df969379e24ab881f18cebe","2026-08-08T05:57:31Z"
"results/technical_growth_flow_control_base.json","results/technical_growth_flow_control_base.json","1998","c98d9973264953d78056d35e93c4a490f22eb7e77e75674cbc5e9294e453791f","2026-08-11T02:42:19Z"
"results/technical_growth_flow_divergence_base.json","results/technical_growth_flow_divergence_base.json","2006","b978ab26ff5144b3827f55f4cbcd8c7453a252ab1347b46ca2f5614650f3c461","2026-08-11T02:42:20Z"
"results/technical_growth_flow_positive_base.json","results/technical_growth_flow_positive_base.json","2012","83909d4468159f49b61295697495189df1b790bc04bfce0d4ce7192f82b9a9bf","2026-08-11T02:41:17Z"
"results/technical_growth_flow_rank_base.json","results/technical_growth_flow_rank_base.json","2013","a4bbc0df515d578a429831a0380e322832bd852360a17986139545e98f97aa90","2026-08-11T02:42:19Z"
"results/technical_growth_pit_liquidity5_1_5x_tiered_base.json","results/technical_growth_pit_liquidity5_1_5x_tiered_base.json","2880","0216aeb15e5b362c036d249fbb63ef994126305e1150ab73776a7b7cb86f74de","2026-08-11T04:33:30Z"
"results/technical_growth_pit_liquidity5_1_5x_tiered_harsh.json","results/technical_growth_pit_liquidity5_1_5x_tiered_harsh.json","2882","bf421f95bb7902aa46bcb23c03304672235d91381ef743b740564ec30d0d73f4","2026-08-11T04:34:22Z"
"results/technical_growth_pit_liquidity5_1_5x_tiered_stress.json","results/technical_growth_pit_liquidity5_1_5x_tiered_stress.json","2882","1c1166e25a18b7e676b51f5f82561bf5b163e6991273f2ca4d7b2c12d310f4dc","2026-08-11T04:34:23Z"
"results/technical_growth_pit_liquidity5_1x_base.json","results/technical_growth_pit_liquidity5_1x_base.json","2822","d92fef98851e252484cdec3c131f86857a2b0433f8ba7047b079446f66c6e93e","2026-08-11T04:32:28Z"
"results/technical_growth_universe10_control_base.json","results/technical_growth_universe10_control_base.json","2095","6cbaf299ab8adb65e664e6f3e84dea37375cc48f92615989ae9bca0f5a5d92de","2026-08-11T02:44:51Z"
"results/technical_growth_universe10_flow_positive_base.json","results/technical_growth_universe10_flow_positive_base.json","2111","cc3cad6cfa64f68dc2a4007d2a8340a308945b01fbec9bb5dccfc27bb56d75fd","2026-08-11T02:43:32Z"
"results/technical_growth_universe10_flow_rank_base.json","results/technical_growth_universe10_flow_rank_base.json","2110","5ae5c144e7760fd134768f810f6a51db7fe307e5792c54238cb264a79bdace49","2026-08-11T02:44:49Z"
"results/technical_growth_universe10_funding_base.json","results/technical_growth_universe10_funding_base.json","2105","55188cac81d21c70a3ce0618bbf42cd4e2b2293d360225a5ac2ebea48d45d221","2026-08-11T02:44:52Z"
"results/technical_growth_universe10_harsh.json","results/technical_growth_universe10_harsh.json","2098","60236e22479e96c069b22f8c101383e069c1b7018f0ea43497c9fae4e8395895","2026-08-11T02:46:56Z"
"results/technical_growth_universe10_leverage_1_5x_730d.json","results/technical_growth_universe10_leverage_1_5x_730d.json","1788","956404e83d23d97bad6fca6354869fb9ddf00049c1804a25d09cf706925bdfba","2026-08-11T04:09:30Z"
"results/technical_growth_universe10_leverage_1_5x_base.json","results/technical_growth_universe10_leverage_1_5x_base.json","2225","f6100d7417135821069e8f5a063edc19256d12ae1ddfcbe78e994853087ffe08","2026-08-11T02:52:12Z"
"results/technical_growth_universe10_leverage_1_5x_harsh.json","results/technical_growth_universe10_leverage_1_5x_harsh.json","2234","aa09ec46c690cee16a4df63be0836a339ab698557f6d66c8cd7ffea899105c1a","2026-08-11T04:08:30Z"
"results/technical_growth_universe10_leverage_1_5x_stress.json","results/technical_growth_universe10_leverage_1_5x_stress.json","2229","eb2451e591dac525d9058017fb9faf382ebdde79dbe360d050a5a428ae1bdee3","2026-08-11T04:08:32Z"
"results/technical_growth_universe10_leverage_2x_730d.json","results/technical_growth_universe10_leverage_2x_730d.json","1792","8cce5da73a6422d2850b2232f83b4af309e8a47ae599c9351c817e05ff86118d","2026-08-11T04:09:29Z"
"results/technical_growth_universe10_leverage_2x_base.json","results/technical_growth_universe10_leverage_2x_base.json","2230","9a7bec7d1be666b26c69a4a0bebb8b55861b13faf394ff6626d7eabe3824218c","2026-08-11T02:52:13Z"
"results/technical_growth_universe10_leverage_2x_harsh.json","results/technical_growth_universe10_leverage_2x_harsh.json","2235","2c680ea291df36d85d1f027a1be23eba396feebbd37459d03e5fdb4960905f79","2026-08-11T04:08:30Z"
"results/technical_growth_universe10_leverage_2x_stress.json","results/technical_growth_universe10_leverage_2x_stress.json","2231","92a2c8e19cec61fbad3e3ea3d86aec2a762a65051c54714a8c94bdbde3575c9a","2026-08-11T04:08:32Z"
"results/technical_growth_universe10_pyramid3.json","results/technical_growth_universe10_pyramid3.json","2102","f907e7379dd0b77a294f17fcffe6a130946c6c7bb5508e816610b11c3e9a93c6","2026-08-11T02:46:56Z"
"results/technical_growth_universe10_stress.json","results/technical_growth_universe10_stress.json","2099","8fee299cd1fa5176c43928335e545e21f630a652119afe9f6ad17d8b3ca456b3","2026-08-11T02:47:00Z"
"results/technical_growth_volume_veto_base.json","results/technical_growth_volume_veto_base.json","1886","5f3d7764692278c87a3fce0c708191667fcc702a0172117b3b27baf0f264d5e6","2026-08-07T16:04:40Z"
"results/technical_growth_volume_veto_harsh.json","results/technical_growth_volume_veto_harsh.json","1891","26055d08b1c5a647e3acb2deeabc13939947bff14c7755f67f167c59189702c2","2026-08-07T16:05:10Z"
"results/technical_growth_volume_veto_stress.json","results/technical_growth_volume_veto_stress.json","1889","d7d212ddef768504370fa5c848beb26a986012e65c914cb4e94b6e0d2424c911","2026-08-07T16:04:55Z"
"results/technical_lifecycle_concentration_regime_v2.json","results/technical_lifecycle_concentration_regime_v2.json","7839","4f74305118e9d629e4050349f6edb3a9c08b2ef6b88bb126545299995d3f3b4f","2026-08-13T15:02:01Z"
"results/technical_lifecycle_robustness_report_v2.json","results/technical_lifecycle_robustness_report_v2.json","4229","0212f6bc4d30ac251f30da7ed8f2a629bf988be22b8a6cb3f75b6f0b2373f100","2026-08-13T15:17:39Z"
"results/technical_lifecycle_robustness_v2.json","results/technical_lifecycle_robustness_v2.json","27077","01e4bcec8e1ee480875b20639e088d1334855d8d6e1a4b3e50e20f2ffce5e340","2026-08-13T15:17:39Z"
"results/technical_momentum_factor_4y_30bps.json","results/technical_momentum_factor_4y_30bps.json","1777","93cb24918ad26ace535b7405a3833f5024621c570819fe826ba051ca110d398e","2026-08-07T15:05:25Z"
"results/technical_momentum_factor_4y.json","results/technical_momentum_factor_4y.json","1770","6b2b364bc323ad2f6b221057c2f5ccdd812241ecb850138301bf7d6741d93ef9","2026-08-07T15:05:16Z"
"results/technical_pit_optimizer_summary.json","results/technical_pit_optimizer_summary.json","23841","65e06ec7967536ae17167c49b90142823681ea1f3bc56017b008ed91ace03e4b","2026-08-11T10:31:59Z"
"results/technical_pit_optimizer/channel10_w0p08_momentum_r20_top2_liq5x30_stop2p5_base.json","results/technical_pit_optimizer/channel10_w0p08_momentum_r20_top2_liq5x30_stop2p5_base.json","3108","7c12ca0c114f7927083432d658d19f10036584e7b2b9571222d64927c8e8feee","2026-08-11T10:14:51Z"
"results/technical_pit_optimizer/channel10_w0p08_oscillator-ensemble_r20_top2_liq5x30_stop2p5_base.json","results/technical_pit_optimizer/channel10_w0p08_oscillator-ensemble_r20_top2_liq5x30_stop2p5_base.json","3130","24f95d7f43fc18c0d4377386d1fab446f724f22688e786a97e9c48e56d45a933","2026-08-11T10:14:53Z"
"results/technical_pit_optimizer/channel10_w0p1_momentum_r10_top2_liq5x30_stop2p5_base.json","results/technical_pit_optimizer/channel10_w0p1_momentum_r10_top2_liq5x30_stop2p5_base.json","2975","dac31dfa6cdd79eebff26ed8fd831567bcd4828703ce94e31f066d620a0a4a61","2026-08-11T09:44:50Z"
"results/technical_pit_optimizer/channel10_w0p1_momentum_r20_top1_liq5x30_stop2p5_base.json","results/technical_pit_optimizer/channel10_w0p1_momentum_r20_top1_liq5x30_stop2p5_base.json","3117","b0c096fca6d75c1505b7c037a66150c79a059013e39164aa007d7c6f9ea8221a","2026-08-11T10:31:55Z"
"results/technical_pit_optimizer/channel10_w0p1_momentum_r20_top1_liq5x30_stop2p5_harsh.json","results/technical_pit_optimizer/channel10_w0p1_momentum_r20_top1_liq5x30_stop2p5_harsh.json","3125","561ab759c5aabd4ee108d10d058f56b868b66d53cae1b2e66e79a8c69113b503","2026-08-11T10:31:59Z"
"results/technical_pit_optimizer/channel10_w0p1_momentum_r20_top1_liq5x30_stop2p5_stress.json","results/technical_pit_optimizer/channel10_w0p1_momentum_r20_top1_liq5x30_stop2p5_stress.json","3117","219cd4df7abf029059f7f57d1a2e7a0819bfb27ed05af3d4e71667c66cfd8733","2026-08-11T10:31:57Z"
"results/technical_pit_optimizer/channel10_w0p1_momentum_r20_top2_liq4x30_stop2p5_base.json","results/technical_pit_optimizer/channel10_w0p1_momentum_r20_top2_liq4x30_stop2p5_base.json","2970","f8430618cee289396d4889b0935af4f2fe038f192050d8923bfd0408d2fa9f15","2026-08-11T09:44:39Z"
"results/technical_pit_optimizer/channel10_w0p1_momentum_r20_top2_liq5x30_stop0p0_base.json","results/technical_pit_optimizer/channel10_w0p1_momentum_r20_top2_liq5x30_stop0p0_base.json","2975","e7d53b38d3a5237a2567e777f22ce669826a0be0868b88949139e061bce09f33","2026-08-11T09:44:46Z"
"results/technical_pit_optimizer/channel10_w0p1_momentum_r20_top2_liq5x30_stop1p5_base.json","results/technical_pit_optimizer/channel10_w0p1_momentum_r20_top2_liq5x30_stop1p5_base.json","2975","17dc232328be2bd802f97ea5d0767b5b05a4a2dac8d04f46ed973d67ae5e7728","2026-08-11T09:44:47Z"
"results/technical_pit_optimizer/channel10_w0p1_momentum_r20_top2_liq5x30_stop2p5_base.json","results/technical_pit_optimizer/channel10_w0p1_momentum_r20_top2_liq5x30_stop2p5_base.json","3120","1f9cf143f9f8187b96e14cf15cdca8818d0efd8e6e54dc08e717d1dd0e70ca96","2026-08-11T10:14:55Z"
"results/technical_pit_optimizer/channel10_w0p1_momentum_r20_top2_liq5x30_stop3p5_base.json","results/technical_pit_optimizer/channel10_w0p1_momentum_r20_top2_liq5x30_stop3p5_base.json","2975","28dd95296eb845a1fce5587b12ad75360328928d624afdbf72b587769785f102","2026-08-11T09:44:49Z"
"results/technical_pit_optimizer/channel10_w0p1_momentum_r20_top2_liq5x7_stop2p5_base.json","results/technical_pit_optimizer/channel10_w0p1_momentum_r20_top2_liq5x7_stop2p5_base.json","2973","5ea0949584ed6a888b4189263ec308175e3bee56a6e55d408cd1eb25c8b9d6d2","2026-08-11T09:44:42Z"
"results/technical_pit_optimizer/channel10_w0p1_momentum_r20_top2_liq5x90_stop2p5_base.json","results/technical_pit_optimizer/channel10_w0p1_momentum_r20_top2_liq5x90_stop2p5_base.json","2974","6c7039a1b4d9fbf9bc1828f97e1df947fc9797380a6033ea42d7c61c143dea07","2026-08-11T09:44:44Z"
"results/technical_pit_optimizer/channel10_w0p1_momentum_r20_top2_liq7x30_stop2p5_base.json","results/technical_pit_optimizer/channel10_w0p1_momentum_r20_top2_liq7x30_stop2p5_base.json","2977","dee877ba535bead809cd2b783a70668fb2e877a0792365bcd8297ae82b7909f1","2026-08-11T09:44:41Z"
"results/technical_pit_optimizer/channel10_w0p1_momentum_r20_top3_liq5x30_stop2p5_base.json","results/technical_pit_optimizer/channel10_w0p1_momentum_r20_top3_liq5x30_stop2p5_base.json","2976","1c4da4b71571d79c40f473dbefd8e364d3b3ee4e113b503560a0bde6b5597a1e","2026-08-11T09:44:37Z"
"results/technical_pit_optimizer/channel10_w0p1_momentum_r40_top2_liq5x30_stop2p5_base.json","results/technical_pit_optimizer/channel10_w0p1_momentum_r40_top2_liq5x30_stop2p5_base.json","2976","fbac1b5a45606fd1824aab56dd2c82f59a3841651f9393596a5c13d4718c8bf0","2026-08-11T09:44:52Z"
"results/technical_pit_optimizer/channel10_w0p1_momentum_r60_top2_liq5x30_stop2p5_base.json","results/technical_pit_optimizer/channel10_w0p1_momentum_r60_top2_liq5x30_stop2p5_base.json","2972","0311b262abc98c0ec5649e506055b5fd8f02c667380c1e0969726446065d39ce","2026-08-11T09:44:54Z"
"results/technical_pit_optimizer/channel10_w0p1_oscillator-ensemble_r20_top1_liq5x30_stop2p5_base.json","results/technical_pit_optimizer/channel10_w0p1_oscillator-ensemble_r20_top1_liq5x30_stop2p5_base.json","3145","f20a7de65dcf8a1f81ab853abd6b4969847f82195f9130c9475c062c7138c668","2026-08-11T10:15:15Z"
"results/technical_pit_optimizer/channel10_w0p1_oscillator-ensemble_r20_top1_liq5x30_stop2p5_harsh.json","results/technical_pit_optimizer/channel10_w0p1_oscillator-ensemble_r20_top1_liq5x30_stop2p5_harsh.json","3148","6930a99987e07e3a41d8534215c38b6364a5f40c2fe2d817643871f2b49d9442","2026-08-11T10:15:31Z"
"results/technical_pit_optimizer/channel10_w0p1_oscillator-ensemble_r20_top1_liq5x30_stop2p5_stress.json","results/technical_pit_optimizer/channel10_w0p1_oscillator-ensemble_r20_top1_liq5x30_stop2p5_stress.json","3146","1cade0e070d95ea382d0112cda871a9bf4d0282a7df24cfdc2075f2673ea3f4f","2026-08-11T10:15:29Z"
"results/technical_pit_optimizer/channel10_w0p1_oscillator-ensemble_r20_top2_liq4x30_stop2p5_base.json","results/technical_pit_optimizer/channel10_w0p1_oscillator-ensemble_r20_top2_liq4x30_stop2p5_base.json","3139","48a919d6dc743384ec1d8f77b20f5b79119b8408b3d6ac9035590e4551316bcc","2026-08-11T10:15:18Z"
"results/technical_pit_optimizer/channel10_w0p1_oscillator-ensemble_r20_top2_liq5x30_stop0p0_base.json","results/technical_pit_optimizer/channel10_w0p1_oscillator-ensemble_r20_top2_liq5x30_stop0p0_base.json","3141","e9d5989ce317c59ace958dc5f44602bfe2e54ecbf727cee364b32be4f4bed7b1","2026-08-11T10:15:24Z"
"results/technical_pit_optimizer/channel10_w0p1_oscillator-ensemble_r20_top2_liq5x30_stop1p5_base.json","results/technical_pit_optimizer/channel10_w0p1_oscillator-ensemble_r20_top2_liq5x30_stop1p5_base.json","3142","9880fc79b87d6ed3960dd5dc571160366181856994cc27b486d85389d4824d7a","2026-08-11T10:15:26Z"
"results/technical_pit_optimizer/channel10_w0p1_oscillator-ensemble_r20_top2_liq5x30_stop2p5_base.json","results/technical_pit_optimizer/channel10_w0p1_oscillator-ensemble_r20_top2_liq5x30_stop2p5_base.json","3141","336276081faf6d3130a4a17ec2fbc74af42069da7d910eb1c15ecaa02a24176a","2026-08-11T10:14:56Z"
"results/technical_pit_optimizer/channel10_w0p1_oscillator-ensemble_r20_top2_liq5x30_stop3p5_base.json","results/technical_pit_optimizer/channel10_w0p1_oscillator-ensemble_r20_top2_liq5x30_stop3p5_base.json","3141","8bfe79a1e1a7515243220098d144617d63da2cde876b592feda7d2602d622e7c","2026-08-11T10:15:28Z"
"results/technical_pit_optimizer/channel10_w0p1_oscillator-ensemble_r20_top2_liq5x7_stop2p5_base.json","results/technical_pit_optimizer/channel10_w0p1_oscillator-ensemble_r20_top2_liq5x7_stop2p5_base.json","3140","aea2f73e9db1c1182a9b953d009c32a19131e15ffc07231302aae2ce00d79c48","2026-08-11T10:15:21Z"
"results/technical_pit_optimizer/channel10_w0p1_oscillator-ensemble_r20_top2_liq5x90_stop2p5_base.json","results/technical_pit_optimizer/channel10_w0p1_oscillator-ensemble_r20_top2_liq5x90_stop2p5_base.json","3142","0f35e15c45cc14ac3b8cba490dc53727f1fe7a31774c724f3509bd9dc130b488","2026-08-11T10:15:23Z"
"results/technical_pit_optimizer/channel10_w0p1_oscillator-ensemble_r20_top2_liq7x30_stop2p5_base.json","results/technical_pit_optimizer/channel10_w0p1_oscillator-ensemble_r20_top2_liq7x30_stop2p5_base.json","3145","1e799cd824787824ae3b3abb5a104c3c09dc74c4ea91aecb01aef0e98e31f6ac","2026-08-11T10:15:19Z"
"results/technical_pit_optimizer/channel10_w0p1_oscillator-ensemble_r20_top3_liq5x30_stop2p5_base.json","results/technical_pit_optimizer/channel10_w0p1_oscillator-ensemble_r20_top3_liq5x30_stop2p5_base.json","3142","633a5f82184db8e322d11694fa1d3b25353ddeefdf10090b94209e45b6b5d65f","2026-08-11T10:15:16Z"
"results/technical_pit_optimizer/channel10_w0p15_momentum_r20_top2_liq5x30_stop2p5_base.json","results/technical_pit_optimizer/channel10_w0p15_momentum_r20_top2_liq5x30_stop2p5_base.json","3124","80de2e7e491983e39cefc61f0d5becfb74169b4597e7fe1daef338811d549b75","2026-08-11T10:14:58Z"
"results/technical_pit_optimizer/channel10_w0p15_oscillator-ensemble_r20_top2_liq5x30_stop2p5_base.json","results/technical_pit_optimizer/channel10_w0p15_oscillator-ensemble_r20_top2_liq5x30_stop2p5_base.json","3145","70ef557d66a31e0438fd572384b5ce5a25a206cf38b9919bc0fb7330d2a3557c","2026-08-11T10:15:00Z"
"results/technical_pit_optimizer/channel20_w0p15_momentum_r20_top2_liq5x30_stop2p5_base.json","results/technical_pit_optimizer/channel20_w0p15_momentum_r20_top2_liq5x30_stop2p5_base.json","3111","471e79b6221625da9f1507163904b9e05953efb450af316d2b9730f834944bb8","2026-08-11T10:15:01Z"
"results/technical_pit_optimizer/channel20_w0p15_oscillator-ensemble_r20_top2_liq5x30_stop2p5_base.json","results/technical_pit_optimizer/channel20_w0p15_oscillator-ensemble_r20_top2_liq5x30_stop2p5_base.json","3134","c0e1787ca6c045016a35603fb3410359ba6202cb1b67dfe9770b7a35fd8697fd","2026-08-11T10:15:03Z"
"results/technical_pit_optimizer/sr10_w0p1_momentum_r20_top2_liq5x30_stop2p5_base.json","results/technical_pit_optimizer/sr10_w0p1_momentum_r20_top2_liq5x30_stop2p5_base.json","3128","4184202f209210a1e5ff560c208cd74a0e09cb16357d891e2577ca8fef2bca5e","2026-08-11T10:15:05Z"
"results/technical_pit_optimizer/sr10_w0p1_oscillator-ensemble_r20_top2_liq5x30_stop2p5_base.json","results/technical_pit_optimizer/sr10_w0p1_oscillator-ensemble_r20_top2_liq5x30_stop2p5_base.json","3149","ecf6de7a0031ceb860b8f6c295c100ab393fc96d5f669c4035be8423de7e788e","2026-08-11T10:15:06Z"
"results/technical_pit_optimizer/sr20_w0p1_momentum_r20_top2_liq5x30_stop2p5_base.json","results/technical_pit_optimizer/sr20_w0p1_momentum_r20_top2_liq5x30_stop2p5_base.json","3126","02bb3da76bf994d7221bc77ffb06a4f33042b264b1b004058c041375ec3b7703","2026-08-11T10:15:08Z"
"results/technical_pit_optimizer/sr20_w0p1_oscillator-ensemble_r20_top2_liq5x30_stop2p5_base.json","results/technical_pit_optimizer/sr20_w0p1_oscillator-ensemble_r20_top2_liq5x30_stop2p5_base.json","3150","2a64cca97c9cb3b16bb60879fd8749db8e053e4e04d6e62963acab9a815e50da","2026-08-11T10:15:09Z"
"results/technical_pit_optimizer/sr50_w0p1_momentum_r20_top2_liq5x30_stop2p5_base.json","results/technical_pit_optimizer/sr50_w0p1_momentum_r20_top2_liq5x30_stop2p5_base.json","3121","8eccd484d8ca4b0b132af18ce013841a7a780880664b5d9436b3b5becd2d0508","2026-08-11T10:15:11Z"
"results/technical_pit_optimizer/sr50_w0p1_oscillator-ensemble_r20_top2_liq5x30_stop2p5_base.json","results/technical_pit_optimizer/sr50_w0p1_oscillator-ensemble_r20_top2_liq5x30_stop2p5_base.json","3140","2b6f224405f0de578eebe64d4cfc50fd4a5ae6fb4ebc8b43f53806ca1a0396c6","2026-08-11T10:15:13Z"
"results/technical_pit_search_control_cache.json","results/technical_pit_search_control_cache.json","2973","cff925a171fa6fe5f7ef774844f6ebc7978d4101c8663ead439f205f658f7a96","2026-08-11T04:45:19Z"
"results/technical_pit_top1_1_5x_tiered_base.json","results/technical_pit_top1_1_5x_tiered_base.json","3196","a848d9a2084dc00699912c564ed336492ec7e32cfd22d61d89d2b3ec9be6e3f7","2026-08-11T10:26:36Z"
"results/technical_pit_top1_1_5x_tiered_harsh.json","results/technical_pit_top1_1_5x_tiered_harsh.json","3198","bceb12f9bcafbb1b7d5e600c24bb1cb49d9c277be93e41ad3f61d9620c11289c","2026-08-11T10:26:38Z"
"results/technical_pit_top1_1_5x_tiered_stress.json","results/technical_pit_top1_1_5x_tiered_stress.json","3198","9f28ddc45c7af38636ce82048a806344583e5af5eff0d46ef7af50d27c91062e","2026-08-11T10:26:37Z"
"results/technical_pit_top1_momentum_1_5x_base.json","results/technical_pit_top1_momentum_1_5x_base.json","3172","33f9132647c1f31cdfbd9aee4d1b1b35f39a75d9eec6daffed0894230c0fbe67","2026-08-11T10:29:43Z"
"results/technical_pit_top1_momentum_1_5x_harsh.json","results/technical_pit_top1_momentum_1_5x_harsh.json","3176","8ecb47aa1df0212b1734c7c90532acff8d1e12f4a9dc96fc7be113458372389c","2026-08-11T10:30:07Z"
"results/technical_pit_top1_momentum_1_5x_stress.json","results/technical_pit_top1_momentum_1_5x_stress.json","3169","f0e0c1ee75ed177a1bff9245c402664cc9b8f03b7c9f344fd899cdeecb9d70d7","2026-08-11T10:30:06Z"
"results/technical_pit_top1_momentum_1x_harsh.json","results/technical_pit_top1_momentum_1x_harsh.json","3125","36ad049d89a883ea5b53e773b2515a4aa6fa56a131e8dd3e8adbcc19443d3c8f","2026-08-11T10:30:09Z"
"results/technical_pit_top1_momentum_1x_stress.json","results/technical_pit_top1_momentum_1x_stress.json","3117","d433896749dc44d70f75bb69e2e00db9996586a2452a5b0542521d253fdf2e72","2026-08-11T10:30:08Z"
"results/technical_pit_top1_momentum_samebarfix_base.json","results/technical_pit_top1_momentum_samebarfix_base.json","3117","9168007c86d3745a17ae831cfb0c092935be98e24e42395385b4ab22bb6ae120","2026-08-11T10:28:45Z"
"results/technical_reversal_all_4y.json","results/technical_reversal_all_4y.json","1694","c7c9e4b78f73ddc62572b7969b7cf461b585760b34229ef53931e4c4dd7f6ee9","2026-08-07T15:00:53Z"
"results/technical_reversal_high_4y.json","results/technical_reversal_high_4y.json","1695","f118f61536aef31be301434098746ef23c2d0576af29b9b45036623246ec6380","2026-08-07T15:01:00Z"
"results/technical_reversal_low_4y_30bps.json","results/technical_reversal_low_4y_30bps.json","1696","5ae225a5bf3f3a0f61d491daa9e89a672b4d35f3a0a8127bdbf7db3579abea7c","2026-08-07T15:01:08Z"
"results/technical_reversal_low_4y.json","results/technical_reversal_low_4y.json","1688","a92271fffdc34d6e67d2cfc96c2e2b51feb75e091d36223372b09575aaf1ba45","2026-08-07T15:00:45Z"
"results/technical_rule_research_4y_all5families.json","results/technical_rule_research_4y_all5families.json","8554432","73b55a4a5c76f5850a4bb6d0aebc922a53446b4ae73b182c5076c5b23a9d559c","2026-08-07T14:30:46Z"
"results/technical_rule_research_4y_market_state.json","results/technical_rule_research_4y_market_state.json","5824929","6f6fc8d776158b9f5e554f8ce24178d4a1443361bdd0268a731cae2b1b55f92b","2026-08-07T09:16:54Z"
"results/technical_rule_research_4y_split730.json","results/technical_rule_research_4y_split730.json","5827559","5293f1c6c47718615a1e13b1e82689cdb4216c66279bfe594c16fbb172516b90","2026-08-07T09:19:05Z"
"results/technical_rule_research_730d_long_short.json","results/technical_rule_research_730d_long_short.json","2320880","f0295a3b820c3446cf2222f2f5ed41921a127c03072e8b8530006525372aa125","2026-08-07T08:40:33Z"
"results/technical_rule_research_730d_market_state.json","results/technical_rule_research_730d_market_state.json","5817349","44b48c2e80f6b632c8d7f8c67f98c401b20ea4cdedb82b0851a05706b3384d43","2026-08-07T09:14:06Z"
"results/technical_rule_research_730d_regime.json","results/technical_rule_research_730d_regime.json","1100011","c3d444d90ce9c5e7c84c15029525a4330dfc662b2a5fb24fb1a871f7d7bf00a2","2026-08-07T08:37:41Z"
"results/technical_rule_research_730d_shortfix.json","results/technical_rule_research_730d_shortfix.json","3623176","7541cacd7dd4bbdfb1747568379dd53bc093fa38008a246528c73e430e3e94f3","2026-08-07T09:07:12Z"
"results/technical_rule_research_730d_train_ranked.json","results/technical_rule_research_730d_train_ranked.json","3625304","d5981145ebd39189fa187b7480d0acdfe226d98c22077e70cbce3fa96e334a11","2026-08-07T08:47:01Z"
"results/technical_rule_research_730d_trend_side.json","results/technical_rule_research_730d_trend_side.json","3486667","0492d9181916a9e69b583f33a21e15588a429d1cde47a7d565c35b607917d791","2026-08-07T08:44:30Z"
"results/technical_rule_research_730d.json","results/technical_rule_research_730d.json","515359","2c3584d4fc8e7de415530c5d3bc7af3f2cfa18cdf38e7c1e1bb9afb81761e578","2026-08-07T08:36:26Z"
"results/technical_selection_inference_v2_block7.json","results/technical_selection_inference_v2_block7.json","2051","43b1335a5a925cf86ccfc03136b839bd74de8c44e69c695d19a1c91d894ab32b","2026-08-13T15:15:52Z"
"results/technical_selection_inference_v2.json","results/technical_selection_inference_v2.json","2054","204d042f149a1b8e0608eae689572995558e170c1a82aad3266b5ed6b5afe443","2026-08-13T15:15:19Z"
"results/technical_sr_portfolio_4y_eligible4.json","results/technical_sr_portfolio_4y_eligible4.json","1535","43fed99e2a176993b939333e0c92d62b8cb39a5384d7d0e684e38bfeee7252a3","2026-08-07T14:36:19Z"
"results/technical_sr_walkforward_4y.json","results/technical_sr_walkforward_4y.json","10191","9ec39aa8b3ddf41da4ac438c621908dd02fb1df5fec04ab757382c5ac5dd048d","2026-08-07T14:32:04Z"
"results/technical_weekly_oscillator_top1_gate_base.json","results/technical_weekly_oscillator_top1_gate_base.json","3162","e9bd9bf692cbf6ca3e98347c26f98a2f54c3f145251034fbcd25185e9040d7aa","2026-08-11T10:20:14Z"
"results/technical_weekly_oscillator_top1_nogate_base.json","results/technical_weekly_oscillator_top1_nogate_base.json","3163","cc3594b19fe86720b6b4ea0edd66c479498396395dd6b83cc9cd91a6529868c6","2026-08-11T10:20:16Z"
"results/technical_weekly_oscillator_top2_gate_base.json","results/technical_weekly_oscillator_top2_gate_base.json","3161","33ccf78c63587c864dcf96ddde8e3c0beda59016b9cf0ad64eee763779d649cf","2026-08-11T10:20:17Z"
"results/technical_weekly_oscillator_top2_nogate_base.json","results/technical_weekly_oscillator_top2_nogate_base.json","3171","4e93d233857acb16059767b7fad9ba5bdada81567928d90bc9901f3113d05d19","2026-08-11T10:20:13Z"
"results/test_3pair_2y.json","results/test_3pair_2y.json","3103","ef8c6f161a53141b13944db94a72e15ac74fa88514f77ecf5adcdd8afaa708cc","2026-07-29T15:00:29Z"
"statistical_validation.py","statistical_validation.py","10058","b1a1fff3cd6e36b49c4a8e992215a7d432b93618de7bca6e0c18aaf89b14613d","2026-07-12T09:44:56Z"
