WARNING: Could not remove empty redirect log 
'D:\UIT\KLTN\runtime\ministral3_8b_challenger\logs\event_v3_8_full_wrapper_20260827_103133.stderr.log': Exception 
calling "Delete" with "1" argument(s): "The process cannot access the file 
'D:\UIT\KLTN\runtime\ministral3_8b_challenger\logs\event_v3_8_full_wrapper_20260827_103133.stderr.log' because it is 
being used by another process."
WARNING: Could not remove empty redirect log 
'D:\UIT\KLTN\runtime\ministral3_8b_challenger\logs\event_v3_8_full_wrapper_20260827_103133.stdout.log': Exception 
calling "Delete" with "1" argument(s): "The process cannot access the file 
'D:\UIT\KLTN\runtime\ministral3_8b_challenger\logs\event_v3_8_full_wrapper_20260827_103133.stdout.log' because it is 
being used by another process."
FULL_EXTRACTION_START pid=25224 records=0
THERMAL gpu_temp_c=51 records=0 errors=0
THERMAL gpu_temp_c=56 records=0 errors=0
THERMAL gpu_temp_c=55 records=0 errors=0
THERMAL gpu_temp_c=57 records=0 errors=0
THERMAL gpu_temp_c=57 records=0 errors=0
THERMAL gpu_temp_c=58 records=0 errors=0
THERMAL gpu_temp_c=60 records=0 errors=0
THERMAL gpu_temp_c=61 records=0 errors=0
THERMAL gpu_temp_c=61 records=0 errors=0
THERMAL gpu_temp_c=60 records=4 errors=0
THERMAL gpu_temp_c=58 records=4 errors=0
THERMAL gpu_temp_c=62 records=4 errors=0
THERMAL gpu_temp_c=62 records=4 errors=0
THERMAL gpu_temp_c=63 records=4 errors=0
THERMAL gpu_temp_c=63 records=4 errors=0
THERMAL gpu_temp_c=63 records=4 errors=0
THERMAL gpu_temp_c=64 records=4 errors=0
THERMAL gpu_temp_c=64 records=4 errors=0
THERMAL gpu_temp_c=64 records=4 errors=0
THERMAL gpu_temp_c=63 records=8 errors=0
THERMAL gpu_temp_c=63 records=8 errors=0
THERMAL gpu_temp_c=66 records=8 errors=0
THERMAL gpu_temp_c=65 records=8 errors=0
THERMAL gpu_temp_c=66 records=8 errors=0
THERMAL gpu_temp_c=65 records=8 errors=0
THERMAL gpu_temp_c=66 records=8 errors=0
THERMAL gpu_temp_c=66 records=8 errors=0
THERMAL gpu_temp_c=66 records=8 errors=0
THERMAL gpu_temp_c=66 records=8 errors=0
THERMAL gpu_temp_c=66 records=8 errors=0
THERMAL gpu_temp_c=64 records=12 errors=0
THERMAL gpu_temp_c=63 records=12 errors=0
THERMAL gpu_temp_c=66 records=12 errors=0
THERMAL gpu_temp_c=65 records=12 errors=0
THERMAL gpu_temp_c=65 records=12 errors=0
THERMAL gpu_temp_c=65 records=12 errors=0
THERMAL gpu_temp_c=66 records=12 errors=0
THERMAL gpu_temp_c=67 records=12 errors=0
THERMAL gpu_temp_c=67 records=12 errors=0
THERMAL gpu_temp_c=66 records=12 errors=0
THERMAL gpu_temp_c=65 records=16 errors=0
THERMAL gpu_temp_c=62 records=16 errors=0
THERMAL gpu_temp_c=65 records=16 errors=0
THERMAL gpu_temp_c=66 records=16 errors=0
THERMAL gpu_temp_c=66 records=16 errors=0
THERMAL gpu_temp_c=66 records=16 errors=0
THERMAL gpu_temp_c=66 records=16 errors=0
THERMAL gpu_temp_c=66 records=16 errors=0
THERMAL gpu_temp_c=66 records=16 errors=0
THERMAL gpu_temp_c=66 records=20 errors=0
THERMAL gpu_temp_c=64 records=20 errors=0
THERMAL gpu_temp_c=62 records=20 errors=0
THERMAL gpu_temp_c=66 records=20 errors=0
THERMAL gpu_temp_c=66 records=20 errors=0
THERMAL gpu_temp_c=66 records=20 errors=0
THERMAL gpu_temp_c=67 records=20 errors=0
THERMAL gpu_temp_c=66 records=20 errors=0
THERMAL gpu_temp_c=67 records=20 errors=0
THERMAL gpu_temp_c=67 records=20 errors=0
THERMAL gpu_temp_c=65 records=24 errors=0
THERMAL gpu_temp_c=63 records=24 errors=0
THERMAL gpu_temp_c=68 records=24 errors=0
THERMAL gpu_temp_c=66 records=24 errors=0
THERMAL gpu_temp_c=66 records=24 errors=0
THERMAL gpu_temp_c=66 records=24 errors=0
THERMAL gpu_temp_c=67 records=24 errors=0
THERMAL gpu_temp_c=67 records=24 errors=0
THERMAL gpu_temp_c=66 records=24 errors=0
THERMAL gpu_temp_c=66 records=24 errors=0
THERMAL gpu_temp_c=66 records=28 errors=0
THERMAL gpu_temp_c=64 records=28 errors=0
THERMAL gpu_temp_c=63 records=28 errors=0
THERMAL gpu_temp_c=66 records=28 errors=0
THERMAL gpu_temp_c=66 records=28 errors=0
THERMAL gpu_temp_c=66 records=28 errors=0
THERMAL gpu_temp_c=67 records=28 errors=0
THERMAL gpu_temp_c=66 records=28 errors=0
THERMAL gpu_temp_c=66 records=28 errors=0
THERMAL gpu_temp_c=67 records=28 errors=0
THERMAL gpu_temp_c=66 records=32 errors=0
THERMAL gpu_temp_c=64 records=32 errors=0
THERMAL gpu_temp_c=69 records=32 errors=0
THERMAL gpu_temp_c=66 records=32 errors=0
THERMAL gpu_temp_c=67 records=32 errors=0
THERMAL gpu_temp_c=66 records=32 errors=0
THERMAL gpu_temp_c=66 records=32 errors=0
THERMAL gpu_temp_c=67 records=32 errors=0
THERMAL gpu_temp_c=67 records=32 errors=0
THERMAL gpu_temp_c=67 records=32 errors=0
THERMAL gpu_temp_c=66 records=36 errors=0
THERMAL gpu_temp_c=64 records=36 errors=0
THERMAL gpu_temp_c=67 records=36 errors=0
THERMAL gpu_temp_c=67 records=36 errors=0
THERMAL gpu_temp_c=67 records=36 errors=0
THERMAL gpu_temp_c=67 records=36 errors=0
THERMAL gpu_temp_c=67 records=36 errors=0
THERMAL gpu_temp_c=67 records=36 errors=0
THERMAL gpu_temp_c=67 records=36 errors=0
THERMAL gpu_temp_c=68 records=36 errors=0
THERMAL gpu_temp_c=65 records=40 errors=0
THERMAL gpu_temp_c=64 records=40 errors=0
THERMAL gpu_temp_c=67 records=40 errors=0
THERMAL gpu_temp_c=66 records=40 errors=0
THERMAL gpu_temp_c=67 records=40 errors=0
THERMAL gpu_temp_c=67 records=40 errors=0
THERMAL gpu_temp_c=68 records=40 errors=0
THERMAL gpu_temp_c=67 records=40 errors=0
THERMAL gpu_temp_c=67 records=40 errors=0
THERMAL gpu_temp_c=68 records=40 errors=0
THERMAL gpu_temp_c=66 records=44 errors=0
THERMAL gpu_temp_c=64 records=44 errors=0
THERMAL gpu_temp_c=67 records=44 errors=0
THERMAL gpu_temp_c=67 records=44 errors=0
THERMAL gpu_temp_c=66 records=44 errors=0
THERMAL gpu_temp_c=67 records=44 errors=0
THERMAL gpu_temp_c=67 records=44 errors=0
THERMAL gpu_temp_c=67 records=44 errors=0
THERMAL gpu_temp_c=67 records=44 errors=0
THERMAL gpu_temp_c=68 records=48 errors=0
THERMAL gpu_temp_c=65 records=48 errors=0
THERMAL gpu_temp_c=63 records=48 errors=0
THERMAL gpu_temp_c=66 records=48 errors=0
THERMAL gpu_temp_c=67 records=48 errors=0
THERMAL gpu_temp_c=67 records=48 errors=0
THERMAL gpu_temp_c=67 records=48 errors=0
THERMAL gpu_temp_c=68 records=48 errors=0
THERMAL gpu_temp_c=68 records=48 errors=0
THERMAL gpu_temp_c=67 records=48 errors=0
THERMAL gpu_temp_c=68 records=48 errors=0
THERMAL gpu_temp_c=65 records=52 errors=0
THERMAL gpu_temp_c=64 records=52 errors=0
THERMAL gpu_temp_c=67 records=52 errors=0
THERMAL gpu_temp_c=67 records=52 errors=0
THERMAL gpu_temp_c=67 records=52 errors=0
THERMAL gpu_temp_c=67 records=52 errors=0
THERMAL gpu_temp_c=67 records=52 errors=0
THERMAL gpu_temp_c=67 records=52 errors=0
THERMAL gpu_temp_c=68 records=52 errors=0
THERMAL gpu_temp_c=67 records=56 errors=0
THERMAL gpu_temp_c=65 records=56 errors=0
THERMAL gpu_temp_c=69 records=56 errors=0
THERMAL gpu_temp_c=66 records=56 errors=0
THERMAL gpu_temp_c=66 records=56 errors=0
THERMAL gpu_temp_c=66 records=56 errors=0
THERMAL gpu_temp_c=65 records=56 errors=0
THERMAL gpu_temp_c=66 records=56 errors=0
THERMAL gpu_temp_c=65 records=56 errors=0
THERMAL gpu_temp_c=65 records=56 errors=0
THERMAL gpu_temp_c=65 records=60 errors=0
THERMAL gpu_temp_c=63 records=60 errors=0
THERMAL gpu_temp_c=62 records=60 errors=0
THERMAL gpu_temp_c=65 records=60 errors=0
THERMAL gpu_temp_c=66 records=60 errors=0
THERMAL gpu_temp_c=66 records=60 errors=0
THERMAL gpu_temp_c=66 records=60 errors=0
THERMAL gpu_temp_c=67 records=60 errors=0
THERMAL gpu_temp_c=67 records=60 errors=0
THERMAL gpu_temp_c=68 records=60 errors=0
THERMAL gpu_temp_c=67 records=64 errors=0
THERMAL gpu_temp_c=66 records=64 errors=0
THERMAL gpu_temp_c=64 records=64 errors=0
THERMAL gpu_temp_c=67 records=64 errors=0
THERMAL gpu_temp_c=67 records=64 errors=0
THERMAL gpu_temp_c=67 records=64 errors=0
THERMAL gpu_temp_c=67 records=64 errors=0
THERMAL gpu_temp_c=67 records=64 errors=0
THERMAL gpu_temp_c=68 records=64 errors=0
THERMAL gpu_temp_c=67 records=64 errors=0
THERMAL gpu_temp_c=67 records=68 errors=0
THERMAL gpu_temp_c=66 records=68 errors=0
THERMAL gpu_temp_c=64 records=68 errors=0
THERMAL gpu_temp_c=68 records=68 errors=0
THERMAL gpu_temp_c=67 records=68 errors=0
THERMAL gpu_temp_c=68 records=68 errors=0
THERMAL gpu_temp_c=67 records=68 errors=0
THERMAL gpu_temp_c=68 records=68 errors=0
THERMAL gpu_temp_c=68 records=68 errors=0
THERMAL gpu_temp_c=68 records=68 errors=0
THERMAL gpu_temp_c=68 records=68 errors=0
THERMAL gpu_temp_c=67 records=72 errors=0
THERMAL gpu_temp_c=65 records=72 errors=0
THERMAL gpu_temp_c=68 records=72 errors=0
THERMAL gpu_temp_c=68 records=72 errors=0
THERMAL gpu_temp_c=67 records=72 errors=0
THERMAL gpu_temp_c=67 records=72 errors=0
THERMAL gpu_temp_c=67 records=72 errors=0
THERMAL gpu_temp_c=68 records=72 errors=0
THERMAL gpu_temp_c=68 records=72 errors=0
THERMAL gpu_temp_c=68 records=72 errors=0
THERMAL gpu_temp_c=67 records=76 errors=0
THERMAL gpu_temp_c=65 records=76 errors=0
THERMAL gpu_temp_c=69 records=76 errors=0
THERMAL gpu_temp_c=67 records=76 errors=0
THERMAL gpu_temp_c=68 records=76 errors=0
THERMAL gpu_temp_c=68 records=76 errors=0
THERMAL gpu_temp_c=68 records=76 errors=0
THERMAL gpu_temp_c=69 records=76 errors=0
THERMAL gpu_temp_c=68 records=76 errors=0
THERMAL gpu_temp_c=68 records=76 errors=0
THERMAL gpu_temp_c=67 records=80 errors=0
THERMAL gpu_temp_c=65 records=80 errors=0
THERMAL gpu_temp_c=68 records=80 errors=0
THERMAL gpu_temp_c=68 records=80 errors=0
THERMAL gpu_temp_c=67 records=80 errors=0
THERMAL gpu_temp_c=68 records=80 errors=0
THERMAL gpu_temp_c=68 records=80 errors=0
THERMAL gpu_temp_c=68 records=80 errors=0
THERMAL gpu_temp_c=68 records=80 errors=0
THERMAL gpu_temp_c=68 records=80 errors=0
THERMAL gpu_temp_c=66 records=84 errors=0
THERMAL gpu_temp_c=65 records=84 errors=0
THERMAL gpu_temp_c=68 records=84 errors=0
THERMAL gpu_temp_c=67 records=84 errors=0
THERMAL gpu_temp_c=68 records=84 errors=0
THERMAL gpu_temp_c=68 records=84 errors=0
THERMAL gpu_temp_c=68 records=84 errors=0
THERMAL gpu_temp_c=68 records=84 errors=0
THERMAL gpu_temp_c=68 records=84 errors=0
THERMAL gpu_temp_c=68 records=84 errors=0
THERMAL gpu_temp_c=68 records=88 errors=0
THERMAL gpu_temp_c=67 records=88 errors=0
THERMAL gpu_temp_c=66 records=88 errors=0
THERMAL gpu_temp_c=68 records=88 errors=0
THERMAL gpu_temp_c=68 records=88 errors=0
THERMAL gpu_temp_c=67 records=88 errors=0
THERMAL gpu_temp_c=68 records=88 errors=0
THERMAL gpu_temp_c=67 records=88 errors=0
THERMAL gpu_temp_c=68 records=88 errors=0
THERMAL gpu_temp_c=68 records=88 errors=0
THERMAL gpu_temp_c=68 records=88 errors=0
THERMAL gpu_temp_c=67 records=88 errors=0
THERMAL gpu_temp_c=67 records=92 errors=0
THERMAL gpu_temp_c=65 records=92 errors=0
THERMAL gpu_temp_c=68 records=92 errors=0
THERMAL gpu_temp_c=67 records=92 errors=0
THERMAL gpu_temp_c=67 records=92 errors=0
THERMAL gpu_temp_c=68 records=92 errors=0
THERMAL gpu_temp_c=68 records=92 errors=0
THERMAL gpu_temp_c=68 records=92 errors=0
THERMAL gpu_temp_c=68 records=92 errors=0
THERMAL gpu_temp_c=68 records=92 errors=0
THERMAL gpu_temp_c=68 records=92 errors=0
THERMAL gpu_temp_c=67 records=96 errors=0
THERMAL gpu_temp_c=66 records=96 errors=0
THERMAL gpu_temp_c=68 records=96 errors=0
THERMAL gpu_temp_c=68 records=96 errors=0
THERMAL gpu_temp_c=68 records=96 errors=0
THERMAL gpu_temp_c=68 records=96 errors=0
THERMAL gpu_temp_c=68 records=96 errors=0
THERMAL gpu_temp_c=68 records=96 errors=0
THERMAL gpu_temp_c=68 records=96 errors=0
THERMAL gpu_temp_c=69 records=96 errors=0
THERMAL gpu_temp_c=68 records=96 errors=0
THERMAL gpu_temp_c=67 records=100 errors=0
THERMAL gpu_temp_c=66 records=100 errors=0
THERMAL gpu_temp_c=69 records=100 errors=0
THERMAL gpu_temp_c=68 records=100 errors=0
THERMAL gpu_temp_c=67 records=100 errors=0
THERMAL gpu_temp_c=67 records=100 errors=0
THERMAL gpu_temp_c=67 records=100 errors=0
THERMAL gpu_temp_c=67 records=100 errors=0
THERMAL gpu_temp_c=67 records=100 errors=0
THERMAL gpu_temp_c=68 records=100 errors=0
THERMAL gpu_temp_c=66 records=104 errors=0
THERMAL gpu_temp_c=65 records=104 errors=0
THERMAL gpu_temp_c=71 records=104 errors=0
THERMAL gpu_temp_c=67 records=104 errors=0
THERMAL gpu_temp_c=68 records=104 errors=0
THERMAL gpu_temp_c=68 records=104 errors=0
THERMAL gpu_temp_c=69 records=104 errors=0
THERMAL gpu_temp_c=69 records=104 errors=0
THERMAL gpu_temp_c=68 records=104 errors=0
THERMAL gpu_temp_c=68 records=104 errors=0
THERMAL gpu_temp_c=68 records=104 errors=0
THERMAL gpu_temp_c=67 records=108 errors=0
THERMAL gpu_temp_c=65 records=108 errors=0
THERMAL gpu_temp_c=70 records=108 errors=0
THERMAL gpu_temp_c=67 records=108 errors=0
THERMAL gpu_temp_c=68 records=108 errors=0
THERMAL gpu_temp_c=68 records=108 errors=0
THERMAL gpu_temp_c=69 records=108 errors=0
THERMAL gpu_temp_c=68 records=108 errors=0
THERMAL gpu_temp_c=69 records=108 errors=0
THERMAL gpu_temp_c=68 records=108 errors=0
THERMAL gpu_temp_c=66 records=112 errors=0
THERMAL gpu_temp_c=65 records=112 errors=0
THERMAL gpu_temp_c=69 records=112 errors=0
THERMAL gpu_temp_c=68 records=112 errors=0
THERMAL gpu_temp_c=68 records=112 errors=0
THERMAL gpu_temp_c=68 records=112 errors=0
THERMAL gpu_temp_c=68 records=112 errors=0
THERMAL gpu_temp_c=68 records=112 errors=0
THERMAL gpu_temp_c=68 records=112 errors=0
THERMAL gpu_temp_c=69 records=112 errors=0
THERMAL gpu_temp_c=68 records=112 errors=0
THERMAL gpu_temp_c=66 records=116 errors=0
THERMAL gpu_temp_c=65 records=116 errors=0
THERMAL gpu_temp_c=68 records=116 errors=0
THERMAL gpu_temp_c=68 records=116 errors=0
THERMAL gpu_temp_c=68 records=116 errors=0
THERMAL gpu_temp_c=68 records=116 errors=0
THERMAL gpu_temp_c=68 records=116 errors=0
THERMAL gpu_temp_c=68 records=116 errors=0
THERMAL gpu_temp_c=68 records=116 errors=0
THERMAL gpu_temp_c=69 records=116 errors=0
THERMAL gpu_temp_c=67 records=120 errors=0
THERMAL gpu_temp_c=65 records=120 errors=0
THERMAL gpu_temp_c=70 records=120 errors=0
THERMAL gpu_temp_c=67 records=120 errors=0
THERMAL gpu_temp_c=68 records=120 errors=0
THERMAL gpu_temp_c=68 records=120 errors=0
THERMAL gpu_temp_c=68 records=120 errors=0
THERMAL gpu_temp_c=68 records=120 errors=0
THERMAL gpu_temp_c=68 records=120 errors=0
THERMAL gpu_temp_c=69 records=120 errors=0
THERMAL gpu_temp_c=67 records=124 errors=0
THERMAL gpu_temp_c=65 records=124 errors=0
THERMAL gpu_temp_c=72 records=124 errors=0
THERMAL gpu_temp_c=67 records=124 errors=0
THERMAL gpu_temp_c=68 records=124 errors=0
THERMAL gpu_temp_c=68 records=124 errors=0
THERMAL gpu_temp_c=68 records=124 errors=0
THERMAL gpu_temp_c=67 records=124 errors=0
THERMAL gpu_temp_c=67 records=124 errors=0
THERMAL gpu_temp_c=66 records=124 errors=0
THERMAL gpu_temp_c=66 records=124 errors=0
THERMAL gpu_temp_c=65 records=128 errors=0
THERMAL gpu_temp_c=63 records=128 errors=0
THERMAL gpu_temp_c=69 records=128 errors=0
THERMAL gpu_temp_c=64 records=128 errors=0
THERMAL gpu_temp_c=64 records=128 errors=0
THERMAL gpu_temp_c=64 records=128 errors=0
THERMAL gpu_temp_c=64 records=128 errors=0
THERMAL gpu_temp_c=64 records=128 errors=0
THERMAL gpu_temp_c=64 records=128 errors=0
THERMAL gpu_temp_c=64 records=128 errors=0
THERMAL gpu_temp_c=65 records=128 errors=0
THERMAL gpu_temp_c=64 records=128 errors=0
THERMAL gpu_temp_c=62 records=132 errors=0
THERMAL gpu_temp_c=60 records=132 errors=0
THERMAL gpu_temp_c=62 records=132 errors=0
THERMAL gpu_temp_c=62 records=132 errors=0
THERMAL gpu_temp_c=63 records=132 errors=0
THERMAL gpu_temp_c=63 records=132 errors=0
THERMAL gpu_temp_c=64 records=132 errors=0
THERMAL gpu_temp_c=63 records=132 errors=0
THERMAL gpu_temp_c=63 records=132 errors=0
THERMAL gpu_temp_c=64 records=132 errors=0
THERMAL gpu_temp_c=64 records=132 errors=0
THERMAL gpu_temp_c=61 records=136 errors=0
THERMAL gpu_temp_c=60 records=136 errors=0
THERMAL gpu_temp_c=63 records=136 errors=0
THERMAL gpu_temp_c=62 records=136 errors=0
THERMAL gpu_temp_c=62 records=136 errors=0
THERMAL gpu_temp_c=62 records=136 errors=0
THERMAL gpu_temp_c=63 records=136 errors=0
THERMAL gpu_temp_c=63 records=136 errors=0
THERMAL gpu_temp_c=63 records=136 errors=0
THERMAL gpu_temp_c=63 records=136 errors=0
THERMAL gpu_temp_c=63 records=136 errors=0
THERMAL gpu_temp_c=62 records=140 errors=0
THERMAL gpu_temp_c=60 records=140 errors=0
THERMAL gpu_temp_c=66 records=140 errors=0
THERMAL gpu_temp_c=62 records=140 errors=0
THERMAL gpu_temp_c=62 records=140 errors=0
THERMAL gpu_temp_c=62 records=140 errors=0
THERMAL gpu_temp_c=62 records=140 errors=0
THERMAL gpu_temp_c=62 records=140 errors=0
THERMAL gpu_temp_c=62 records=140 errors=0
THERMAL gpu_temp_c=63 records=140 errors=0
THERMAL gpu_temp_c=63 records=140 errors=0
THERMAL gpu_temp_c=61 records=144 errors=0
THERMAL gpu_temp_c=59 records=144 errors=0
THERMAL gpu_temp_c=62 records=144 errors=0
THERMAL gpu_temp_c=61 records=144 errors=0
THERMAL gpu_temp_c=63 records=144 errors=0
THERMAL gpu_temp_c=62 records=144 errors=0
THERMAL gpu_temp_c=62 records=144 errors=0
THERMAL gpu_temp_c=62 records=144 errors=0
THERMAL gpu_temp_c=62 records=144 errors=0
THERMAL gpu_temp_c=63 records=144 errors=0
THERMAL gpu_temp_c=63 records=148 errors=0
THERMAL gpu_temp_c=60 records=148 errors=0
THERMAL gpu_temp_c=59 records=148 errors=0
THERMAL gpu_temp_c=62 records=148 errors=0
THERMAL gpu_temp_c=62 records=148 errors=0
THERMAL gpu_temp_c=62 records=148 errors=0
THERMAL gpu_temp_c=62 records=148 errors=0
THERMAL gpu_temp_c=62 records=148 errors=0
THERMAL gpu_temp_c=63 records=148 errors=0
THERMAL gpu_temp_c=63 records=148 errors=0
THERMAL gpu_temp_c=62 records=148 errors=0
THERMAL gpu_temp_c=63 records=148 errors=0
THERMAL gpu_temp_c=62 records=152 errors=0
THERMAL gpu_temp_c=60 records=152 errors=0
THERMAL gpu_temp_c=65 records=152 errors=0
THERMAL gpu_temp_c=62 records=152 errors=0
THERMAL gpu_temp_c=62 records=152 errors=0
THERMAL gpu_temp_c=62 records=152 errors=0
THERMAL gpu_temp_c=62 records=152 errors=0
THERMAL gpu_temp_c=62 records=152 errors=0
THERMAL gpu_temp_c=62 records=152 errors=0
THERMAL gpu_temp_c=62 records=152 errors=0
THERMAL gpu_temp_c=63 records=152 errors=0
THERMAL gpu_temp_c=61 records=156 errors=0
THERMAL gpu_temp_c=60 records=156 errors=0
THERMAL gpu_temp_c=64 records=156 errors=0
THERMAL gpu_temp_c=62 records=156 errors=0
THERMAL gpu_temp_c=62 records=156 errors=0
THERMAL gpu_temp_c=63 records=156 errors=0
THERMAL gpu_temp_c=63 records=156 errors=0
THERMAL gpu_temp_c=63 records=156 errors=0
THERMAL gpu_temp_c=63 records=156 errors=0
THERMAL gpu_temp_c=63 records=156 errors=0
THERMAL gpu_temp_c=63 records=156 errors=0
THERMAL gpu_temp_c=63 records=156 errors=0
THERMAL gpu_temp_c=61 records=160 errors=0
THERMAL gpu_temp_c=60 records=160 errors=0
THERMAL gpu_temp_c=63 records=160 errors=0
THERMAL gpu_temp_c=62 records=160 errors=0
THERMAL gpu_temp_c=62 records=160 errors=0
THERMAL gpu_temp_c=63 records=160 errors=0
THERMAL gpu_temp_c=63 records=160 errors=0
THERMAL gpu_temp_c=63 records=160 errors=0
THERMAL gpu_temp_c=64 records=160 errors=0
THERMAL gpu_temp_c=63 records=160 errors=0
THERMAL gpu_temp_c=63 records=164 errors=0
THERMAL gpu_temp_c=60 records=164 errors=0
THERMAL gpu_temp_c=58 records=164 errors=0
THERMAL gpu_temp_c=62 records=164 errors=0
THERMAL gpu_temp_c=62 records=164 errors=0
THERMAL gpu_temp_c=62 records=164 errors=0
THERMAL gpu_temp_c=62 records=164 errors=0
THERMAL gpu_temp_c=63 records=164 errors=0
THERMAL gpu_temp_c=62 records=164 errors=0
THERMAL gpu_temp_c=62 records=164 errors=0
THERMAL gpu_temp_c=63 records=164 errors=0
THERMAL gpu_temp_c=61 records=168 errors=0
THERMAL gpu_temp_c=59 records=168 errors=0
THERMAL gpu_temp_c=66 records=168 errors=0
THERMAL gpu_temp_c=61 records=168 errors=0
THERMAL gpu_temp_c=62 records=168 errors=0
THERMAL gpu_temp_c=62 records=168 errors=0
THERMAL gpu_temp_c=63 records=168 errors=0
THERMAL gpu_temp_c=62 records=168 errors=0
THERMAL gpu_temp_c=63 records=168 errors=0
THERMAL gpu_temp_c=62 records=168 errors=0
THERMAL gpu_temp_c=62 records=172 errors=0
THERMAL gpu_temp_c=60 records=172 errors=0
THERMAL gpu_temp_c=67 records=172 errors=0
THERMAL gpu_temp_c=62 records=172 errors=0
THERMAL gpu_temp_c=62 records=172 errors=0
THERMAL gpu_temp_c=62 records=172 errors=0
THERMAL gpu_temp_c=62 records=172 errors=0
THERMAL gpu_temp_c=62 records=172 errors=0
THERMAL gpu_temp_c=63 records=172 errors=0
THERMAL gpu_temp_c=62 records=172 errors=0
THERMAL gpu_temp_c=62 records=176 errors=0
THERMAL gpu_temp_c=59 records=176 errors=0
THERMAL gpu_temp_c=64 records=176 errors=0
THERMAL gpu_temp_c=62 records=176 errors=0
THERMAL gpu_temp_c=62 records=176 errors=0
THERMAL gpu_temp_c=62 records=176 errors=0
THERMAL gpu_temp_c=62 records=176 errors=0
THERMAL gpu_temp_c=62 records=176 errors=0
THERMAL gpu_temp_c=62 records=176 errors=0
THERMAL gpu_temp_c=63 records=176 errors=0
THERMAL gpu_temp_c=62 records=176 errors=0
THERMAL gpu_temp_c=62 records=180 errors=0
THERMAL gpu_temp_c=60 records=180 errors=0
THERMAL gpu_temp_c=58 records=180 errors=0
THERMAL gpu_temp_c=61 records=180 errors=0
THERMAL gpu_temp_c=62 records=180 errors=0
THERMAL gpu_temp_c=62 records=180 errors=0
THERMAL gpu_temp_c=62 records=180 errors=0
THERMAL gpu_temp_c=62 records=180 errors=0
THERMAL gpu_temp_c=62 records=180 errors=0
THERMAL gpu_temp_c=62 records=180 errors=0
THERMAL gpu_temp_c=62 records=180 errors=0
THERMAL gpu_temp_c=61 records=184 errors=0
THERMAL gpu_temp_c=59 records=184 errors=0
THERMAL gpu_temp_c=63 records=184 errors=0
THERMAL gpu_temp_c=61 records=184 errors=0
THERMAL gpu_temp_c=61 records=184 errors=0
THERMAL gpu_temp_c=62 records=184 errors=0
THERMAL gpu_temp_c=62 records=184 errors=0
THERMAL gpu_temp_c=62 records=184 errors=0
THERMAL gpu_temp_c=62 records=184 errors=0
THERMAL gpu_temp_c=63 records=184 errors=0
THERMAL gpu_temp_c=63 records=184 errors=0
THERMAL gpu_temp_c=60 records=188 errors=0
THERMAL gpu_temp_c=58 records=188 errors=0
THERMAL gpu_temp_c=61 records=188 errors=0
THERMAL gpu_temp_c=62 records=188 errors=0
THERMAL gpu_temp_c=62 records=188 errors=0
THERMAL gpu_temp_c=62 records=188 errors=0
THERMAL gpu_temp_c=62 records=188 errors=0
THERMAL gpu_temp_c=62 records=188 errors=0
THERMAL gpu_temp_c=62 records=188 errors=0
THERMAL gpu_temp_c=63 records=188 errors=0
THERMAL gpu_temp_c=61 records=192 errors=0
THERMAL gpu_temp_c=58 records=192 errors=0
THERMAL gpu_temp_c=62 records=192 errors=0
THERMAL gpu_temp_c=61 records=192 errors=0
THERMAL gpu_temp_c=62 records=192 errors=0
THERMAL gpu_temp_c=61 records=192 errors=0
THERMAL gpu_temp_c=61 records=192 errors=0
THERMAL gpu_temp_c=62 records=192 errors=0
THERMAL gpu_temp_c=62 records=192 errors=0
THERMAL gpu_temp_c=62 records=192 errors=0
THERMAL gpu_temp_c=60 records=196 errors=0
THERMAL gpu_temp_c=58 records=196 errors=0
THERMAL gpu_temp_c=61 records=196 errors=0
THERMAL gpu_temp_c=61 records=196 errors=0
THERMAL gpu_temp_c=61 records=196 errors=0
THERMAL gpu_temp_c=62 records=196 errors=0
THERMAL gpu_temp_c=62 records=196 errors=0
THERMAL gpu_temp_c=62 records=196 errors=0
THERMAL gpu_temp_c=62 records=196 errors=0
THERMAL gpu_temp_c=62 records=196 errors=0
THERMAL gpu_temp_c=59 records=200 errors=0
THERMAL gpu_temp_c=58 records=200 errors=0
THERMAL gpu_temp_c=61 records=200 errors=0
THERMAL gpu_temp_c=61 records=200 errors=0
THERMAL gpu_temp_c=62 records=200 errors=0
THERMAL gpu_temp_c=61 records=200 errors=0
THERMAL gpu_temp_c=62 records=200 errors=0
THERMAL gpu_temp_c=62 records=200 errors=0
THERMAL gpu_temp_c=62 records=200 errors=0
THERMAL gpu_temp_c=61 records=204 errors=0
THERMAL gpu_temp_c=59 records=204 errors=0
THERMAL gpu_temp_c=57 records=204 errors=0
THERMAL gpu_temp_c=61 records=204 errors=0
THERMAL gpu_temp_c=61 records=204 errors=0
THERMAL gpu_temp_c=61 records=204 errors=0
THERMAL gpu_temp_c=62 records=204 errors=0
THERMAL gpu_temp_c=62 records=204 errors=0
THERMAL gpu_temp_c=62 records=204 errors=0
THERMAL gpu_temp_c=62 records=204 errors=0
THERMAL gpu_temp_c=61 records=208 errors=0
THERMAL gpu_temp_c=58 records=208 errors=0
THERMAL gpu_temp_c=62 records=208 errors=0
THERMAL gpu_temp_c=61 records=208 errors=0
THERMAL gpu_temp_c=61 records=208 errors=0
THERMAL gpu_temp_c=61 records=208 errors=0
THERMAL gpu_temp_c=62 records=208 errors=0
THERMAL gpu_temp_c=62 records=208 errors=0
THERMAL gpu_temp_c=62 records=208 errors=0
THERMAL gpu_temp_c=62 records=208 errors=0
THERMAL gpu_temp_c=61 records=212 errors=0
THERMAL gpu_temp_c=58 records=212 errors=0
THERMAL gpu_temp_c=63 records=212 errors=0
THERMAL gpu_temp_c=62 records=212 errors=0
THERMAL gpu_temp_c=61 records=212 errors=0
THERMAL gpu_temp_c=61 records=212 errors=0
THERMAL gpu_temp_c=61 records=212 errors=0
THERMAL gpu_temp_c=62 records=212 errors=0
THERMAL gpu_temp_c=61 records=212 errors=0
THERMAL gpu_temp_c=62 records=212 errors=0
THERMAL gpu_temp_c=60 records=216 errors=0
THERMAL gpu_temp_c=58 records=216 errors=0
THERMAL gpu_temp_c=63 records=216 errors=0
THERMAL gpu_temp_c=60 records=216 errors=0
THERMAL gpu_temp_c=61 records=216 errors=0
THERMAL gpu_temp_c=62 records=216 errors=0
THERMAL gpu_temp_c=61 records=216 errors=0
THERMAL gpu_temp_c=62 records=216 errors=0
THERMAL gpu_temp_c=62 records=216 errors=0
THERMAL gpu_temp_c=62 records=216 errors=0
THERMAL gpu_temp_c=60 records=220 errors=0
THERMAL gpu_temp_c=58 records=220 errors=0
THERMAL gpu_temp_c=63 records=220 errors=0
THERMAL gpu_temp_c=61 records=220 errors=0
THERMAL gpu_temp_c=61 records=220 errors=0
THERMAL gpu_temp_c=61 records=220 errors=0
THERMAL gpu_temp_c=62 records=220 errors=0
THERMAL gpu_temp_c=62 records=220 errors=0
THERMAL gpu_temp_c=62 records=220 errors=0
THERMAL gpu_temp_c=62 records=220 errors=0
THERMAL gpu_temp_c=61 records=224 errors=0
THERMAL gpu_temp_c=59 records=224 errors=0
THERMAL gpu_temp_c=57 records=224 errors=0
THERMAL gpu_temp_c=60 records=224 errors=0
THERMAL gpu_temp_c=61 records=224 errors=0
THERMAL gpu_temp_c=62 records=224 errors=0
THERMAL gpu_temp_c=61 records=224 errors=0
THERMAL gpu_temp_c=61 records=224 errors=0
THERMAL gpu_temp_c=63 records=224 errors=0
THERMAL gpu_temp_c=62 records=224 errors=0
THERMAL gpu_temp_c=61 records=228 errors=0
THERMAL gpu_temp_c=59 records=228 errors=0
THERMAL gpu_temp_c=58 records=228 errors=0
THERMAL gpu_temp_c=61 records=228 errors=0
THERMAL gpu_temp_c=61 records=228 errors=0
THERMAL gpu_temp_c=62 records=228 errors=0
THERMAL gpu_temp_c=61 records=228 errors=0
THERMAL gpu_temp_c=62 records=228 errors=0
THERMAL gpu_temp_c=62 records=228 errors=0
THERMAL gpu_temp_c=62 records=228 errors=0
THERMAL gpu_temp_c=61 records=232 errors=0
THERMAL gpu_temp_c=58 records=232 errors=0
THERMAL gpu_temp_c=62 records=232 errors=0
THERMAL gpu_temp_c=61 records=232 errors=0
THERMAL gpu_temp_c=61 records=232 errors=0
THERMAL gpu_temp_c=61 records=232 errors=0
THERMAL gpu_temp_c=62 records=232 errors=0
THERMAL gpu_temp_c=62 records=232 errors=0
THERMAL gpu_temp_c=63 records=232 errors=0
THERMAL gpu_temp_c=62 records=232 errors=0
THERMAL gpu_temp_c=61 records=236 errors=0
THERMAL gpu_temp_c=58 records=236 errors=0
THERMAL gpu_temp_c=64 records=236 errors=0
THERMAL gpu_temp_c=61 records=236 errors=0
THERMAL gpu_temp_c=61 records=236 errors=0
THERMAL gpu_temp_c=61 records=236 errors=0
THERMAL gpu_temp_c=62 records=236 errors=0
THERMAL gpu_temp_c=63 records=236 errors=0
THERMAL gpu_temp_c=62 records=236 errors=0
THERMAL gpu_temp_c=62 records=236 errors=0
THERMAL gpu_temp_c=62 records=240 errors=0
THERMAL gpu_temp_c=59 records=240 errors=0
THERMAL gpu_temp_c=63 records=240 errors=0
THERMAL gpu_temp_c=62 records=240 errors=0
THERMAL gpu_temp_c=62 records=240 errors=0
THERMAL gpu_temp_c=62 records=240 errors=0
THERMAL gpu_temp_c=62 records=240 errors=0
THERMAL gpu_temp_c=63 records=240 errors=0
THERMAL gpu_temp_c=64 records=240 errors=0
THERMAL gpu_temp_c=63 records=240 errors=0
THERMAL gpu_temp_c=62 records=244 errors=0
THERMAL gpu_temp_c=60 records=244 errors=0
THERMAL gpu_temp_c=64 records=244 errors=0
THERMAL gpu_temp_c=63 records=244 errors=0
THERMAL gpu_temp_c=63 records=244 errors=0
THERMAL gpu_temp_c=62 records=244 errors=0
THERMAL gpu_temp_c=63 records=244 errors=0
THERMAL gpu_temp_c=63 records=244 errors=0
THERMAL gpu_temp_c=63 records=244 errors=0
THERMAL gpu_temp_c=64 records=244 errors=0
THERMAL gpu_temp_c=64 records=244 errors=0
THERMAL gpu_temp_c=62 records=248 errors=0
THERMAL gpu_temp_c=61 records=248 errors=0
THERMAL gpu_temp_c=65 records=248 errors=0
THERMAL gpu_temp_c=65 records=248 errors=0
THERMAL gpu_temp_c=65 records=248 errors=0
THERMAL gpu_temp_c=65 records=248 errors=0
THERMAL gpu_temp_c=65 records=248 errors=0
THERMAL gpu_temp_c=66 records=248 errors=0
THERMAL gpu_temp_c=66 records=248 errors=0
THERMAL gpu_temp_c=67 records=248 errors=0
THERMAL gpu_temp_c=65 records=252 errors=0
THERMAL gpu_temp_c=64 records=252 errors=0
THERMAL gpu_temp_c=67 records=252 errors=0
THERMAL gpu_temp_c=66 records=252 errors=0
THERMAL gpu_temp_c=66 records=252 errors=0
THERMAL gpu_temp_c=67 records=252 errors=0
THERMAL gpu_temp_c=66 records=252 errors=0
THERMAL gpu_temp_c=67 records=252 errors=0
THERMAL gpu_temp_c=67 records=252 errors=0
THERMAL gpu_temp_c=67 records=252 errors=0
THERMAL gpu_temp_c=67 records=252 errors=0
THERMAL gpu_temp_c=66 records=256 errors=0
THERMAL gpu_temp_c=65 records=256 errors=0
THERMAL gpu_temp_c=64 records=256 errors=0
THERMAL gpu_temp_c=67 records=256 errors=0
THERMAL gpu_temp_c=66 records=256 errors=0
THERMAL gpu_temp_c=67 records=256 errors=0
THERMAL gpu_temp_c=67 records=256 errors=0
THERMAL gpu_temp_c=68 records=256 errors=0
THERMAL gpu_temp_c=68 records=256 errors=0
THERMAL gpu_temp_c=67 records=256 errors=0
THERMAL gpu_temp_c=68 records=256 errors=0
THERMAL gpu_temp_c=68 records=256 errors=0
THERMAL gpu_temp_c=66 records=260 errors=0
THERMAL gpu_temp_c=65 records=260 errors=0
THERMAL gpu_temp_c=67 records=260 errors=0
THERMAL gpu_temp_c=68 records=260 errors=0
THERMAL gpu_temp_c=67 records=260 errors=0
THERMAL gpu_temp_c=68 records=260 errors=0
THERMAL gpu_temp_c=68 records=260 errors=0
THERMAL gpu_temp_c=68 records=260 errors=0
THERMAL gpu_temp_c=68 records=260 errors=0
THERMAL gpu_temp_c=68 records=260 errors=0
THERMAL gpu_temp_c=67 records=264 errors=0
THERMAL gpu_temp_c=67 records=264 errors=0
THERMAL gpu_temp_c=66 records=264 errors=0
THERMAL gpu_temp_c=68 records=264 errors=0
THERMAL gpu_temp_c=68 records=264 errors=0
THERMAL gpu_temp_c=68 records=264 errors=0
THERMAL gpu_temp_c=68 records=264 errors=0
THERMAL gpu_temp_c=68 records=264 errors=0
THERMAL gpu_temp_c=68 records=264 errors=0
THERMAL gpu_temp_c=69 records=264 errors=0
THERMAL gpu_temp_c=68 records=264 errors=0
THERMAL gpu_temp_c=68 records=264 errors=0
THERMAL gpu_temp_c=69 records=264 errors=0
THERMAL gpu_temp_c=68 records=268 errors=0
THERMAL gpu_temp_c=67 records=268 errors=0
THERMAL gpu_temp_c=71 records=268 errors=0
THERMAL gpu_temp_c=68 records=268 errors=0
THERMAL gpu_temp_c=68 records=268 errors=0
THERMAL gpu_temp_c=68 records=268 errors=0
THERMAL gpu_temp_c=68 records=268 errors=0
THERMAL gpu_temp_c=68 records=268 errors=0
THERMAL gpu_temp_c=69 records=268 errors=0
THERMAL gpu_temp_c=68 records=268 errors=0
THERMAL gpu_temp_c=67 records=272 errors=0
THERMAL gpu_temp_c=65 records=272 errors=0
THERMAL gpu_temp_c=70 records=272 errors=0
THERMAL gpu_temp_c=67 records=272 errors=0
THERMAL gpu_temp_c=67 records=272 errors=0
THERMAL gpu_temp_c=68 records=272 errors=0
THERMAL gpu_temp_c=68 records=272 errors=0
THERMAL gpu_temp_c=68 records=272 errors=0
THERMAL gpu_temp_c=68 records=272 errors=0
THERMAL gpu_temp_c=68 records=272 errors=0
THERMAL gpu_temp_c=67 records=276 errors=0
THERMAL gpu_temp_c=65 records=276 errors=0
THERMAL gpu_temp_c=73 records=276 errors=0
THERMAL gpu_temp_c=67 records=276 errors=0
THERMAL gpu_temp_c=68 records=276 errors=0
THERMAL gpu_temp_c=68 records=276 errors=0
THERMAL gpu_temp_c=68 records=276 errors=0
THERMAL gpu_temp_c=69 records=276 errors=0
THERMAL gpu_temp_c=68 records=276 errors=0
THERMAL gpu_temp_c=69 records=276 errors=0
THERMAL gpu_temp_c=67 records=280 errors=0
THERMAL gpu_temp_c=65 records=280 errors=0
THERMAL gpu_temp_c=73 records=280 errors=0
THERMAL gpu_temp_c=67 records=280 errors=0
THERMAL gpu_temp_c=68 records=280 errors=0
THERMAL gpu_temp_c=68 records=280 errors=0
THERMAL gpu_temp_c=68 records=280 errors=0
THERMAL gpu_temp_c=68 records=280 errors=0
THERMAL gpu_temp_c=68 records=280 errors=0
THERMAL gpu_temp_c=69 records=280 errors=0
THERMAL gpu_temp_c=67 records=284 errors=0
THERMAL gpu_temp_c=65 records=284 errors=0
THERMAL gpu_temp_c=68 records=284 errors=0
THERMAL gpu_temp_c=67 records=284 errors=0
THERMAL gpu_temp_c=68 records=284 errors=0
THERMAL gpu_temp_c=68 records=284 errors=0
THERMAL gpu_temp_c=68 records=284 errors=0
THERMAL gpu_temp_c=68 records=284 errors=0
THERMAL gpu_temp_c=69 records=284 errors=0
THERMAL gpu_temp_c=68 records=288 errors=0
THERMAL gpu_temp_c=66 records=288 errors=0
THERMAL gpu_temp_c=64 records=288 errors=0
THERMAL gpu_temp_c=68 records=288 errors=0
THERMAL gpu_temp_c=68 records=288 errors=0
THERMAL gpu_temp_c=68 records=288 errors=0
THERMAL gpu_temp_c=69 records=288 errors=0
THERMAL gpu_temp_c=68 records=288 errors=0
THERMAL gpu_temp_c=68 records=288 errors=0
THERMAL gpu_temp_c=69 records=288 errors=0
THERMAL gpu_temp_c=67 records=292 errors=0
THERMAL gpu_temp_c=65 records=292 errors=0
THERMAL gpu_temp_c=68 records=292 errors=0
THERMAL gpu_temp_c=68 records=292 errors=0
THERMAL gpu_temp_c=68 records=292 errors=0
THERMAL gpu_temp_c=69 records=292 errors=0
THERMAL gpu_temp_c=68 records=292 errors=0
THERMAL gpu_temp_c=68 records=292 errors=0
THERMAL gpu_temp_c=69 records=292 errors=0
THERMAL gpu_temp_c=69 records=292 errors=0
THERMAL gpu_temp_c=66 records=296 errors=0
THERMAL gpu_temp_c=65 records=296 errors=0
THERMAL gpu_temp_c=68 records=296 errors=0
THERMAL gpu_temp_c=68 records=296 errors=0
THERMAL gpu_temp_c=68 records=296 errors=0
THERMAL gpu_temp_c=69 records=296 errors=0
THERMAL gpu_temp_c=69 records=296 errors=0
THERMAL gpu_temp_c=68 records=296 errors=0
THERMAL gpu_temp_c=69 records=296 errors=0
THERMAL gpu_temp_c=67 records=300 errors=0
THERMAL gpu_temp_c=65 records=300 errors=0
THERMAL gpu_temp_c=70 records=300 errors=0
THERMAL gpu_temp_c=68 records=300 errors=0
THERMAL gpu_temp_c=68 records=300 errors=0
THERMAL gpu_temp_c=69 records=300 errors=0
THERMAL gpu_temp_c=69 records=300 errors=0
THERMAL gpu_temp_c=68 records=300 errors=0
THERMAL gpu_temp_c=68 records=300 errors=0
THERMAL gpu_temp_c=69 records=300 errors=0
THERMAL gpu_temp_c=68 records=304 errors=0
THERMAL gpu_temp_c=66 records=304 errors=0
THERMAL gpu_temp_c=71 records=304 errors=0
THERMAL gpu_temp_c=68 records=304 errors=0
THERMAL gpu_temp_c=68 records=304 errors=0
THERMAL gpu_temp_c=68 records=304 errors=0
THERMAL gpu_temp_c=69 records=304 errors=0
THERMAL gpu_temp_c=69 records=304 errors=0
THERMAL gpu_temp_c=70 records=304 errors=0
THERMAL gpu_temp_c=69 records=304 errors=0
THERMAL gpu_temp_c=68 records=308 errors=0
THERMAL gpu_temp_c=66 records=308 errors=0
THERMAL gpu_temp_c=73 records=308 errors=0
THERMAL gpu_temp_c=68 records=308 errors=0
THERMAL gpu_temp_c=68 records=308 errors=0
THERMAL gpu_temp_c=69 records=308 errors=0
THERMAL gpu_temp_c=69 records=308 errors=0
THERMAL gpu_temp_c=69 records=308 errors=0
THERMAL gpu_temp_c=69 records=308 errors=0
THERMAL gpu_temp_c=69 records=308 errors=0
THERMAL gpu_temp_c=69 records=308 errors=0
THERMAL gpu_temp_c=67 records=312 errors=0
THERMAL gpu_temp_c=66 records=312 errors=0
THERMAL gpu_temp_c=68 records=312 errors=0
THERMAL gpu_temp_c=68 records=312 errors=0
THERMAL gpu_temp_c=68 records=312 errors=0
THERMAL gpu_temp_c=68 records=312 errors=0
THERMAL gpu_temp_c=68 records=312 errors=0
THERMAL gpu_temp_c=68 records=312 errors=0
THERMAL gpu_temp_c=68 records=312 errors=0
THERMAL gpu_temp_c=68 records=312 errors=0
THERMAL gpu_temp_c=68 records=316 errors=0
THERMAL gpu_temp_c=66 records=316 errors=0
THERMAL gpu_temp_c=71 records=316 errors=0
THERMAL gpu_temp_c=68 records=316 errors=0
THERMAL gpu_temp_c=68 records=316 errors=0
THERMAL gpu_temp_c=68 records=316 errors=0
THERMAL gpu_temp_c=68 records=316 errors=0
THERMAL gpu_temp_c=69 records=316 errors=0
THERMAL gpu_temp_c=68 records=316 errors=0
THERMAL gpu_temp_c=68 records=316 errors=0
THERMAL gpu_temp_c=68 records=316 errors=0
THERMAL gpu_temp_c=68 records=320 errors=0
THERMAL gpu_temp_c=66 records=320 errors=0
THERMAL gpu_temp_c=65 records=320 errors=0
THERMAL gpu_temp_c=68 records=320 errors=0
THERMAL gpu_temp_c=68 records=320 errors=0
THERMAL gpu_temp_c=69 records=320 errors=0
THERMAL gpu_temp_c=68 records=320 errors=0
THERMAL gpu_temp_c=69 records=320 errors=0
THERMAL gpu_temp_c=68 records=320 errors=0
THERMAL gpu_temp_c=68 records=320 errors=0
THERMAL gpu_temp_c=69 records=320 errors=0
THERMAL gpu_temp_c=68 records=324 errors=0
THERMAL gpu_temp_c=66 records=324 errors=0
THERMAL gpu_temp_c=71 records=324 errors=0
THERMAL gpu_temp_c=68 records=324 errors=0
THERMAL gpu_temp_c=68 records=324 errors=0
THERMAL gpu_temp_c=69 records=324 errors=0
THERMAL gpu_temp_c=69 records=324 errors=0
THERMAL gpu_temp_c=69 records=324 errors=0
THERMAL gpu_temp_c=68 records=324 errors=0
THERMAL gpu_temp_c=69 records=324 errors=0
THERMAL gpu_temp_c=68 records=328 errors=0
THERMAL gpu_temp_c=66 records=328 errors=0
THERMAL gpu_temp_c=71 records=328 errors=0
THERMAL gpu_temp_c=68 records=328 errors=0
THERMAL gpu_temp_c=69 records=328 errors=0
THERMAL gpu_temp_c=69 records=328 errors=0
THERMAL gpu_temp_c=68 records=328 errors=0
THERMAL gpu_temp_c=69 records=328 errors=0
THERMAL gpu_temp_c=69 records=328 errors=0
THERMAL gpu_temp_c=69 records=328 errors=0
THERMAL gpu_temp_c=68 records=332 errors=0
THERMAL gpu_temp_c=66 records=332 errors=0
THERMAL gpu_temp_c=66 records=332 errors=0
THERMAL gpu_temp_c=68 records=332 errors=0
THERMAL gpu_temp_c=68 records=332 errors=0
THERMAL gpu_temp_c=68 records=332 errors=0
THERMAL gpu_temp_c=68 records=332 errors=0
THERMAL gpu_temp_c=68 records=332 errors=0
THERMAL gpu_temp_c=69 records=332 errors=0
THERMAL gpu_temp_c=69 records=332 errors=0
THERMAL gpu_temp_c=69 records=332 errors=0
THERMAL gpu_temp_c=68 records=336 errors=0
THERMAL gpu_temp_c=66 records=336 errors=0
THERMAL gpu_temp_c=73 records=336 errors=0
THERMAL gpu_temp_c=68 records=336 errors=0
THERMAL gpu_temp_c=68 records=336 errors=0
THERMAL gpu_temp_c=68 records=336 errors=0
THERMAL gpu_temp_c=68 records=336 errors=0
THERMAL gpu_temp_c=69 records=336 errors=0
THERMAL gpu_temp_c=69 records=336 errors=0
THERMAL gpu_temp_c=69 records=336 errors=0
THERMAL gpu_temp_c=68 records=340 errors=0
THERMAL gpu_temp_c=66 records=340 errors=0
THERMAL gpu_temp_c=70 records=340 errors=0
THERMAL gpu_temp_c=68 records=340 errors=0
THERMAL gpu_temp_c=68 records=340 errors=0
THERMAL gpu_temp_c=69 records=340 errors=0
THERMAL gpu_temp_c=68 records=340 errors=0
THERMAL gpu_temp_c=69 records=340 errors=0
THERMAL gpu_temp_c=70 records=340 errors=0
THERMAL gpu_temp_c=69 records=340 errors=0
THERMAL gpu_temp_c=68 records=344 errors=0
THERMAL gpu_temp_c=66 records=344 errors=0
THERMAL gpu_temp_c=72 records=344 errors=0
THERMAL gpu_temp_c=69 records=344 errors=0
THERMAL gpu_temp_c=69 records=344 errors=0
THERMAL gpu_temp_c=69 records=344 errors=0
THERMAL gpu_temp_c=68 records=344 errors=0
THERMAL gpu_temp_c=69 records=344 errors=0
THERMAL gpu_temp_c=69 records=344 errors=0
THERMAL gpu_temp_c=69 records=344 errors=0
THERMAL gpu_temp_c=69 records=348 errors=0
THERMAL gpu_temp_c=67 records=348 errors=0
THERMAL gpu_temp_c=65 records=348 errors=0
THERMAL gpu_temp_c=68 records=348 errors=0
THERMAL gpu_temp_c=68 records=348 errors=0
THERMAL gpu_temp_c=68 records=348 errors=0
THERMAL gpu_temp_c=69 records=348 errors=0
THERMAL gpu_temp_c=69 records=348 errors=0
THERMAL gpu_temp_c=69 records=348 errors=0
THERMAL gpu_temp_c=69 records=348 errors=0
THERMAL gpu_temp_c=70 records=348 errors=0
THERMAL gpu_temp_c=67 records=352 errors=0
THERMAL gpu_temp_c=65 records=352 errors=0
THERMAL gpu_temp_c=68 records=352 errors=0
THERMAL gpu_temp_c=68 records=352 errors=0
THERMAL gpu_temp_c=68 records=352 errors=0
THERMAL gpu_temp_c=69 records=352 errors=0
THERMAL gpu_temp_c=68 records=352 errors=0
THERMAL gpu_temp_c=69 records=352 errors=0
THERMAL gpu_temp_c=69 records=352 errors=0
THERMAL gpu_temp_c=70 records=356 errors=0
THERMAL gpu_temp_c=67 records=356 errors=0
THERMAL gpu_temp_c=65 records=356 errors=0
THERMAL gpu_temp_c=68 records=356 errors=0
THERMAL gpu_temp_c=69 records=356 errors=0
THERMAL gpu_temp_c=69 records=356 errors=0
THERMAL gpu_temp_c=69 records=356 errors=0
THERMAL gpu_temp_c=69 records=356 errors=0
THERMAL gpu_temp_c=69 records=356 errors=0
THERMAL gpu_temp_c=69 records=356 errors=0
THERMAL gpu_temp_c=69 records=356 errors=0
THERMAL gpu_temp_c=68 records=360 errors=0
THERMAL gpu_temp_c=66 records=360 errors=0
THERMAL gpu_temp_c=74 records=360 errors=0
THERMAL gpu_temp_c=68 records=360 errors=0
THERMAL gpu_temp_c=68 records=360 errors=0
THERMAL gpu_temp_c=69 records=360 errors=0
THERMAL gpu_temp_c=69 records=360 errors=0
THERMAL gpu_temp_c=70 records=360 errors=0
THERMAL gpu_temp_c=69 records=360 errors=0
THERMAL gpu_temp_c=69 records=360 errors=0
THERMAL gpu_temp_c=68 records=364 errors=0
THERMAL gpu_temp_c=66 records=364 errors=0
THERMAL gpu_temp_c=70 records=364 errors=0
THERMAL gpu_temp_c=68 records=364 errors=0
THERMAL gpu_temp_c=68 records=364 errors=0
THERMAL gpu_temp_c=69 records=364 errors=0
THERMAL gpu_temp_c=69 records=364 errors=0
THERMAL gpu_temp_c=68 records=364 errors=0
THERMAL gpu_temp_c=69 records=364 errors=0
THERMAL gpu_temp_c=70 records=364 errors=0
THERMAL gpu_temp_c=68 records=368 errors=0
THERMAL gpu_temp_c=66 records=368 errors=0
THERMAL gpu_temp_c=65 records=368 errors=0
THERMAL gpu_temp_c=68 records=368 errors=0
THERMAL gpu_temp_c=68 records=368 errors=0
THERMAL gpu_temp_c=68 records=368 errors=0
THERMAL gpu_temp_c=69 records=368 errors=0
THERMAL gpu_temp_c=69 records=368 errors=0
THERMAL gpu_temp_c=69 records=368 errors=0
THERMAL gpu_temp_c=69 records=368 errors=0
THERMAL gpu_temp_c=69 records=368 errors=0
THERMAL gpu_temp_c=68 records=372 errors=0
THERMAL gpu_temp_c=66 records=372 errors=0
THERMAL gpu_temp_c=73 records=372 errors=0
THERMAL gpu_temp_c=68 records=372 errors=0
THERMAL gpu_temp_c=68 records=372 errors=0
THERMAL gpu_temp_c=69 records=372 errors=0
THERMAL gpu_temp_c=68 records=372 errors=0
THERMAL gpu_temp_c=69 records=372 errors=0
THERMAL gpu_temp_c=69 records=372 errors=0
THERMAL gpu_temp_c=69 records=372 errors=0
THERMAL gpu_temp_c=68 records=376 errors=0
THERMAL gpu_temp_c=66 records=376 errors=0
THERMAL gpu_temp_c=66 records=376 errors=0
THERMAL gpu_temp_c=69 records=376 errors=0
THERMAL gpu_temp_c=69 records=376 errors=0
THERMAL gpu_temp_c=68 records=376 errors=0
THERMAL gpu_temp_c=69 records=376 errors=0
THERMAL gpu_temp_c=69 records=376 errors=0
THERMAL gpu_temp_c=69 records=376 errors=0
THERMAL gpu_temp_c=69 records=376 errors=0
THERMAL gpu_temp_c=69 records=376 errors=0
THERMAL gpu_temp_c=67 records=380 errors=0
THERMAL gpu_temp_c=66 records=380 errors=0
THERMAL gpu_temp_c=69 records=380 errors=0
THERMAL gpu_temp_c=68 records=380 errors=0
THERMAL gpu_temp_c=69 records=380 errors=0
THERMAL gpu_temp_c=69 records=380 errors=0
THERMAL gpu_temp_c=69 records=380 errors=0
THERMAL gpu_temp_c=69 records=380 errors=0
THERMAL gpu_temp_c=69 records=380 errors=0
THERMAL gpu_temp_c=69 records=384 errors=0
THERMAL gpu_temp_c=66 records=384 errors=0
THERMAL gpu_temp_c=65 records=384 errors=0
THERMAL gpu_temp_c=68 records=384 errors=0
THERMAL gpu_temp_c=68 records=384 errors=0
THERMAL gpu_temp_c=68 records=384 errors=0
THERMAL gpu_temp_c=68 records=384 errors=0
THERMAL gpu_temp_c=69 records=384 errors=0
THERMAL gpu_temp_c=69 records=384 errors=0
THERMAL gpu_temp_c=69 records=384 errors=0
THERMAL gpu_temp_c=69 records=384 errors=0
THERMAL gpu_temp_c=68 records=388 errors=0
THERMAL gpu_temp_c=66 records=388 errors=0
THERMAL gpu_temp_c=72 records=388 errors=0
THERMAL gpu_temp_c=68 records=388 errors=0
THERMAL gpu_temp_c=68 records=388 errors=0
THERMAL gpu_temp_c=69 records=388 errors=0
THERMAL gpu_temp_c=69 records=388 errors=0
THERMAL gpu_temp_c=69 records=388 errors=0
THERMAL gpu_temp_c=69 records=388 errors=0
THERMAL gpu_temp_c=69 records=388 errors=0
THERMAL gpu_temp_c=68 records=392 errors=0
THERMAL gpu_temp_c=66 records=392 errors=0
THERMAL gpu_temp_c=72 records=392 errors=0
THERMAL gpu_temp_c=68 records=392 errors=0
THERMAL gpu_temp_c=68 records=392 errors=0
THERMAL gpu_temp_c=68 records=392 errors=0
THERMAL gpu_temp_c=69 records=392 errors=0
THERMAL gpu_temp_c=68 records=392 errors=0
THERMAL gpu_temp_c=69 records=392 errors=0
THERMAL gpu_temp_c=69 records=392 errors=0
THERMAL gpu_temp_c=68 records=396 errors=0
THERMAL gpu_temp_c=66 records=396 errors=0
THERMAL gpu_temp_c=71 records=396 errors=0
THERMAL gpu_temp_c=68 records=396 errors=0
THERMAL gpu_temp_c=68 records=396 errors=0
THERMAL gpu_temp_c=68 records=396 errors=0
THERMAL gpu_temp_c=69 records=396 errors=0
THERMAL gpu_temp_c=69 records=396 errors=0
THERMAL gpu_temp_c=69 records=396 errors=0
THERMAL gpu_temp_c=69 records=396 errors=0
THERMAL gpu_temp_c=69 records=396 errors=0
THERMAL gpu_temp_c=68 records=400 errors=0
THERMAL gpu_temp_c=67 records=400 errors=0
THERMAL gpu_temp_c=73 records=400 errors=0
THERMAL gpu_temp_c=69 records=400 errors=0
THERMAL gpu_temp_c=69 records=400 errors=0
THERMAL gpu_temp_c=68 records=400 errors=0
THERMAL gpu_temp_c=69 records=400 errors=0
THERMAL gpu_temp_c=69 records=400 errors=0
THERMAL gpu_temp_c=69 records=400 errors=0
THERMAL gpu_temp_c=69 records=400 errors=0
THERMAL gpu_temp_c=69 records=400 errors=0
THERMAL gpu_temp_c=68 records=404 errors=0
THERMAL gpu_temp_c=66 records=404 errors=0
THERMAL gpu_temp_c=70 records=404 errors=0
THERMAL gpu_temp_c=68 records=404 errors=0
THERMAL gpu_temp_c=68 records=404 errors=0
THERMAL gpu_temp_c=68 records=404 errors=0
THERMAL gpu_temp_c=69 records=404 errors=0
THERMAL gpu_temp_c=69 records=404 errors=0
THERMAL gpu_temp_c=69 records=404 errors=0
THERMAL gpu_temp_c=69 records=404 errors=0
THERMAL gpu_temp_c=69 records=404 errors=0
THERMAL gpu_temp_c=68 records=408 errors=0
THERMAL gpu_temp_c=66 records=408 errors=0
THERMAL gpu_temp_c=70 records=408 errors=0
THERMAL gpu_temp_c=69 records=408 errors=0
THERMAL gpu_temp_c=69 records=408 errors=0
THERMAL gpu_temp_c=68 records=408 errors=0
THERMAL gpu_temp_c=69 records=408 errors=0
THERMAL gpu_temp_c=69 records=408 errors=0
THERMAL gpu_temp_c=68 records=408 errors=0
THERMAL gpu_temp_c=69 records=408 errors=0
THERMAL gpu_temp_c=68 records=412 errors=0
THERMAL gpu_temp_c=66 records=412 errors=0
THERMAL gpu_temp_c=71 records=412 errors=0
THERMAL gpu_temp_c=68 records=412 errors=0
THERMAL gpu_temp_c=68 records=412 errors=0
THERMAL gpu_temp_c=68 records=412 errors=0
THERMAL gpu_temp_c=69 records=412 errors=0
THERMAL gpu_temp_c=69 records=412 errors=0
THERMAL gpu_temp_c=69 records=412 errors=0
THERMAL gpu_temp_c=69 records=412 errors=0
THERMAL gpu_temp_c=69 records=412 errors=0
THERMAL gpu_temp_c=68 records=416 errors=0
THERMAL gpu_temp_c=66 records=416 errors=0
THERMAL gpu_temp_c=71 records=416 errors=0
THERMAL gpu_temp_c=69 records=416 errors=0
THERMAL gpu_temp_c=69 records=416 errors=0
THERMAL gpu_temp_c=68 records=416 errors=0
THERMAL gpu_temp_c=69 records=416 errors=0
THERMAL gpu_temp_c=69 records=416 errors=0
THERMAL gpu_temp_c=69 records=416 errors=0
THERMAL gpu_temp_c=69 records=416 errors=0
THERMAL gpu_temp_c=69 records=420 errors=0
THERMAL gpu_temp_c=67 records=420 errors=0
THERMAL gpu_temp_c=66 records=420 errors=0
THERMAL gpu_temp_c=69 records=420 errors=0
THERMAL gpu_temp_c=68 records=420 errors=0
THERMAL gpu_temp_c=69 records=420 errors=0
THERMAL gpu_temp_c=69 records=420 errors=0
THERMAL gpu_temp_c=69 records=420 errors=0
THERMAL gpu_temp_c=69 records=420 errors=0
THERMAL gpu_temp_c=69 records=420 errors=0
THERMAL gpu_temp_c=69 records=420 errors=0
THERMAL gpu_temp_c=68 records=424 errors=0
THERMAL gpu_temp_c=67 records=424 errors=0
THERMAL gpu_temp_c=71 records=424 errors=0
THERMAL gpu_temp_c=68 records=424 errors=0
THERMAL gpu_temp_c=68 records=424 errors=0
THERMAL gpu_temp_c=69 records=424 errors=0
THERMAL gpu_temp_c=69 records=424 errors=0
THERMAL gpu_temp_c=69 records=424 errors=0
THERMAL gpu_temp_c=69 records=424 errors=0
THERMAL gpu_temp_c=69 records=424 errors=0
THERMAL gpu_temp_c=69 records=424 errors=0
THERMAL gpu_temp_c=69 records=428 errors=0
THERMAL gpu_temp_c=66 records=428 errors=0
THERMAL gpu_temp_c=65 records=428 errors=0
THERMAL gpu_temp_c=68 records=428 errors=0
THERMAL gpu_temp_c=68 records=428 errors=0
THERMAL gpu_temp_c=69 records=428 errors=0
THERMAL gpu_temp_c=68 records=428 errors=0
THERMAL gpu_temp_c=69 records=428 errors=0
THERMAL gpu_temp_c=69 records=428 errors=0
THERMAL gpu_temp_c=69 records=428 errors=0
THERMAL gpu_temp_c=69 records=428 errors=0
THERMAL gpu_temp_c=68 records=432 errors=0
THERMAL gpu_temp_c=67 records=432 errors=0
THERMAL gpu_temp_c=72 records=432 errors=0
THERMAL gpu_temp_c=69 records=432 errors=0
THERMAL gpu_temp_c=69 records=432 errors=0
THERMAL gpu_temp_c=69 records=432 errors=0
THERMAL gpu_temp_c=69 records=432 errors=0
THERMAL gpu_temp_c=69 records=432 errors=0
THERMAL gpu_temp_c=69 records=432 errors=0
THERMAL gpu_temp_c=69 records=432 errors=0
THERMAL gpu_temp_c=69 records=432 errors=0
THERMAL gpu_temp_c=68 records=436 errors=0
THERMAL gpu_temp_c=67 records=436 errors=0
THERMAL gpu_temp_c=72 records=436 errors=0
THERMAL gpu_temp_c=69 records=436 errors=0
THERMAL gpu_temp_c=69 records=436 errors=0
THERMAL gpu_temp_c=69 records=436 errors=0
THERMAL gpu_temp_c=68 records=436 errors=0
THERMAL gpu_temp_c=68 records=436 errors=0
THERMAL gpu_temp_c=69 records=436 errors=0
THERMAL gpu_temp_c=69 records=436 errors=0
THERMAL gpu_temp_c=69 records=436 errors=0
THERMAL gpu_temp_c=67 records=440 errors=0
THERMAL gpu_temp_c=66 records=440 errors=0
THERMAL gpu_temp_c=69 records=440 errors=0
THERMAL gpu_temp_c=68 records=440 errors=0
THERMAL gpu_temp_c=68 records=440 errors=0
THERMAL gpu_temp_c=68 records=440 errors=0
THERMAL gpu_temp_c=69 records=440 errors=0
THERMAL gpu_temp_c=69 records=440 errors=0
THERMAL gpu_temp_c=69 records=440 errors=0
THERMAL gpu_temp_c=69 records=440 errors=0
THERMAL gpu_temp_c=67 records=444 errors=0
THERMAL gpu_temp_c=66 records=444 errors=0
THERMAL gpu_temp_c=69 records=444 errors=0
THERMAL gpu_temp_c=68 records=444 errors=0
THERMAL gpu_temp_c=68 records=444 errors=0
THERMAL gpu_temp_c=68 records=444 errors=0
THERMAL gpu_temp_c=69 records=444 errors=0
THERMAL gpu_temp_c=69 records=444 errors=0
THERMAL gpu_temp_c=69 records=444 errors=0
THERMAL gpu_temp_c=69 records=444 errors=0
THERMAL gpu_temp_c=68 records=448 errors=0
THERMAL gpu_temp_c=67 records=448 errors=0
THERMAL gpu_temp_c=65 records=448 errors=0
THERMAL gpu_temp_c=69 records=448 errors=0
THERMAL gpu_temp_c=68 records=448 errors=0
THERMAL gpu_temp_c=69 records=448 errors=0
THERMAL gpu_temp_c=69 records=448 errors=0
THERMAL gpu_temp_c=69 records=448 errors=0
THERMAL gpu_temp_c=69 records=448 errors=0
THERMAL gpu_temp_c=69 records=448 errors=0
THERMAL gpu_temp_c=69 records=448 errors=0
THERMAL gpu_temp_c=67 records=452 errors=0
THERMAL gpu_temp_c=66 records=452 errors=0
THERMAL gpu_temp_c=71 records=452 errors=0
THERMAL gpu_temp_c=69 records=452 errors=0
THERMAL gpu_temp_c=69 records=452 errors=0
THERMAL gpu_temp_c=69 records=452 errors=0
THERMAL gpu_temp_c=68 records=452 errors=0
THERMAL gpu_temp_c=69 records=452 errors=0
THERMAL gpu_temp_c=69 records=452 errors=0
THERMAL gpu_temp_c=69 records=452 errors=0
THERMAL gpu_temp_c=68 records=456 errors=0
THERMAL gpu_temp_c=66 records=456 errors=0
THERMAL gpu_temp_c=66 records=456 errors=0
THERMAL gpu_temp_c=68 records=456 errors=0
THERMAL gpu_temp_c=68 records=456 errors=0
THERMAL gpu_temp_c=68 records=456 errors=0
THERMAL gpu_temp_c=69 records=456 errors=0
THERMAL gpu_temp_c=69 records=456 errors=0
THERMAL gpu_temp_c=68 records=456 errors=0
THERMAL gpu_temp_c=69 records=456 errors=0
THERMAL gpu_temp_c=69 records=456 errors=0
THERMAL gpu_temp_c=68 records=460 errors=0
THERMAL gpu_temp_c=66 records=460 errors=0
THERMAL gpu_temp_c=65 records=460 errors=0
THERMAL gpu_temp_c=68 records=460 errors=0
THERMAL gpu_temp_c=68 records=460 errors=0
THERMAL gpu_temp_c=68 records=460 errors=0
THERMAL gpu_temp_c=69 records=460 errors=0
THERMAL gpu_temp_c=68 records=460 errors=0
THERMAL gpu_temp_c=69 records=460 errors=0
THERMAL gpu_temp_c=69 records=460 errors=0
THERMAL gpu_temp_c=68 records=464 errors=0
THERMAL gpu_temp_c=66 records=464 errors=0
THERMAL gpu_temp_c=66 records=464 errors=0
THERMAL gpu_temp_c=68 records=464 errors=0
THERMAL gpu_temp_c=68 records=464 errors=0
THERMAL gpu_temp_c=68 records=464 errors=0
THERMAL gpu_temp_c=68 records=464 errors=0
THERMAL gpu_temp_c=69 records=464 errors=0
THERMAL gpu_temp_c=69 records=464 errors=0
THERMAL gpu_temp_c=69 records=464 errors=0
THERMAL gpu_temp_c=69 records=464 errors=0
THERMAL gpu_temp_c=67 records=468 errors=0
THERMAL gpu_temp_c=66 records=468 errors=0
THERMAL gpu_temp_c=69 records=468 errors=0
THERMAL gpu_temp_c=68 records=468 errors=0
THERMAL gpu_temp_c=68 records=468 errors=0
THERMAL gpu_temp_c=69 records=468 errors=0
THERMAL gpu_temp_c=69 records=468 errors=0
THERMAL gpu_temp_c=69 records=468 errors=0
THERMAL gpu_temp_c=69 records=468 errors=0
THERMAL gpu_temp_c=69 records=468 errors=0
THERMAL gpu_temp_c=68 records=472 errors=0
THERMAL gpu_temp_c=66 records=472 errors=0
THERMAL gpu_temp_c=69 records=472 errors=0
THERMAL gpu_temp_c=69 records=472 errors=0
THERMAL gpu_temp_c=69 records=472 errors=0
THERMAL gpu_temp_c=68 records=472 errors=0
THERMAL gpu_temp_c=70 records=472 errors=0
THERMAL gpu_temp_c=69 records=472 errors=0
THERMAL gpu_temp_c=69 records=472 errors=0
THERMAL gpu_temp_c=69 records=472 errors=0
THERMAL gpu_temp_c=68 records=476 errors=0
THERMAL gpu_temp_c=67 records=476 errors=0
THERMAL gpu_temp_c=65 records=476 errors=0
THERMAL gpu_temp_c=68 records=476 errors=0
THERMAL gpu_temp_c=68 records=476 errors=0
THERMAL gpu_temp_c=68 records=476 errors=0
THERMAL gpu_temp_c=68 records=476 errors=0
THERMAL gpu_temp_c=69 records=476 errors=0
THERMAL gpu_temp_c=69 records=476 errors=0
THERMAL gpu_temp_c=69 records=476 errors=0
THERMAL gpu_temp_c=69 records=476 errors=0
THERMAL gpu_temp_c=68 records=480 errors=0
THERMAL gpu_temp_c=66 records=480 errors=0
THERMAL gpu_temp_c=72 records=480 errors=0
THERMAL gpu_temp_c=68 records=480 errors=0
THERMAL gpu_temp_c=68 records=480 errors=0
THERMAL gpu_temp_c=69 records=480 errors=0
THERMAL gpu_temp_c=69 records=480 errors=0
THERMAL gpu_temp_c=69 records=480 errors=0
THERMAL gpu_temp_c=68 records=480 errors=0
THERMAL gpu_temp_c=69 records=480 errors=0
THERMAL gpu_temp_c=69 records=480 errors=0
THERMAL gpu_temp_c=67 records=484 errors=0
THERMAL gpu_temp_c=66 records=484 errors=0
THERMAL gpu_temp_c=71 records=484 errors=0
THERMAL gpu_temp_c=69 records=484 errors=0
THERMAL gpu_temp_c=68 records=484 errors=0
THERMAL gpu_temp_c=68 records=484 errors=0
THERMAL gpu_temp_c=69 records=484 errors=0
THERMAL gpu_temp_c=69 records=484 errors=0
THERMAL gpu_temp_c=69 records=484 errors=0
THERMAL gpu_temp_c=69 records=484 errors=0
THERMAL gpu_temp_c=67 records=488 errors=0
THERMAL gpu_temp_c=65 records=488 errors=0
THERMAL gpu_temp_c=69 records=488 errors=0
THERMAL gpu_temp_c=69 records=488 errors=0
THERMAL gpu_temp_c=68 records=488 errors=0
THERMAL gpu_temp_c=69 records=488 errors=0
THERMAL gpu_temp_c=69 records=488 errors=0
THERMAL gpu_temp_c=68 records=488 errors=0
THERMAL gpu_temp_c=69 records=488 errors=0
THERMAL gpu_temp_c=69 records=488 errors=0
THERMAL gpu_temp_c=68 records=492 errors=0
THERMAL gpu_temp_c=66 records=492 errors=0
THERMAL gpu_temp_c=72 records=492 errors=0
THERMAL gpu_temp_c=68 records=492 errors=0
THERMAL gpu_temp_c=68 records=492 errors=0
THERMAL gpu_temp_c=68 records=492 errors=0
THERMAL gpu_temp_c=69 records=492 errors=0
THERMAL gpu_temp_c=69 records=492 errors=0
THERMAL gpu_temp_c=69 records=492 errors=0
THERMAL gpu_temp_c=69 records=492 errors=0
THERMAL gpu_temp_c=69 records=492 errors=0
THERMAL gpu_temp_c=67 records=496 errors=0
THERMAL gpu_temp_c=65 records=496 errors=0
THERMAL gpu_temp_c=68 records=496 errors=0
THERMAL gpu_temp_c=68 records=496 errors=0
THERMAL gpu_temp_c=69 records=496 errors=0
THERMAL gpu_temp_c=69 records=496 errors=0
THERMAL gpu_temp_c=68 records=496 errors=0
THERMAL gpu_temp_c=69 records=496 errors=0
THERMAL gpu_temp_c=70 records=496 errors=0
THERMAL gpu_temp_c=68 records=500 errors=0
THERMAL gpu_temp_c=66 records=500 errors=0
THERMAL gpu_temp_c=66 records=500 errors=0
THERMAL gpu_temp_c=68 records=500 errors=0
THERMAL gpu_temp_c=68 records=500 errors=0
THERMAL gpu_temp_c=68 records=500 errors=0
THERMAL gpu_temp_c=69 records=500 errors=0
THERMAL gpu_temp_c=69 records=500 errors=0
THERMAL gpu_temp_c=69 records=500 errors=0
THERMAL gpu_temp_c=69 records=500 errors=0
THERMAL gpu_temp_c=69 records=500 errors=0
THERMAL gpu_temp_c=68 records=504 errors=0
THERMAL gpu_temp_c=66 records=504 errors=0
THERMAL gpu_temp_c=71 records=504 errors=0
THERMAL gpu_temp_c=68 records=504 errors=0
THERMAL gpu_temp_c=68 records=504 errors=0
THERMAL gpu_temp_c=68 records=504 errors=0
THERMAL gpu_temp_c=69 records=504 errors=0
THERMAL gpu_temp_c=69 records=504 errors=0
THERMAL gpu_temp_c=69 records=504 errors=0
THERMAL gpu_temp_c=69 records=504 errors=0
THERMAL gpu_temp_c=68 records=508 errors=0
THERMAL gpu_temp_c=67 records=508 errors=0
THERMAL gpu_temp_c=72 records=508 errors=0
THERMAL gpu_temp_c=69 records=508 errors=0
THERMAL gpu_temp_c=68 records=508 errors=0
THERMAL gpu_temp_c=68 records=508 errors=0
THERMAL gpu_temp_c=69 records=508 errors=0
THERMAL gpu_temp_c=69 records=508 errors=0
THERMAL gpu_temp_c=69 records=508 errors=0
THERMAL gpu_temp_c=69 records=508 errors=0
THERMAL gpu_temp_c=68 records=512 errors=0
THERMAL gpu_temp_c=66 records=512 errors=0
THERMAL gpu_temp_c=71 records=512 errors=0
THERMAL gpu_temp_c=68 records=512 errors=0
THERMAL gpu_temp_c=68 records=512 errors=0
THERMAL gpu_temp_c=69 records=512 errors=0
THERMAL gpu_temp_c=68 records=512 errors=0
THERMAL gpu_temp_c=69 records=512 errors=0
THERMAL gpu_temp_c=69 records=512 errors=0
THERMAL gpu_temp_c=69 records=512 errors=0
THERMAL gpu_temp_c=68 records=512 errors=0
THERMAL gpu_temp_c=68 records=516 errors=0
THERMAL gpu_temp_c=67 records=516 errors=0
THERMAL gpu_temp_c=72 records=516 errors=0
THERMAL gpu_temp_c=69 records=516 errors=0
THERMAL gpu_temp_c=68 records=516 errors=0
THERMAL gpu_temp_c=68 records=516 errors=0
THERMAL gpu_temp_c=69 records=516 errors=0
THERMAL gpu_temp_c=69 records=516 errors=0
THERMAL gpu_temp_c=69 records=516 errors=0
THERMAL gpu_temp_c=69 records=516 errors=0
THERMAL gpu_temp_c=69 records=520 errors=0
THERMAL gpu_temp_c=66 records=520 errors=0
THERMAL gpu_temp_c=65 records=520 errors=0
THERMAL gpu_temp_c=69 records=520 errors=0
THERMAL gpu_temp_c=69 records=520 errors=0
THERMAL gpu_temp_c=68 records=520 errors=0
THERMAL gpu_temp_c=68 records=520 errors=0
THERMAL gpu_temp_c=69 records=520 errors=0
THERMAL gpu_temp_c=69 records=520 errors=0
THERMAL gpu_temp_c=68 records=520 errors=0
THERMAL gpu_temp_c=68 records=524 errors=0
THERMAL gpu_temp_c=67 records=524 errors=0
THERMAL gpu_temp_c=65 records=524 errors=0
THERMAL gpu_temp_c=69 records=524 errors=0
THERMAL gpu_temp_c=68 records=524 errors=0
THERMAL gpu_temp_c=68 records=524 errors=0
THERMAL gpu_temp_c=69 records=524 errors=0
THERMAL gpu_temp_c=69 records=524 errors=0
THERMAL gpu_temp_c=69 records=524 errors=0
THERMAL gpu_temp_c=69 records=524 errors=0
THERMAL gpu_temp_c=69 records=524 errors=0
THERMAL gpu_temp_c=69 records=524 errors=0
THERMAL gpu_temp_c=67 records=528 errors=0
THERMAL gpu_temp_c=66 records=528 errors=0
THERMAL gpu_temp_c=69 records=528 errors=0
THERMAL gpu_temp_c=69 records=528 errors=0
THERMAL gpu_temp_c=69 records=528 errors=0
THERMAL gpu_temp_c=68 records=528 errors=0
THERMAL gpu_temp_c=69 records=528 errors=0
THERMAL gpu_temp_c=69 records=528 errors=0
THERMAL gpu_temp_c=69 records=528 errors=0
THERMAL gpu_temp_c=69 records=528 errors=0
THERMAL gpu_temp_c=68 records=532 errors=0
THERMAL gpu_temp_c=66 records=532 errors=0
THERMAL gpu_temp_c=71 records=532 errors=0
THERMAL gpu_temp_c=68 records=532 errors=0
THERMAL gpu_temp_c=69 records=532 errors=0
THERMAL gpu_temp_c=68 records=532 errors=0
THERMAL gpu_temp_c=68 records=532 errors=0
THERMAL gpu_temp_c=69 records=532 errors=0
THERMAL gpu_temp_c=69 records=532 errors=0
THERMAL gpu_temp_c=69 records=532 errors=0
THERMAL gpu_temp_c=68 records=536 errors=0
THERMAL gpu_temp_c=66 records=536 errors=0
THERMAL gpu_temp_c=71 records=536 errors=0
THERMAL gpu_temp_c=68 records=536 errors=0
THERMAL gpu_temp_c=68 records=536 errors=0
THERMAL gpu_temp_c=69 records=536 errors=0
THERMAL gpu_temp_c=68 records=536 errors=0
THERMAL gpu_temp_c=69 records=536 errors=0
THERMAL gpu_temp_c=69 records=536 errors=0
THERMAL gpu_temp_c=69 records=536 errors=0
THERMAL gpu_temp_c=68 records=540 errors=0
THERMAL gpu_temp_c=66 records=540 errors=0
THERMAL gpu_temp_c=66 records=540 errors=0
THERMAL gpu_temp_c=69 records=540 errors=0
THERMAL gpu_temp_c=68 records=540 errors=0
THERMAL gpu_temp_c=68 records=540 errors=0
THERMAL gpu_temp_c=69 records=540 errors=0
THERMAL gpu_temp_c=69 records=540 errors=0
THERMAL gpu_temp_c=69 records=540 errors=0
THERMAL gpu_temp_c=69 records=540 errors=0
THERMAL gpu_temp_c=70 records=540 errors=0
THERMAL gpu_temp_c=68 records=544 errors=0
THERMAL gpu_temp_c=66 records=544 errors=0
THERMAL gpu_temp_c=66 records=544 errors=0
THERMAL gpu_temp_c=69 records=544 errors=0
THERMAL gpu_temp_c=69 records=544 errors=0
THERMAL gpu_temp_c=68 records=544 errors=0
THERMAL gpu_temp_c=69 records=544 errors=0
THERMAL gpu_temp_c=69 records=544 errors=0
THERMAL gpu_temp_c=69 records=544 errors=0
THERMAL gpu_temp_c=69 records=544 errors=0
THERMAL gpu_temp_c=69 records=544 errors=0
THERMAL gpu_temp_c=68 records=548 errors=0
THERMAL gpu_temp_c=66 records=548 errors=0
THERMAL gpu_temp_c=71 records=548 errors=0
THERMAL gpu_temp_c=69 records=548 errors=0
THERMAL gpu_temp_c=68 records=548 errors=0
THERMAL gpu_temp_c=69 records=548 errors=0
THERMAL gpu_temp_c=68 records=548 errors=0
THERMAL gpu_temp_c=69 records=548 errors=0
THERMAL gpu_temp_c=69 records=548 errors=0
THERMAL gpu_temp_c=69 records=548 errors=0
THERMAL gpu_temp_c=67 records=552 errors=0
THERMAL gpu_temp_c=65 records=552 errors=0
THERMAL gpu_temp_c=69 records=552 errors=0
THERMAL gpu_temp_c=68 records=552 errors=0
THERMAL gpu_temp_c=69 records=552 errors=0
THERMAL gpu_temp_c=69 records=552 errors=0
THERMAL gpu_temp_c=69 records=552 errors=0
THERMAL gpu_temp_c=69 records=552 errors=0
THERMAL gpu_temp_c=69 records=552 errors=0
THERMAL gpu_temp_c=69 records=552 errors=0
THERMAL gpu_temp_c=68 records=556 errors=0
THERMAL gpu_temp_c=66 records=556 errors=0
THERMAL gpu_temp_c=71 records=556 errors=0
THERMAL gpu_temp_c=68 records=556 errors=0
THERMAL gpu_temp_c=68 records=556 errors=0
THERMAL gpu_temp_c=68 records=556 errors=0
THERMAL gpu_temp_c=69 records=556 errors=0
THERMAL gpu_temp_c=69 records=556 errors=0
THERMAL gpu_temp_c=69 records=556 errors=0
THERMAL gpu_temp_c=70 records=556 errors=0
THERMAL gpu_temp_c=68 records=560 errors=0
THERMAL gpu_temp_c=67 records=560 errors=0
THERMAL gpu_temp_c=72 records=560 errors=0
THERMAL gpu_temp_c=68 records=560 errors=0
THERMAL gpu_temp_c=69 records=560 errors=0
THERMAL gpu_temp_c=69 records=560 errors=0
THERMAL gpu_temp_c=69 records=560 errors=0
THERMAL gpu_temp_c=69 records=560 errors=0
THERMAL gpu_temp_c=70 records=560 errors=0
THERMAL gpu_temp_c=69 records=560 errors=0
THERMAL gpu_temp_c=69 records=560 errors=0
THERMAL gpu_temp_c=68 records=564 errors=0
THERMAL gpu_temp_c=67 records=564 errors=0
THERMAL gpu_temp_c=75 records=564 errors=0
THERMAL_STOP gpu_temp_c=75 records=564
COOLDOWN gpu_temp_c=72 time=2026-08-27T12:36:55.8710693+07:00
WARNING: Could not remove empty redirect log 
'D:\UIT\KLTN\runtime\ministral3_8b_challenger\logs\event_v3_8_full_wrapper_20260827_103133.stderr.log': Exception 
calling "Delete" with "1" argument(s): "The process cannot access the file 
'D:\UIT\KLTN\runtime\ministral3_8b_challenger\logs\event_v3_8_full_wrapper_20260827_103133.stderr.log' because it is 
being used by another process."
FULL_EXTRACTION_START pid=21680 records=564
THERMAL gpu_temp_c=69 records=564 errors=0
THERMAL gpu_temp_c=69 records=564 errors=0
THERMAL gpu_temp_c=69 records=564 errors=0
THERMAL gpu_temp_c=69 records=564 errors=0
THERMAL gpu_temp_c=69 records=564 errors=0
THERMAL gpu_temp_c=70 records=564 errors=0
THERMAL gpu_temp_c=69 records=564 errors=0
THERMAL gpu_temp_c=70 records=564 errors=0
THERMAL gpu_temp_c=69 records=564 errors=0
THERMAL gpu_temp_c=69 records=564 errors=0
THERMAL gpu_temp_c=68 records=568 errors=0
THERMAL gpu_temp_c=67 records=568 errors=0
THERMAL gpu_temp_c=66 records=568 errors=0
THERMAL gpu_temp_c=69 records=568 errors=0
THERMAL gpu_temp_c=69 records=568 errors=0
THERMAL gpu_temp_c=69 records=568 errors=0
THERMAL gpu_temp_c=69 records=568 errors=0
THERMAL gpu_temp_c=69 records=568 errors=0
THERMAL gpu_temp_c=69 records=568 errors=0
THERMAL gpu_temp_c=69 records=568 errors=0
THERMAL gpu_temp_c=68 records=572 errors=0
THERMAL gpu_temp_c=66 records=572 errors=0
THERMAL gpu_temp_c=73 records=572 errors=0
THERMAL gpu_temp_c=68 records=572 errors=0
THERMAL gpu_temp_c=69 records=572 errors=0
THERMAL gpu_temp_c=68 records=572 errors=0
THERMAL gpu_temp_c=69 records=572 errors=0
THERMAL gpu_temp_c=69 records=572 errors=0
THERMAL gpu_temp_c=69 records=572 errors=0
THERMAL gpu_temp_c=70 records=572 errors=0
THERMAL gpu_temp_c=67 records=576 errors=0
THERMAL gpu_temp_c=65 records=576 errors=0
THERMAL gpu_temp_c=68 records=576 errors=0
THERMAL gpu_temp_c=69 records=576 errors=0
THERMAL gpu_temp_c=68 records=576 errors=0
THERMAL gpu_temp_c=69 records=576 errors=0
THERMAL gpu_temp_c=69 records=576 errors=0
THERMAL gpu_temp_c=69 records=576 errors=0
THERMAL gpu_temp_c=69 records=576 errors=0
THERMAL gpu_temp_c=68 records=580 errors=0
THERMAL gpu_temp_c=66 records=580 errors=0
THERMAL gpu_temp_c=70 records=580 errors=0
THERMAL gpu_temp_c=69 records=580 errors=0
THERMAL gpu_temp_c=68 records=580 errors=0
THERMAL gpu_temp_c=69 records=580 errors=0
THERMAL gpu_temp_c=68 records=580 errors=0
THERMAL gpu_temp_c=69 records=580 errors=0
THERMAL gpu_temp_c=69 records=580 errors=0
THERMAL gpu_temp_c=69 records=580 errors=0
THERMAL gpu_temp_c=68 records=584 errors=0
THERMAL gpu_temp_c=66 records=584 errors=0
THERMAL gpu_temp_c=72 records=584 errors=0
THERMAL gpu_temp_c=68 records=584 errors=0
THERMAL gpu_temp_c=69 records=584 errors=0
THERMAL gpu_temp_c=69 records=584 errors=0
THERMAL gpu_temp_c=69 records=584 errors=0
THERMAL gpu_temp_c=69 records=584 errors=0
THERMAL gpu_temp_c=69 records=584 errors=0
THERMAL gpu_temp_c=70 records=584 errors=0
THERMAL gpu_temp_c=67 records=588 errors=0
THERMAL gpu_temp_c=65 records=588 errors=0
THERMAL gpu_temp_c=69 records=588 errors=0
THERMAL gpu_temp_c=68 records=588 errors=0
THERMAL gpu_temp_c=68 records=588 errors=0
THERMAL gpu_temp_c=69 records=588 errors=0
THERMAL gpu_temp_c=68 records=588 errors=0
THERMAL gpu_temp_c=69 records=588 errors=0
THERMAL gpu_temp_c=69 records=588 errors=0
THERMAL gpu_temp_c=69 records=588 errors=0
THERMAL gpu_temp_c=67 records=592 errors=0
THERMAL gpu_temp_c=66 records=592 errors=0
THERMAL gpu_temp_c=71 records=592 errors=0
THERMAL gpu_temp_c=69 records=592 errors=0
THERMAL gpu_temp_c=68 records=592 errors=0
THERMAL gpu_temp_c=69 records=592 errors=0
THERMAL gpu_temp_c=69 records=592 errors=0
THERMAL gpu_temp_c=69 records=592 errors=0
THERMAL gpu_temp_c=69 records=592 errors=0
THERMAL gpu_temp_c=70 records=592 errors=0
THERMAL gpu_temp_c=67 records=596 errors=0
THERMAL gpu_temp_c=65 records=596 errors=0
THERMAL gpu_temp_c=68 records=596 errors=0
THERMAL gpu_temp_c=68 records=596 errors=0
THERMAL gpu_temp_c=69 records=596 errors=0
THERMAL gpu_temp_c=69 records=596 errors=0
THERMAL gpu_temp_c=69 records=596 errors=0
THERMAL gpu_temp_c=69 records=596 errors=0
THERMAL gpu_temp_c=69 records=596 errors=0
THERMAL gpu_temp_c=67 records=600 errors=0
THERMAL gpu_temp_c=65 records=600 errors=0
THERMAL gpu_temp_c=70 records=600 errors=0
THERMAL gpu_temp_c=68 records=600 errors=0
THERMAL gpu_temp_c=68 records=600 errors=0
THERMAL gpu_temp_c=69 records=600 errors=0
THERMAL gpu_temp_c=69 records=600 errors=0
THERMAL gpu_temp_c=69 records=600 errors=0
THERMAL gpu_temp_c=69 records=600 errors=0
THERMAL gpu_temp_c=69 records=604 errors=0
THERMAL gpu_temp_c=66 records=604 errors=0
THERMAL gpu_temp_c=65 records=604 errors=0
THERMAL gpu_temp_c=68 records=604 errors=0
THERMAL gpu_temp_c=69 records=604 errors=0
THERMAL gpu_temp_c=68 records=604 errors=0
THERMAL gpu_temp_c=68 records=604 errors=0
THERMAL gpu_temp_c=69 records=604 errors=0
THERMAL gpu_temp_c=68 records=604 errors=0
THERMAL gpu_temp_c=69 records=604 errors=0
THERMAL gpu_temp_c=68 records=608 errors=0
THERMAL gpu_temp_c=66 records=608 errors=0
THERMAL gpu_temp_c=70 records=608 errors=0
THERMAL gpu_temp_c=69 records=608 errors=0
THERMAL gpu_temp_c=68 records=608 errors=0
THERMAL gpu_temp_c=68 records=608 errors=0
THERMAL gpu_temp_c=68 records=608 errors=0
THERMAL gpu_temp_c=69 records=608 errors=0
THERMAL gpu_temp_c=68 records=608 errors=0
THERMAL gpu_temp_c=69 records=608 errors=0
THERMAL gpu_temp_c=68 records=612 errors=0
THERMAL gpu_temp_c=66 records=612 errors=0
THERMAL gpu_temp_c=70 records=612 errors=0
THERMAL gpu_temp_c=68 records=612 errors=0
THERMAL gpu_temp_c=68 records=612 errors=0
THERMAL gpu_temp_c=68 records=612 errors=0
THERMAL gpu_temp_c=68 records=612 errors=0
THERMAL gpu_temp_c=68 records=612 errors=0
THERMAL gpu_temp_c=69 records=612 errors=0
THERMAL gpu_temp_c=69 records=612 errors=0
THERMAL gpu_temp_c=68 records=616 errors=0
THERMAL gpu_temp_c=66 records=616 errors=0
THERMAL gpu_temp_c=65 records=616 errors=0
THERMAL gpu_temp_c=68 records=616 errors=0
THERMAL gpu_temp_c=69 records=616 errors=0
THERMAL gpu_temp_c=68 records=616 errors=0
THERMAL gpu_temp_c=68 records=616 errors=0
THERMAL gpu_temp_c=68 records=616 errors=0
THERMAL gpu_temp_c=68 records=616 errors=0
THERMAL gpu_temp_c=69 records=616 errors=0
THERMAL gpu_temp_c=69 records=616 errors=0
THERMAL gpu_temp_c=67 records=620 errors=0
THERMAL gpu_temp_c=65 records=620 errors=0
THERMAL gpu_temp_c=68 records=620 errors=0
THERMAL gpu_temp_c=68 records=620 errors=0
THERMAL gpu_temp_c=68 records=620 errors=0
THERMAL gpu_temp_c=68 records=620 errors=0
THERMAL gpu_temp_c=68 records=620 errors=0
THERMAL gpu_temp_c=69 records=620 errors=0
THERMAL gpu_temp_c=69 records=620 errors=0
THERMAL gpu_temp_c=69 records=620 errors=0
THERMAL gpu_temp_c=67 records=624 errors=0
THERMAL gpu_temp_c=65 records=624 errors=0
THERMAL gpu_temp_c=68 records=624 errors=0
THERMAL gpu_temp_c=68 records=624 errors=0
THERMAL gpu_temp_c=68 records=624 errors=0
THERMAL gpu_temp_c=69 records=624 errors=0
THERMAL gpu_temp_c=69 records=624 errors=0
THERMAL gpu_temp_c=69 records=624 errors=0
THERMAL gpu_temp_c=69 records=624 errors=0
THERMAL gpu_temp_c=68 records=628 errors=0
THERMAL gpu_temp_c=66 records=628 errors=0
THERMAL gpu_temp_c=72 records=628 errors=0
THERMAL gpu_temp_c=68 records=628 errors=0
THERMAL gpu_temp_c=68 records=628 errors=0
THERMAL gpu_temp_c=68 records=628 errors=0
THERMAL gpu_temp_c=68 records=628 errors=0
THERMAL gpu_temp_c=68 records=628 errors=0
THERMAL gpu_temp_c=70 records=628 errors=0
THERMAL gpu_temp_c=69 records=628 errors=0
THERMAL gpu_temp_c=67 records=632 errors=0
THERMAL gpu_temp_c=65 records=632 errors=0
THERMAL gpu_temp_c=70 records=632 errors=0
THERMAL gpu_temp_c=68 records=632 errors=0
THERMAL gpu_temp_c=69 records=632 errors=0
THERMAL gpu_temp_c=68 records=632 errors=0
THERMAL gpu_temp_c=69 records=632 errors=0
THERMAL gpu_temp_c=68 records=632 errors=0
THERMAL gpu_temp_c=69 records=632 errors=0
THERMAL gpu_temp_c=68 records=636 errors=0
THERMAL gpu_temp_c=66 records=636 errors=0
THERMAL gpu_temp_c=65 records=636 errors=0
THERMAL gpu_temp_c=68 records=636 errors=0
THERMAL gpu_temp_c=68 records=636 errors=0
THERMAL gpu_temp_c=68 records=636 errors=0
THERMAL gpu_temp_c=69 records=636 errors=0
THERMAL gpu_temp_c=69 records=636 errors=0
THERMAL gpu_temp_c=69 records=636 errors=0
THERMAL gpu_temp_c=69 records=636 errors=0
THERMAL gpu_temp_c=68 records=640 errors=0
THERMAL gpu_temp_c=66 records=640 errors=0
THERMAL gpu_temp_c=72 records=640 errors=0
THERMAL gpu_temp_c=68 records=640 errors=0
THERMAL gpu_temp_c=68 records=640 errors=0
THERMAL gpu_temp_c=68 records=640 errors=0
THERMAL gpu_temp_c=68 records=640 errors=0
THERMAL gpu_temp_c=69 records=640 errors=0
THERMAL gpu_temp_c=69 records=640 errors=0
THERMAL gpu_temp_c=69 records=640 errors=0
THERMAL gpu_temp_c=67 records=644 errors=0
THERMAL gpu_temp_c=66 records=644 errors=0
THERMAL gpu_temp_c=69 records=644 errors=0
THERMAL gpu_temp_c=68 records=644 errors=0
THERMAL gpu_temp_c=69 records=644 errors=0
THERMAL gpu_temp_c=68 records=644 errors=0
THERMAL gpu_temp_c=69 records=644 errors=0
THERMAL gpu_temp_c=69 records=644 errors=0
THERMAL gpu_temp_c=69 records=644 errors=0
THERMAL gpu_temp_c=69 records=644 errors=0
THERMAL gpu_temp_c=68 records=648 errors=0
THERMAL gpu_temp_c=66 records=648 errors=0
THERMAL gpu_temp_c=65 records=648 errors=0
THERMAL gpu_temp_c=68 records=648 errors=0
THERMAL gpu_temp_c=68 records=648 errors=0
THERMAL gpu_temp_c=69 records=648 errors=0
THERMAL gpu_temp_c=69 records=648 errors=0
THERMAL gpu_temp_c=68 records=648 errors=0
THERMAL gpu_temp_c=69 records=648 errors=0
THERMAL gpu_temp_c=69 records=648 errors=0
THERMAL gpu_temp_c=68 records=652 errors=0
THERMAL gpu_temp_c=66 records=652 errors=0
THERMAL gpu_temp_c=70 records=652 errors=0
THERMAL gpu_temp_c=68 records=652 errors=0
THERMAL gpu_temp_c=68 records=652 errors=0
THERMAL gpu_temp_c=69 records=652 errors=0
THERMAL gpu_temp_c=69 records=652 errors=0
THERMAL gpu_temp_c=69 records=652 errors=0
THERMAL gpu_temp_c=69 records=652 errors=0
THERMAL gpu_temp_c=69 records=656 errors=0
THERMAL gpu_temp_c=66 records=656 errors=0
THERMAL gpu_temp_c=65 records=656 errors=0
THERMAL gpu_temp_c=69 records=656 errors=0
THERMAL gpu_temp_c=68 records=656 errors=0
THERMAL gpu_temp_c=68 records=656 errors=0
THERMAL gpu_temp_c=69 records=656 errors=0
THERMAL gpu_temp_c=70 records=656 errors=0
THERMAL gpu_temp_c=69 records=656 errors=0
THERMAL gpu_temp_c=69 records=656 errors=0
THERMAL gpu_temp_c=68 records=660 errors=0
THERMAL gpu_temp_c=66 records=660 errors=0
THERMAL gpu_temp_c=70 records=660 errors=0
THERMAL gpu_temp_c=68 records=660 errors=0
THERMAL gpu_temp_c=69 records=660 errors=0
THERMAL gpu_temp_c=69 records=660 errors=0
THERMAL gpu_temp_c=68 records=660 errors=0
THERMAL gpu_temp_c=69 records=660 errors=0
THERMAL gpu_temp_c=69 records=660 errors=0
THERMAL gpu_temp_c=69 records=660 errors=0
THERMAL gpu_temp_c=68 records=664 errors=0
THERMAL gpu_temp_c=66 records=664 errors=0
THERMAL gpu_temp_c=70 records=664 errors=0
THERMAL gpu_temp_c=68 records=664 errors=0
THERMAL gpu_temp_c=68 records=664 errors=0
THERMAL gpu_temp_c=69 records=664 errors=0
THERMAL gpu_temp_c=69 records=664 errors=0
THERMAL gpu_temp_c=69 records=664 errors=0
THERMAL gpu_temp_c=69 records=664 errors=0
THERMAL gpu_temp_c=69 records=664 errors=0
THERMAL gpu_temp_c=67 records=668 errors=0
THERMAL gpu_temp_c=65 records=668 errors=0
THERMAL gpu_temp_c=69 records=668 errors=0
THERMAL gpu_temp_c=68 records=668 errors=0
THERMAL gpu_temp_c=68 records=668 errors=0
THERMAL gpu_temp_c=69 records=668 errors=0
THERMAL gpu_temp_c=69 records=668 errors=0
THERMAL gpu_temp_c=69 records=668 errors=0
THERMAL gpu_temp_c=69 records=668 errors=0
THERMAL gpu_temp_c=69 records=668 errors=0
THERMAL gpu_temp_c=68 records=672 errors=0
THERMAL gpu_temp_c=66 records=672 errors=0
THERMAL gpu_temp_c=69 records=672 errors=0
THERMAL gpu_temp_c=68 records=672 errors=0
THERMAL gpu_temp_c=69 records=672 errors=0
THERMAL gpu_temp_c=69 records=672 errors=0
THERMAL gpu_temp_c=69 records=672 errors=0
THERMAL gpu_temp_c=69 records=672 errors=0
THERMAL gpu_temp_c=69 records=672 errors=0
THERMAL gpu_temp_c=69 records=672 errors=0
THERMAL gpu_temp_c=67 records=676 errors=0
THERMAL gpu_temp_c=66 records=676 errors=0
THERMAL gpu_temp_c=71 records=676 errors=0
THERMAL gpu_temp_c=68 records=676 errors=0
THERMAL gpu_temp_c=69 records=676 errors=0
THERMAL gpu_temp_c=69 records=676 errors=0
THERMAL gpu_temp_c=69 records=676 errors=0
THERMAL gpu_temp_c=69 records=676 errors=0
THERMAL gpu_temp_c=70 records=676 errors=0
THERMAL gpu_temp_c=69 records=676 errors=0
THERMAL gpu_temp_c=67 records=680 errors=0
THERMAL gpu_temp_c=66 records=680 errors=0
THERMAL gpu_temp_c=68 records=680 errors=0
THERMAL gpu_temp_c=68 records=680 errors=0
THERMAL gpu_temp_c=69 records=680 errors=0
THERMAL gpu_temp_c=68 records=680 errors=0
THERMAL gpu_temp_c=69 records=680 errors=0
THERMAL gpu_temp_c=69 records=680 errors=0
THERMAL gpu_temp_c=69 records=680 errors=0
THERMAL gpu_temp_c=69 records=680 errors=0
THERMAL gpu_temp_c=67 records=684 errors=0
THERMAL gpu_temp_c=65 records=684 errors=0
THERMAL gpu_temp_c=68 records=684 errors=0
THERMAL gpu_temp_c=68 records=684 errors=0
THERMAL gpu_temp_c=69 records=684 errors=0
THERMAL gpu_temp_c=69 records=684 errors=0
THERMAL gpu_temp_c=69 records=684 errors=0
THERMAL gpu_temp_c=69 records=684 errors=0
THERMAL gpu_temp_c=69 records=684 errors=0
THERMAL gpu_temp_c=69 records=684 errors=0
THERMAL gpu_temp_c=67 records=688 errors=0
THERMAL gpu_temp_c=66 records=688 errors=0
THERMAL gpu_temp_c=71 records=688 errors=0
THERMAL gpu_temp_c=68 records=688 errors=0
THERMAL gpu_temp_c=68 records=688 errors=0
THERMAL gpu_temp_c=68 records=688 errors=0
THERMAL gpu_temp_c=69 records=688 errors=0
THERMAL gpu_temp_c=68 records=688 errors=0
THERMAL gpu_temp_c=69 records=688 errors=0
THERMAL gpu_temp_c=68 records=692 errors=0
THERMAL gpu_temp_c=66 records=692 errors=0
THERMAL gpu_temp_c=72 records=692 errors=0
THERMAL gpu_temp_c=68 records=692 errors=0
THERMAL gpu_temp_c=68 records=692 errors=0
THERMAL gpu_temp_c=68 records=692 errors=0
THERMAL gpu_temp_c=68 records=692 errors=0
THERMAL gpu_temp_c=69 records=692 errors=0
THERMAL gpu_temp_c=69 records=692 errors=0
THERMAL gpu_temp_c=69 records=692 errors=0
THERMAL gpu_temp_c=68 records=696 errors=0
THERMAL gpu_temp_c=66 records=696 errors=0
THERMAL gpu_temp_c=72 records=696 errors=0
THERMAL gpu_temp_c=68 records=696 errors=0
THERMAL gpu_temp_c=69 records=696 errors=0
THERMAL gpu_temp_c=68 records=696 errors=0
THERMAL gpu_temp_c=68 records=696 errors=0
THERMAL gpu_temp_c=68 records=696 errors=0
THERMAL gpu_temp_c=69 records=696 errors=0
THERMAL gpu_temp_c=69 records=696 errors=0
THERMAL gpu_temp_c=69 records=696 errors=0
THERMAL gpu_temp_c=68 records=700 errors=0
THERMAL gpu_temp_c=67 records=700 errors=0
THERMAL gpu_temp_c=72 records=700 errors=0
THERMAL gpu_temp_c=69 records=700 errors=0
THERMAL gpu_temp_c=69 records=700 errors=0
THERMAL gpu_temp_c=69 records=700 errors=0
THERMAL gpu_temp_c=69 records=700 errors=0
THERMAL gpu_temp_c=69 records=700 errors=0
THERMAL gpu_temp_c=69 records=700 errors=0
THERMAL gpu_temp_c=70 records=700 errors=0
THERMAL gpu_temp_c=70 records=700 errors=0
THERMAL gpu_temp_c=68 records=704 errors=0
THERMAL gpu_temp_c=66 records=704 errors=0
THERMAL gpu_temp_c=70 records=704 errors=0
THERMAL gpu_temp_c=69 records=704 errors=0
THERMAL gpu_temp_c=69 records=704 errors=0
THERMAL gpu_temp_c=69 records=704 errors=0
THERMAL gpu_temp_c=70 records=704 errors=0
THERMAL gpu_temp_c=69 records=704 errors=0
THERMAL gpu_temp_c=69 records=704 errors=0
THERMAL gpu_temp_c=70 records=704 errors=0
THERMAL gpu_temp_c=67 records=708 errors=0
THERMAL gpu_temp_c=65 records=708 errors=0
THERMAL gpu_temp_c=69 records=708 errors=0
THERMAL gpu_temp_c=69 records=708 errors=0
THERMAL gpu_temp_c=69 records=708 errors=0
THERMAL gpu_temp_c=69 records=708 errors=0
THERMAL gpu_temp_c=69 records=708 errors=0
THERMAL gpu_temp_c=69 records=708 errors=0
THERMAL gpu_temp_c=69 records=708 errors=0
THERMAL gpu_temp_c=68 records=712 errors=0
THERMAL gpu_temp_c=66 records=712 errors=0
THERMAL gpu_temp_c=73 records=712 errors=0
THERMAL gpu_temp_c=69 records=712 errors=0
THERMAL gpu_temp_c=68 records=712 errors=0
THERMAL gpu_temp_c=68 records=712 errors=0
THERMAL gpu_temp_c=68 records=712 errors=0
THERMAL gpu_temp_c=69 records=712 errors=0
THERMAL gpu_temp_c=69 records=712 errors=0
THERMAL gpu_temp_c=69 records=712 errors=0
THERMAL gpu_temp_c=68 records=716 errors=0
THERMAL gpu_temp_c=66 records=716 errors=0
THERMAL gpu_temp_c=71 records=716 errors=0
THERMAL gpu_temp_c=68 records=716 errors=0
THERMAL gpu_temp_c=68 records=716 errors=0
THERMAL gpu_temp_c=69 records=716 errors=0
THERMAL gpu_temp_c=69 records=716 errors=0
THERMAL gpu_temp_c=69 records=716 errors=0
THERMAL gpu_temp_c=69 records=716 errors=0
THERMAL gpu_temp_c=69 records=716 errors=0
THERMAL gpu_temp_c=68 records=720 errors=0
THERMAL gpu_temp_c=66 records=720 errors=0
THERMAL gpu_temp_c=71 records=720 errors=0
THERMAL gpu_temp_c=68 records=720 errors=0
THERMAL gpu_temp_c=69 records=720 errors=0
THERMAL gpu_temp_c=69 records=720 errors=0
THERMAL gpu_temp_c=69 records=720 errors=0
THERMAL gpu_temp_c=69 records=720 errors=0
THERMAL gpu_temp_c=69 records=720 errors=0
THERMAL gpu_temp_c=69 records=720 errors=0
THERMAL gpu_temp_c=68 records=724 errors=0
THERMAL gpu_temp_c=66 records=724 errors=0
THERMAL gpu_temp_c=73 records=724 errors=0
THERMAL gpu_temp_c=69 records=724 errors=0
THERMAL gpu_temp_c=68 records=724 errors=0
THERMAL gpu_temp_c=69 records=724 errors=0
THERMAL gpu_temp_c=69 records=724 errors=0
THERMAL gpu_temp_c=69 records=724 errors=0
THERMAL gpu_temp_c=69 records=724 errors=0
THERMAL gpu_temp_c=69 records=724 errors=0
THERMAL gpu_temp_c=67 records=728 errors=0
THERMAL gpu_temp_c=66 records=728 errors=0
THERMAL gpu_temp_c=69 records=728 errors=0
THERMAL gpu_temp_c=68 records=728 errors=0
THERMAL gpu_temp_c=68 records=728 errors=0
THERMAL gpu_temp_c=69 records=728 errors=0
THERMAL gpu_temp_c=69 records=728 errors=0
THERMAL gpu_temp_c=69 records=728 errors=0
THERMAL gpu_temp_c=70 records=728 errors=0
THERMAL gpu_temp_c=69 records=728 errors=0
THERMAL gpu_temp_c=68 records=732 errors=0
THERMAL gpu_temp_c=66 records=732 errors=0
THERMAL gpu_temp_c=70 records=732 errors=0
THERMAL gpu_temp_c=69 records=732 errors=0
THERMAL gpu_temp_c=69 records=732 errors=0
THERMAL gpu_temp_c=69 records=732 errors=0
THERMAL gpu_temp_c=69 records=732 errors=0
THERMAL gpu_temp_c=69 records=732 errors=0
THERMAL gpu_temp_c=69 records=732 errors=0
THERMAL gpu_temp_c=70 records=732 errors=0
THERMAL gpu_temp_c=69 records=732 errors=0
THERMAL gpu_temp_c=67 records=736 errors=0
THERMAL gpu_temp_c=66 records=736 errors=0
THERMAL gpu_temp_c=69 records=736 errors=0
THERMAL gpu_temp_c=68 records=736 errors=0
THERMAL gpu_temp_c=69 records=736 errors=0
THERMAL gpu_temp_c=70 records=736 errors=0
THERMAL gpu_temp_c=69 records=736 errors=0
THERMAL gpu_temp_c=69 records=736 errors=0
THERMAL gpu_temp_c=69 records=736 errors=0
THERMAL gpu_temp_c=68 records=740 errors=0
THERMAL gpu_temp_c=66 records=740 errors=0
THERMAL gpu_temp_c=71 records=740 errors=0
THERMAL gpu_temp_c=69 records=740 errors=0
THERMAL gpu_temp_c=68 records=740 errors=0
THERMAL gpu_temp_c=69 records=740 errors=0
THERMAL gpu_temp_c=69 records=740 errors=0
THERMAL gpu_temp_c=70 records=740 errors=0
THERMAL gpu_temp_c=69 records=740 errors=0
THERMAL gpu_temp_c=69 records=740 errors=0
THERMAL gpu_temp_c=68 records=744 errors=0
THERMAL gpu_temp_c=66 records=744 errors=0
THERMAL gpu_temp_c=71 records=744 errors=0
THERMAL gpu_temp_c=68 records=744 errors=0
THERMAL gpu_temp_c=69 records=744 errors=0
THERMAL gpu_temp_c=69 records=744 errors=0
THERMAL gpu_temp_c=69 records=744 errors=0
THERMAL gpu_temp_c=69 records=744 errors=0
THERMAL gpu_temp_c=69 records=744 errors=0
THERMAL gpu_temp_c=70 records=744 errors=0
THERMAL gpu_temp_c=68 records=748 errors=0
THERMAL gpu_temp_c=66 records=748 errors=0
THERMAL gpu_temp_c=71 records=748 errors=0
THERMAL gpu_temp_c=68 records=748 errors=0
THERMAL gpu_temp_c=68 records=748 errors=0
THERMAL gpu_temp_c=69 records=748 errors=0
THERMAL gpu_temp_c=69 records=748 errors=0
THERMAL gpu_temp_c=69 records=748 errors=0
THERMAL gpu_temp_c=69 records=748 errors=0
THERMAL gpu_temp_c=69 records=748 errors=0
THERMAL gpu_temp_c=68 records=752 errors=0
THERMAL gpu_temp_c=66 records=752 errors=0
THERMAL gpu_temp_c=72 records=752 errors=0
THERMAL gpu_temp_c=69 records=752 errors=0
THERMAL gpu_temp_c=68 records=752 errors=0
THERMAL gpu_temp_c=69 records=752 errors=0
THERMAL gpu_temp_c=69 records=752 errors=0
THERMAL gpu_temp_c=68 records=752 errors=0
THERMAL gpu_temp_c=69 records=752 errors=0
THERMAL gpu_temp_c=69 records=752 errors=0
THERMAL gpu_temp_c=69 records=752 errors=0
THERMAL gpu_temp_c=67 records=756 errors=0
THERMAL gpu_temp_c=66 records=756 errors=0
THERMAL gpu_temp_c=68 records=756 errors=0
THERMAL gpu_temp_c=68 records=756 errors=0
THERMAL gpu_temp_c=68 records=756 errors=0
THERMAL gpu_temp_c=68 records=756 errors=0
THERMAL gpu_temp_c=69 records=756 errors=0
THERMAL gpu_temp_c=69 records=756 errors=0
THERMAL gpu_temp_c=69 records=756 errors=0
THERMAL gpu_temp_c=68 records=760 errors=0
THERMAL gpu_temp_c=66 records=760 errors=0
THERMAL gpu_temp_c=71 records=760 errors=0
THERMAL gpu_temp_c=68 records=760 errors=0
THERMAL gpu_temp_c=68 records=760 errors=0
THERMAL gpu_temp_c=69 records=760 errors=0
THERMAL gpu_temp_c=69 records=760 errors=0
THERMAL gpu_temp_c=69 records=760 errors=0
THERMAL gpu_temp_c=70 records=760 errors=0
THERMAL gpu_temp_c=69 records=760 errors=0
THERMAL gpu_temp_c=69 records=760 errors=0
THERMAL gpu_temp_c=67 records=764 errors=0
THERMAL gpu_temp_c=66 records=764 errors=0
THERMAL gpu_temp_c=68 records=764 errors=0
THERMAL gpu_temp_c=68 records=764 errors=0
THERMAL gpu_temp_c=68 records=764 errors=0
THERMAL gpu_temp_c=69 records=764 errors=0
THERMAL gpu_temp_c=68 records=764 errors=0
THERMAL gpu_temp_c=69 records=764 errors=0
THERMAL gpu_temp_c=69 records=764 errors=0
THERMAL gpu_temp_c=68 records=768 errors=0
THERMAL gpu_temp_c=66 records=768 errors=0
THERMAL gpu_temp_c=66 records=768 errors=0
THERMAL gpu_temp_c=68 records=768 errors=0
THERMAL gpu_temp_c=68 records=768 errors=0
THERMAL gpu_temp_c=68 records=768 errors=0
THERMAL gpu_temp_c=69 records=768 errors=0
THERMAL gpu_temp_c=69 records=768 errors=0
THERMAL gpu_temp_c=69 records=768 errors=0
THERMAL gpu_temp_c=69 records=768 errors=0
THERMAL gpu_temp_c=69 records=768 errors=0
THERMAL gpu_temp_c=68 records=772 errors=0
THERMAL gpu_temp_c=66 records=772 errors=0
THERMAL gpu_temp_c=71 records=772 errors=0
THERMAL gpu_temp_c=68 records=772 errors=0
THERMAL gpu_temp_c=69 records=772 errors=0
THERMAL gpu_temp_c=69 records=772 errors=0
THERMAL gpu_temp_c=69 records=772 errors=0
THERMAL gpu_temp_c=69 records=772 errors=0
THERMAL gpu_temp_c=69 records=772 errors=0
THERMAL gpu_temp_c=69 records=772 errors=0
THERMAL gpu_temp_c=69 records=772 errors=0
THERMAL gpu_temp_c=67 records=776 errors=0
THERMAL gpu_temp_c=66 records=776 errors=0
THERMAL gpu_temp_c=69 records=776 errors=0
THERMAL gpu_temp_c=68 records=776 errors=0
THERMAL gpu_temp_c=69 records=776 errors=0
THERMAL gpu_temp_c=69 records=776 errors=0
THERMAL gpu_temp_c=69 records=776 errors=0
THERMAL gpu_temp_c=69 records=776 errors=0
THERMAL gpu_temp_c=69 records=776 errors=0
THERMAL gpu_temp_c=70 records=776 errors=0
THERMAL gpu_temp_c=68 records=780 errors=0
THERMAL gpu_temp_c=67 records=780 errors=0
THERMAL gpu_temp_c=75 records=780 errors=0
THERMAL_STOP gpu_temp_c=75 records=780
COOLDOWN gpu_temp_c=71 time=2026-08-27T13:23:10.3512437+07:00
WARNING: Could not remove empty redirect log 
'D:\UIT\KLTN\runtime\ministral3_8b_challenger\logs\event_v3_8_full_wrapper_20260827_103133.stderr.log': Exception 
calling "Delete" with "1" argument(s): "The process cannot access the file 
'D:\UIT\KLTN\runtime\ministral3_8b_challenger\logs\event_v3_8_full_wrapper_20260827_103133.stderr.log' because it is 
being used by another process."
FULL_EXTRACTION_START pid=46880 records=780
THERMAL gpu_temp_c=69 records=780 errors=0
THERMAL gpu_temp_c=74 records=780 errors=0
THERMAL gpu_temp_c=69 records=780 errors=0
THERMAL gpu_temp_c=69 records=780 errors=0
THERMAL gpu_temp_c=70 records=780 errors=0
THERMAL gpu_temp_c=69 records=780 errors=0
THERMAL gpu_temp_c=69 records=780 errors=0
THERMAL gpu_temp_c=70 records=780 errors=0
THERMAL gpu_temp_c=70 records=780 errors=0
THERMAL gpu_temp_c=67 records=784 errors=0
THERMAL gpu_temp_c=66 records=784 errors=0
THERMAL gpu_temp_c=68 records=784 errors=0
THERMAL gpu_temp_c=68 records=784 errors=0
THERMAL gpu_temp_c=68 records=784 errors=0
THERMAL gpu_temp_c=69 records=784 errors=0
THERMAL gpu_temp_c=69 records=784 errors=0
THERMAL gpu_temp_c=69 records=784 errors=0
THERMAL gpu_temp_c=69 records=784 errors=0
THERMAL gpu_temp_c=69 records=784 errors=0
THERMAL gpu_temp_c=70 records=788 errors=0
THERMAL gpu_temp_c=67 records=788 errors=0
THERMAL gpu_temp_c=65 records=788 errors=0
THERMAL gpu_temp_c=69 records=788 errors=0
THERMAL gpu_temp_c=69 records=788 errors=0
THERMAL gpu_temp_c=69 records=788 errors=0
THERMAL gpu_temp_c=69 records=788 errors=0
THERMAL gpu_temp_c=69 records=788 errors=0
THERMAL gpu_temp_c=69 records=788 errors=0
THERMAL gpu_temp_c=69 records=788 errors=0
THERMAL gpu_temp_c=67 records=792 errors=0
THERMAL gpu_temp_c=66 records=792 errors=0
THERMAL gpu_temp_c=69 records=792 errors=0
THERMAL gpu_temp_c=68 records=792 errors=0
THERMAL gpu_temp_c=68 records=792 errors=0
THERMAL gpu_temp_c=69 records=792 errors=0
THERMAL gpu_temp_c=69 records=792 errors=0
THERMAL gpu_temp_c=69 records=792 errors=0
THERMAL gpu_temp_c=70 records=792 errors=0
THERMAL gpu_temp_c=70 records=792 errors=0
THERMAL gpu_temp_c=68 records=796 errors=0
THERMAL gpu_temp_c=66 records=796 errors=0
THERMAL gpu_temp_c=72 records=796 errors=0
THERMAL gpu_temp_c=68 records=796 errors=0
THERMAL gpu_temp_c=69 records=796 errors=0
THERMAL gpu_temp_c=68 records=796 errors=0
THERMAL gpu_temp_c=69 records=796 errors=0
THERMAL gpu_temp_c=69 records=796 errors=0
THERMAL gpu_temp_c=69 records=796 errors=0
THERMAL gpu_temp_c=69 records=796 errors=0
THERMAL gpu_temp_c=68 records=800 errors=0
THERMAL gpu_temp_c=66 records=800 errors=0
THERMAL gpu_temp_c=70 records=800 errors=0
THERMAL gpu_temp_c=68 records=800 errors=0
THERMAL gpu_temp_c=69 records=800 errors=0
THERMAL gpu_temp_c=69 records=800 errors=0
THERMAL gpu_temp_c=69 records=800 errors=0
THERMAL gpu_temp_c=69 records=800 errors=0
THERMAL gpu_temp_c=70 records=800 errors=0
THERMAL gpu_temp_c=69 records=800 errors=0
THERMAL gpu_temp_c=67 records=804 errors=0
THERMAL gpu_temp_c=66 records=804 errors=0
THERMAL gpu_temp_c=70 records=804 errors=0
THERMAL gpu_temp_c=68 records=804 errors=0
THERMAL gpu_temp_c=68 records=804 errors=0
THERMAL gpu_temp_c=69 records=804 errors=0
THERMAL gpu_temp_c=69 records=804 errors=0
THERMAL gpu_temp_c=69 records=804 errors=0
THERMAL gpu_temp_c=69 records=804 errors=0
THERMAL gpu_temp_c=68 records=808 errors=0
THERMAL gpu_temp_c=67 records=808 errors=0
THERMAL gpu_temp_c=65 records=808 errors=0
THERMAL gpu_temp_c=69 records=808 errors=0
THERMAL gpu_temp_c=68 records=808 errors=0
THERMAL gpu_temp_c=69 records=808 errors=0
THERMAL gpu_temp_c=69 records=808 errors=0
THERMAL gpu_temp_c=69 records=808 errors=0
THERMAL gpu_temp_c=69 records=808 errors=0
THERMAL gpu_temp_c=69 records=808 errors=0
THERMAL gpu_temp_c=69 records=808 errors=0
THERMAL gpu_temp_c=68 records=812 errors=0
THERMAL gpu_temp_c=66 records=812 errors=0
THERMAL gpu_temp_c=69 records=812 errors=0
THERMAL gpu_temp_c=68 records=812 errors=0
THERMAL gpu_temp_c=68 records=812 errors=0
THERMAL gpu_temp_c=69 records=812 errors=0
THERMAL gpu_temp_c=70 records=812 errors=0
THERMAL gpu_temp_c=69 records=812 errors=0
THERMAL gpu_temp_c=70 records=812 errors=0
THERMAL gpu_temp_c=69 records=812 errors=0
THERMAL gpu_temp_c=67 records=816 errors=0
THERMAL gpu_temp_c=65 records=816 errors=0
THERMAL gpu_temp_c=69 records=816 errors=0
THERMAL gpu_temp_c=69 records=816 errors=0
THERMAL gpu_temp_c=68 records=816 errors=0
THERMAL gpu_temp_c=69 records=816 errors=0
THERMAL gpu_temp_c=69 records=816 errors=0
THERMAL gpu_temp_c=70 records=816 errors=0
THERMAL gpu_temp_c=69 records=816 errors=0
THERMAL gpu_temp_c=70 records=816 errors=0
THERMAL gpu_temp_c=67 records=820 errors=0
THERMAL gpu_temp_c=65 records=820 errors=0
THERMAL gpu_temp_c=69 records=820 errors=0
THERMAL gpu_temp_c=68 records=820 errors=0
THERMAL gpu_temp_c=68 records=820 errors=0
THERMAL gpu_temp_c=68 records=820 errors=0
THERMAL gpu_temp_c=69 records=820 errors=0
THERMAL gpu_temp_c=69 records=820 errors=0
THERMAL gpu_temp_c=70 records=820 errors=0
THERMAL gpu_temp_c=68 records=824 errors=0
THERMAL gpu_temp_c=66 records=824 errors=0
THERMAL gpu_temp_c=71 records=824 errors=0
THERMAL gpu_temp_c=69 records=824 errors=0
THERMAL gpu_temp_c=68 records=824 errors=0
THERMAL gpu_temp_c=69 records=824 errors=0
THERMAL gpu_temp_c=68 records=824 errors=0
THERMAL gpu_temp_c=69 records=824 errors=0
THERMAL gpu_temp_c=69 records=824 errors=0
THERMAL gpu_temp_c=70 records=824 errors=0
THERMAL gpu_temp_c=67 records=828 errors=0
THERMAL gpu_temp_c=66 records=828 errors=0
THERMAL gpu_temp_c=69 records=828 errors=0
THERMAL gpu_temp_c=69 records=828 errors=0
THERMAL gpu_temp_c=68 records=828 errors=0
THERMAL gpu_temp_c=68 records=828 errors=0
THERMAL gpu_temp_c=69 records=828 errors=0
THERMAL gpu_temp_c=69 records=828 errors=0
THERMAL gpu_temp_c=69 records=828 errors=0
THERMAL gpu_temp_c=68 records=832 errors=0
THERMAL gpu_temp_c=66 records=832 errors=0
THERMAL gpu_temp_c=66 records=832 errors=0
THERMAL gpu_temp_c=69 records=832 errors=0
THERMAL gpu_temp_c=68 records=832 errors=0
THERMAL gpu_temp_c=69 records=832 errors=0
THERMAL gpu_temp_c=69 records=832 errors=0
THERMAL gpu_temp_c=69 records=832 errors=0
THERMAL gpu_temp_c=69 records=832 errors=0
THERMAL gpu_temp_c=70 records=832 errors=0
THERMAL gpu_temp_c=69 records=836 errors=0
THERMAL gpu_temp_c=66 records=836 errors=0
THERMAL gpu_temp_c=65 records=836 errors=0
THERMAL gpu_temp_c=68 records=836 errors=0
THERMAL gpu_temp_c=68 records=836 errors=0
THERMAL gpu_temp_c=69 records=836 errors=0
THERMAL gpu_temp_c=68 records=836 errors=0
THERMAL gpu_temp_c=69 records=836 errors=0
THERMAL gpu_temp_c=69 records=836 errors=0
THERMAL gpu_temp_c=69 records=836 errors=0
THERMAL gpu_temp_c=68 records=840 errors=0
THERMAL gpu_temp_c=67 records=840 errors=0
THERMAL gpu_temp_c=66 records=840 errors=0
THERMAL gpu_temp_c=68 records=840 errors=0
THERMAL gpu_temp_c=68 records=840 errors=0
THERMAL gpu_temp_c=68 records=840 errors=0
THERMAL gpu_temp_c=69 records=840 errors=0
THERMAL gpu_temp_c=68 records=840 errors=0
THERMAL gpu_temp_c=69 records=840 errors=0
THERMAL gpu_temp_c=70 records=840 errors=0
THERMAL gpu_temp_c=69 records=840 errors=0
THERMAL gpu_temp_c=69 records=844 errors=0
THERMAL gpu_temp_c=67 records=844 errors=0
THERMAL gpu_temp_c=66 records=844 errors=0
THERMAL gpu_temp_c=69 records=844 errors=0
THERMAL gpu_temp_c=68 records=844 errors=0
THERMAL gpu_temp_c=69 records=844 errors=0
THERMAL gpu_temp_c=69 records=844 errors=0
THERMAL gpu_temp_c=69 records=844 errors=0
THERMAL gpu_temp_c=69 records=844 errors=0
THERMAL gpu_temp_c=69 records=844 errors=0
THERMAL gpu_temp_c=70 records=844 errors=0
THERMAL gpu_temp_c=67 records=848 errors=0
THERMAL gpu_temp_c=66 records=848 errors=0
THERMAL gpu_temp_c=69 records=848 errors=0
THERMAL gpu_temp_c=68 records=848 errors=0
THERMAL gpu_temp_c=69 records=848 errors=0
THERMAL gpu_temp_c=69 records=848 errors=0
THERMAL gpu_temp_c=69 records=848 errors=0
THERMAL gpu_temp_c=69 records=848 errors=0
THERMAL gpu_temp_c=69 records=848 errors=0
THERMAL gpu_temp_c=68 records=852 errors=0
THERMAL gpu_temp_c=67 records=852 errors=0
THERMAL gpu_temp_c=73 records=852 errors=0
THERMAL gpu_temp_c=68 records=852 errors=0
THERMAL gpu_temp_c=69 records=852 errors=0
THERMAL gpu_temp_c=69 records=852 errors=0
THERMAL gpu_temp_c=69 records=852 errors=0
THERMAL gpu_temp_c=69 records=852 errors=0
THERMAL gpu_temp_c=69 records=852 errors=0
THERMAL gpu_temp_c=69 records=852 errors=0
THERMAL gpu_temp_c=70 records=852 errors=0
THERMAL gpu_temp_c=68 records=856 errors=0
THERMAL gpu_temp_c=66 records=856 errors=0
THERMAL gpu_temp_c=70 records=856 errors=0
THERMAL gpu_temp_c=68 records=856 errors=0
THERMAL gpu_temp_c=69 records=856 errors=0
THERMAL gpu_temp_c=69 records=856 errors=0
THERMAL gpu_temp_c=69 records=856 errors=0
THERMAL gpu_temp_c=69 records=856 errors=0
THERMAL gpu_temp_c=69 records=856 errors=0
THERMAL gpu_temp_c=70 records=856 errors=0
THERMAL gpu_temp_c=68 records=860 errors=0
THERMAL gpu_temp_c=66 records=860 errors=0
THERMAL gpu_temp_c=70 records=860 errors=0
THERMAL gpu_temp_c=68 records=860 errors=0
THERMAL gpu_temp_c=69 records=860 errors=0
THERMAL gpu_temp_c=69 records=860 errors=0
THERMAL gpu_temp_c=69 records=860 errors=0
THERMAL gpu_temp_c=69 records=860 errors=0
THERMAL gpu_temp_c=70 records=860 errors=0
THERMAL gpu_temp_c=69 records=864 errors=0
THERMAL gpu_temp_c=67 records=864 errors=0
THERMAL gpu_temp_c=66 records=864 errors=0
THERMAL gpu_temp_c=69 records=864 errors=0
THERMAL gpu_temp_c=69 records=864 errors=0
THERMAL gpu_temp_c=69 records=864 errors=0
THERMAL gpu_temp_c=69 records=864 errors=0
THERMAL gpu_temp_c=70 records=864 errors=0
THERMAL gpu_temp_c=70 records=864 errors=0
THERMAL gpu_temp_c=69 records=864 errors=0
THERMAL gpu_temp_c=69 records=868 errors=0
THERMAL gpu_temp_c=67 records=868 errors=0
THERMAL gpu_temp_c=66 records=868 errors=0
THERMAL gpu_temp_c=69 records=868 errors=0
THERMAL gpu_temp_c=69 records=868 errors=0
THERMAL gpu_temp_c=69 records=868 errors=0
THERMAL gpu_temp_c=69 records=868 errors=0
THERMAL gpu_temp_c=70 records=868 errors=0
THERMAL gpu_temp_c=70 records=868 errors=0
THERMAL gpu_temp_c=70 records=868 errors=0
THERMAL gpu_temp_c=69 records=872 errors=0
THERMAL gpu_temp_c=67 records=872 errors=0
THERMAL gpu_temp_c=72 records=872 errors=0
THERMAL gpu_temp_c=68 records=872 errors=0
THERMAL gpu_temp_c=69 records=872 errors=0
THERMAL gpu_temp_c=69 records=872 errors=0
THERMAL gpu_temp_c=69 records=872 errors=0
THERMAL gpu_temp_c=69 records=872 errors=0
THERMAL gpu_temp_c=69 records=872 errors=0
THERMAL gpu_temp_c=70 records=872 errors=0
THERMAL gpu_temp_c=69 records=876 errors=0
THERMAL gpu_temp_c=67 records=876 errors=0
THERMAL gpu_temp_c=66 records=876 errors=0
THERMAL gpu_temp_c=69 records=876 errors=0
THERMAL gpu_temp_c=69 records=876 errors=0
THERMAL gpu_temp_c=69 records=876 errors=0
THERMAL gpu_temp_c=69 records=876 errors=0
THERMAL gpu_temp_c=70 records=876 errors=0
THERMAL gpu_temp_c=70 records=876 errors=0
THERMAL gpu_temp_c=70 records=876 errors=0
THERMAL gpu_temp_c=69 records=880 errors=0
THERMAL gpu_temp_c=67 records=880 errors=0
THERMAL gpu_temp_c=66 records=880 errors=0
THERMAL gpu_temp_c=69 records=880 errors=0
THERMAL gpu_temp_c=70 records=880 errors=0
THERMAL gpu_temp_c=69 records=880 errors=0
THERMAL gpu_temp_c=69 records=880 errors=0
THERMAL gpu_temp_c=69 records=880 errors=0
THERMAL gpu_temp_c=70 records=880 errors=0
THERMAL gpu_temp_c=70 records=880 errors=0
THERMAL gpu_temp_c=70 records=880 errors=0
THERMAL gpu_temp_c=68 records=884 errors=0
THERMAL gpu_temp_c=66 records=884 errors=0
THERMAL gpu_temp_c=69 records=884 errors=0
THERMAL gpu_temp_c=69 records=884 errors=0
THERMAL gpu_temp_c=70 records=884 errors=0
THERMAL gpu_temp_c=69 records=884 errors=0
THERMAL gpu_temp_c=69 records=884 errors=0
THERMAL gpu_temp_c=69 records=884 errors=0
THERMAL gpu_temp_c=70 records=884 errors=0
THERMAL gpu_temp_c=69 records=888 errors=0
THERMAL gpu_temp_c=67 records=888 errors=0
THERMAL gpu_temp_c=66 records=888 errors=0
THERMAL gpu_temp_c=69 records=888 errors=0
THERMAL gpu_temp_c=69 records=888 errors=0
THERMAL gpu_temp_c=70 records=888 errors=0
THERMAL gpu_temp_c=70 records=888 errors=0
THERMAL gpu_temp_c=69 records=888 errors=0
THERMAL gpu_temp_c=70 records=888 errors=0
THERMAL gpu_temp_c=70 records=888 errors=0
THERMAL gpu_temp_c=69 records=892 errors=0
THERMAL gpu_temp_c=67 records=892 errors=0
THERMAL gpu_temp_c=72 records=892 errors=0
THERMAL gpu_temp_c=69 records=892 errors=0
THERMAL gpu_temp_c=70 records=892 errors=0
THERMAL gpu_temp_c=69 records=892 errors=0
THERMAL gpu_temp_c=69 records=892 errors=0
THERMAL gpu_temp_c=70 records=892 errors=0
THERMAL gpu_temp_c=70 records=892 errors=0
THERMAL gpu_temp_c=70 records=892 errors=0
THERMAL gpu_temp_c=70 records=892 errors=0
THERMAL gpu_temp_c=68 records=896 errors=0
THERMAL gpu_temp_c=66 records=896 errors=0
THERMAL gpu_temp_c=69 records=896 errors=0
THERMAL gpu_temp_c=69 records=896 errors=0
THERMAL gpu_temp_c=69 records=896 errors=0
THERMAL gpu_temp_c=70 records=896 errors=0
THERMAL gpu_temp_c=69 records=896 errors=0
THERMAL gpu_temp_c=70 records=896 errors=0
THERMAL gpu_temp_c=69 records=896 errors=0
THERMAL gpu_temp_c=70 records=896 errors=0
THERMAL gpu_temp_c=69 records=900 errors=0
THERMAL gpu_temp_c=67 records=900 errors=0
THERMAL gpu_temp_c=72 records=900 errors=0
THERMAL gpu_temp_c=69 records=900 errors=0
THERMAL gpu_temp_c=70 records=900 errors=0
THERMAL gpu_temp_c=69 records=900 errors=0
THERMAL gpu_temp_c=70 records=900 errors=0
THERMAL gpu_temp_c=69 records=900 errors=0
THERMAL gpu_temp_c=70 records=900 errors=0
THERMAL gpu_temp_c=70 records=900 errors=0
THERMAL gpu_temp_c=68 records=904 errors=0
THERMAL gpu_temp_c=66 records=904 errors=0
THERMAL gpu_temp_c=69 records=904 errors=0
THERMAL gpu_temp_c=68 records=904 errors=0
THERMAL gpu_temp_c=69 records=904 errors=0
THERMAL gpu_temp_c=70 records=904 errors=0
THERMAL gpu_temp_c=69 records=904 errors=0
THERMAL gpu_temp_c=69 records=904 errors=0
THERMAL gpu_temp_c=69 records=904 errors=0
THERMAL gpu_temp_c=70 records=904 errors=0
THERMAL gpu_temp_c=68 records=908 errors=0
THERMAL gpu_temp_c=66 records=908 errors=0
THERMAL gpu_temp_c=72 records=908 errors=0
THERMAL gpu_temp_c=69 records=908 errors=0
THERMAL gpu_temp_c=69 records=908 errors=0
THERMAL gpu_temp_c=70 records=908 errors=0
THERMAL gpu_temp_c=69 records=908 errors=0
THERMAL gpu_temp_c=69 records=908 errors=0
THERMAL gpu_temp_c=70 records=908 errors=0
THERMAL gpu_temp_c=70 records=908 errors=0
THERMAL gpu_temp_c=69 records=912 errors=0
THERMAL gpu_temp_c=67 records=912 errors=0
THERMAL gpu_temp_c=72 records=912 errors=0
THERMAL gpu_temp_c=69 records=912 errors=0
THERMAL gpu_temp_c=70 records=912 errors=0
THERMAL gpu_temp_c=69 records=912 errors=0
THERMAL gpu_temp_c=69 records=912 errors=0
THERMAL gpu_temp_c=69 records=912 errors=0
THERMAL gpu_temp_c=70 records=912 errors=0
THERMAL gpu_temp_c=69 records=912 errors=0
THERMAL gpu_temp_c=70 records=912 errors=0
THERMAL gpu_temp_c=68 records=916 errors=0
THERMAL gpu_temp_c=67 records=916 errors=0
THERMAL gpu_temp_c=70 records=916 errors=0
THERMAL gpu_temp_c=69 records=916 errors=0
THERMAL gpu_temp_c=70 records=916 errors=0
THERMAL gpu_temp_c=69 records=916 errors=0
THERMAL gpu_temp_c=69 records=916 errors=0
THERMAL gpu_temp_c=70 records=916 errors=0
THERMAL gpu_temp_c=70 records=916 errors=0
THERMAL gpu_temp_c=70 records=916 errors=0
THERMAL gpu_temp_c=69 records=920 errors=0
THERMAL gpu_temp_c=68 records=920 errors=0
THERMAL gpu_temp_c=74 records=920 errors=0
THERMAL gpu_temp_c=70 records=920 errors=0
THERMAL gpu_temp_c=70 records=920 errors=0
THERMAL gpu_temp_c=70 records=920 errors=0
THERMAL gpu_temp_c=70 records=920 errors=0
THERMAL gpu_temp_c=69 records=920 errors=0
THERMAL gpu_temp_c=69 records=920 errors=0
THERMAL gpu_temp_c=69 records=920 errors=0
THERMAL gpu_temp_c=68 records=924 errors=0
THERMAL gpu_temp_c=67 records=924 errors=0
THERMAL gpu_temp_c=73 records=924 errors=0
THERMAL gpu_temp_c=69 records=924 errors=0
THERMAL gpu_temp_c=70 records=924 errors=0
THERMAL gpu_temp_c=70 records=924 errors=0
THERMAL gpu_temp_c=70 records=924 errors=0
THERMAL gpu_temp_c=69 records=924 errors=0
THERMAL gpu_temp_c=70 records=924 errors=0
THERMAL gpu_temp_c=70 records=924 errors=0
THERMAL gpu_temp_c=69 records=928 errors=0
THERMAL gpu_temp_c=68 records=928 errors=0
THERMAL gpu_temp_c=67 records=928 errors=0
THERMAL gpu_temp_c=70 records=928 errors=0
THERMAL gpu_temp_c=69 records=928 errors=0
THERMAL gpu_temp_c=70 records=928 errors=0
THERMAL gpu_temp_c=70 records=928 errors=0
THERMAL gpu_temp_c=70 records=928 errors=0
THERMAL gpu_temp_c=70 records=928 errors=0
THERMAL gpu_temp_c=70 records=928 errors=0
THERMAL gpu_temp_c=70 records=928 errors=0
THERMAL gpu_temp_c=70 records=932 errors=0
THERMAL gpu_temp_c=68 records=932 errors=0
THERMAL gpu_temp_c=67 records=932 errors=0
THERMAL gpu_temp_c=70 records=932 errors=0
THERMAL gpu_temp_c=70 records=932 errors=0
THERMAL gpu_temp_c=70 records=932 errors=0
THERMAL gpu_temp_c=69 records=932 errors=0
THERMAL gpu_temp_c=70 records=932 errors=0
THERMAL gpu_temp_c=70 records=932 errors=0
THERMAL gpu_temp_c=70 records=932 errors=0
THERMAL gpu_temp_c=70 records=932 errors=0
THERMAL gpu_temp_c=69 records=936 errors=0
THERMAL gpu_temp_c=67 records=936 errors=0
THERMAL gpu_temp_c=72 records=936 errors=0
THERMAL gpu_temp_c=69 records=936 errors=0
THERMAL gpu_temp_c=69 records=936 errors=0
THERMAL gpu_temp_c=69 records=936 errors=0
THERMAL gpu_temp_c=69 records=936 errors=0
THERMAL gpu_temp_c=69 records=936 errors=0
THERMAL gpu_temp_c=69 records=936 errors=0
THERMAL gpu_temp_c=70 records=936 errors=0
THERMAL gpu_temp_c=70 records=936 errors=0
THERMAL gpu_temp_c=68 records=940 errors=0
THERMAL gpu_temp_c=67 records=940 errors=0
THERMAL gpu_temp_c=70 records=940 errors=0
THERMAL gpu_temp_c=69 records=940 errors=0
THERMAL gpu_temp_c=70 records=940 errors=0
THERMAL gpu_temp_c=69 records=940 errors=0
THERMAL gpu_temp_c=69 records=940 errors=0
THERMAL gpu_temp_c=70 records=940 errors=0
THERMAL gpu_temp_c=70 records=940 errors=0
THERMAL gpu_temp_c=70 records=940 errors=0
THERMAL gpu_temp_c=68 records=944 errors=0
THERMAL gpu_temp_c=67 records=944 errors=0
THERMAL gpu_temp_c=70 records=944 errors=0
THERMAL gpu_temp_c=69 records=944 errors=0
THERMAL gpu_temp_c=69 records=944 errors=0
THERMAL gpu_temp_c=70 records=944 errors=0
THERMAL gpu_temp_c=70 records=944 errors=0
THERMAL gpu_temp_c=70 records=944 errors=0
THERMAL gpu_temp_c=70 records=944 errors=0
THERMAL gpu_temp_c=70 records=944 errors=0
THERMAL gpu_temp_c=70 records=944 errors=0
THERMAL gpu_temp_c=68 records=948 errors=0
THERMAL gpu_temp_c=67 records=948 errors=0
THERMAL gpu_temp_c=69 records=948 errors=0
THERMAL gpu_temp_c=70 records=948 errors=0
THERMAL gpu_temp_c=69 records=948 errors=0
THERMAL gpu_temp_c=69 records=948 errors=0
THERMAL gpu_temp_c=70 records=948 errors=0
THERMAL gpu_temp_c=70 records=948 errors=0
THERMAL gpu_temp_c=70 records=948 errors=0
THERMAL gpu_temp_c=70 records=948 errors=0
THERMAL gpu_temp_c=69 records=952 errors=0
THERMAL gpu_temp_c=67 records=952 errors=0
THERMAL gpu_temp_c=70 records=952 errors=0
THERMAL gpu_temp_c=69 records=952 errors=0
THERMAL gpu_temp_c=70 records=952 errors=0
THERMAL gpu_temp_c=70 records=952 errors=0
THERMAL gpu_temp_c=70 records=952 errors=0
THERMAL gpu_temp_c=70 records=952 errors=0
THERMAL gpu_temp_c=70 records=952 errors=0
THERMAL gpu_temp_c=70 records=952 errors=0
THERMAL gpu_temp_c=71 records=952 errors=0
THERMAL gpu_temp_c=69 records=956 errors=0
THERMAL gpu_temp_c=68 records=956 errors=0
THERMAL gpu_temp_c=73 records=956 errors=0
THERMAL gpu_temp_c=69 records=956 errors=0
THERMAL gpu_temp_c=70 records=956 errors=0
THERMAL gpu_temp_c=70 records=956 errors=0
THERMAL gpu_temp_c=69 records=956 errors=0
THERMAL gpu_temp_c=70 records=956 errors=0
THERMAL gpu_temp_c=70 records=956 errors=0
THERMAL gpu_temp_c=70 records=956 errors=0
THERMAL gpu_temp_c=69 records=960 errors=0
THERMAL gpu_temp_c=67 records=960 errors=0
THERMAL gpu_temp_c=71 records=960 errors=0
THERMAL gpu_temp_c=70 records=960 errors=0
THERMAL gpu_temp_c=69 records=960 errors=0
THERMAL gpu_temp_c=70 records=960 errors=0
THERMAL gpu_temp_c=69 records=960 errors=0
THERMAL gpu_temp_c=70 records=960 errors=0
THERMAL gpu_temp_c=70 records=960 errors=0
THERMAL gpu_temp_c=70 records=960 errors=0
THERMAL gpu_temp_c=70 records=960 errors=0
THERMAL gpu_temp_c=69 records=964 errors=0
THERMAL gpu_temp_c=67 records=964 errors=0
THERMAL gpu_temp_c=73 records=964 errors=0
THERMAL gpu_temp_c=70 records=964 errors=0
THERMAL gpu_temp_c=69 records=964 errors=0
THERMAL gpu_temp_c=69 records=964 errors=0
THERMAL gpu_temp_c=69 records=964 errors=0
THERMAL gpu_temp_c=70 records=964 errors=0
THERMAL gpu_temp_c=70 records=964 errors=0
THERMAL gpu_temp_c=70 records=964 errors=0
THERMAL gpu_temp_c=68 records=968 errors=0
THERMAL gpu_temp_c=67 records=968 errors=0
THERMAL gpu_temp_c=71 records=968 errors=0
THERMAL gpu_temp_c=69 records=968 errors=0
THERMAL gpu_temp_c=69 records=968 errors=0
THERMAL gpu_temp_c=70 records=968 errors=0
THERMAL gpu_temp_c=69 records=968 errors=0
THERMAL gpu_temp_c=69 records=968 errors=0
THERMAL gpu_temp_c=70 records=968 errors=0
THERMAL gpu_temp_c=70 records=968 errors=0
THERMAL gpu_temp_c=70 records=972 errors=0
THERMAL gpu_temp_c=68 records=972 errors=0
THERMAL gpu_temp_c=67 records=972 errors=0
THERMAL gpu_temp_c=70 records=972 errors=0
THERMAL gpu_temp_c=70 records=972 errors=0
THERMAL gpu_temp_c=70 records=972 errors=0
THERMAL gpu_temp_c=70 records=972 errors=0
THERMAL gpu_temp_c=71 records=972 errors=0
THERMAL gpu_temp_c=70 records=972 errors=0
THERMAL gpu_temp_c=70 records=972 errors=0
THERMAL gpu_temp_c=70 records=972 errors=0
THERMAL gpu_temp_c=70 records=972 errors=0
THERMAL gpu_temp_c=70 records=976 errors=0
THERMAL gpu_temp_c=68 records=976 errors=0
THERMAL gpu_temp_c=68 records=976 errors=0
THERMAL gpu_temp_c=70 records=976 errors=0
THERMAL gpu_temp_c=70 records=976 errors=0
THERMAL gpu_temp_c=70 records=976 errors=0
THERMAL gpu_temp_c=70 records=976 errors=0
THERMAL gpu_temp_c=71 records=976 errors=0
THERMAL gpu_temp_c=71 records=976 errors=0
THERMAL gpu_temp_c=70 records=976 errors=0
THERMAL gpu_temp_c=70 records=976 errors=0
THERMAL gpu_temp_c=71 records=976 errors=0
THERMAL gpu_temp_c=69 records=980 errors=0
THERMAL gpu_temp_c=68 records=980 errors=0
THERMAL gpu_temp_c=73 records=980 errors=0
THERMAL gpu_temp_c=69 records=980 errors=0
THERMAL gpu_temp_c=69 records=980 errors=0
THERMAL gpu_temp_c=70 records=980 errors=0
THERMAL gpu_temp_c=70 records=980 errors=0
THERMAL gpu_temp_c=70 records=980 errors=0
THERMAL gpu_temp_c=70 records=980 errors=0
THERMAL gpu_temp_c=70 records=980 errors=0
THERMAL gpu_temp_c=70 records=980 errors=0
THERMAL gpu_temp_c=70 records=984 errors=0
THERMAL gpu_temp_c=68 records=984 errors=0
THERMAL gpu_temp_c=68 records=984 errors=0
THERMAL gpu_temp_c=70 records=984 errors=0
THERMAL gpu_temp_c=70 records=984 errors=0
THERMAL gpu_temp_c=70 records=984 errors=0
THERMAL gpu_temp_c=70 records=984 errors=0
THERMAL gpu_temp_c=70 records=984 errors=0
THERMAL gpu_temp_c=70 records=984 errors=0
THERMAL gpu_temp_c=70 records=984 errors=0
THERMAL gpu_temp_c=70 records=984 errors=0
THERMAL gpu_temp_c=69 records=988 errors=0
THERMAL gpu_temp_c=68 records=988 errors=0
THERMAL gpu_temp_c=71 records=988 errors=0
THERMAL gpu_temp_c=70 records=988 errors=0
THERMAL gpu_temp_c=70 records=988 errors=0
THERMAL gpu_temp_c=70 records=988 errors=0
THERMAL gpu_temp_c=70 records=988 errors=0
THERMAL gpu_temp_c=71 records=988 errors=0
THERMAL gpu_temp_c=70 records=988 errors=0
THERMAL gpu_temp_c=70 records=988 errors=0
THERMAL gpu_temp_c=71 records=988 errors=0
THERMAL gpu_temp_c=69 records=992 errors=0
THERMAL gpu_temp_c=68 records=992 errors=0
THERMAL gpu_temp_c=74 records=992 errors=0
THERMAL gpu_temp_c=69 records=992 errors=0
THERMAL gpu_temp_c=70 records=992 errors=0
THERMAL gpu_temp_c=70 records=992 errors=0
THERMAL gpu_temp_c=70 records=992 errors=0
THERMAL gpu_temp_c=70 records=992 errors=0
THERMAL gpu_temp_c=70 records=992 errors=0
THERMAL gpu_temp_c=70 records=992 errors=0
THERMAL gpu_temp_c=70 records=992 errors=0
THERMAL gpu_temp_c=68 records=996 errors=0
THERMAL gpu_temp_c=67 records=996 errors=0
THERMAL gpu_temp_c=71 records=996 errors=0
THERMAL gpu_temp_c=70 records=996 errors=0
THERMAL gpu_temp_c=69 records=996 errors=0
THERMAL gpu_temp_c=70 records=996 errors=0
THERMAL gpu_temp_c=70 records=996 errors=0
THERMAL gpu_temp_c=70 records=996 errors=0
THERMAL gpu_temp_c=70 records=996 errors=0
THERMAL gpu_temp_c=70 records=996 errors=0
THERMAL gpu_temp_c=69 records=1000 errors=0
THERMAL gpu_temp_c=67 records=1000 errors=0
THERMAL gpu_temp_c=71 records=1000 errors=0
THERMAL gpu_temp_c=69 records=1000 errors=0
THERMAL gpu_temp_c=69 records=1000 errors=0
THERMAL gpu_temp_c=70 records=1000 errors=0
THERMAL gpu_temp_c=70 records=1000 errors=0
THERMAL gpu_temp_c=69 records=1000 errors=0
THERMAL gpu_temp_c=70 records=1000 errors=0
THERMAL gpu_temp_c=69 records=1000 errors=0
THERMAL gpu_temp_c=69 records=1004 errors=0
THERMAL gpu_temp_c=67 records=1004 errors=0
THERMAL gpu_temp_c=72 records=1004 errors=0
THERMAL gpu_temp_c=69 records=1004 errors=0
THERMAL gpu_temp_c=70 records=1004 errors=0
THERMAL gpu_temp_c=69 records=1004 errors=0
THERMAL gpu_temp_c=70 records=1004 errors=0
THERMAL gpu_temp_c=70 records=1004 errors=0
THERMAL gpu_temp_c=70 records=1004 errors=0
THERMAL gpu_temp_c=70 records=1004 errors=0
THERMAL gpu_temp_c=69 records=1008 errors=0
THERMAL gpu_temp_c=67 records=1008 errors=0
THERMAL gpu_temp_c=73 records=1008 errors=0
THERMAL gpu_temp_c=69 records=1008 errors=0
THERMAL gpu_temp_c=70 records=1008 errors=0
THERMAL gpu_temp_c=69 records=1008 errors=0
THERMAL gpu_temp_c=70 records=1008 errors=0
THERMAL gpu_temp_c=70 records=1008 errors=0
THERMAL gpu_temp_c=69 records=1008 errors=0
THERMAL gpu_temp_c=70 records=1008 errors=0
THERMAL gpu_temp_c=70 records=1008 errors=0
THERMAL gpu_temp_c=69 records=1012 errors=0
THERMAL gpu_temp_c=67 records=1012 errors=0
THERMAL gpu_temp_c=72 records=1012 errors=0
THERMAL gpu_temp_c=69 records=1012 errors=0
THERMAL gpu_temp_c=69 records=1012 errors=0
THERMAL gpu_temp_c=69 records=1012 errors=0
THERMAL gpu_temp_c=70 records=1012 errors=0
THERMAL gpu_temp_c=69 records=1012 errors=0
THERMAL gpu_temp_c=69 records=1012 errors=0
THERMAL gpu_temp_c=70 records=1012 errors=0
THERMAL gpu_temp_c=68 records=1016 errors=0
THERMAL gpu_temp_c=66 records=1016 errors=0
THERMAL gpu_temp_c=72 records=1016 errors=0
THERMAL gpu_temp_c=69 records=1016 errors=0
THERMAL gpu_temp_c=70 records=1016 errors=0
THERMAL gpu_temp_c=69 records=1016 errors=0
THERMAL gpu_temp_c=69 records=1016 errors=0
THERMAL gpu_temp_c=69 records=1016 errors=0
THERMAL gpu_temp_c=69 records=1016 errors=0
THERMAL gpu_temp_c=70 records=1016 errors=0
THERMAL gpu_temp_c=68 records=1020 errors=0
THERMAL gpu_temp_c=67 records=1020 errors=0
THERMAL gpu_temp_c=72 records=1020 errors=0
THERMAL gpu_temp_c=68 records=1020 errors=0
THERMAL gpu_temp_c=69 records=1020 errors=0
THERMAL gpu_temp_c=69 records=1020 errors=0
THERMAL gpu_temp_c=69 records=1020 errors=0
THERMAL gpu_temp_c=69 records=1020 errors=0
THERMAL gpu_temp_c=69 records=1020 errors=0
THERMAL gpu_temp_c=69 records=1020 errors=0
THERMAL gpu_temp_c=69 records=1024 errors=0
THERMAL gpu_temp_c=68 records=1024 errors=0
THERMAL gpu_temp_c=66 records=1024 errors=0
THERMAL gpu_temp_c=69 records=1024 errors=0
THERMAL gpu_temp_c=69 records=1024 errors=0
THERMAL gpu_temp_c=69 records=1024 errors=0
THERMAL gpu_temp_c=69 records=1024 errors=0
THERMAL gpu_temp_c=69 records=1024 errors=0
THERMAL gpu_temp_c=69 records=1024 errors=0
THERMAL gpu_temp_c=70 records=1024 errors=0
THERMAL gpu_temp_c=69 records=1024 errors=0
THERMAL gpu_temp_c=69 records=1028 errors=0
THERMAL gpu_temp_c=68 records=1028 errors=0
THERMAL gpu_temp_c=67 records=1028 errors=0
THERMAL gpu_temp_c=69 records=1028 errors=0
THERMAL gpu_temp_c=70 records=1028 errors=0
THERMAL gpu_temp_c=70 records=1028 errors=0
THERMAL gpu_temp_c=70 records=1028 errors=0
THERMAL gpu_temp_c=69 records=1028 errors=0
THERMAL gpu_temp_c=70 records=1028 errors=0
THERMAL gpu_temp_c=70 records=1028 errors=0
THERMAL gpu_temp_c=69 records=1032 errors=0
THERMAL gpu_temp_c=67 records=1032 errors=0
THERMAL gpu_temp_c=72 records=1032 errors=0
THERMAL gpu_temp_c=69 records=1032 errors=0
THERMAL gpu_temp_c=68 records=1032 errors=0
THERMAL gpu_temp_c=69 records=1032 errors=0
THERMAL gpu_temp_c=69 records=1032 errors=0
THERMAL gpu_temp_c=69 records=1032 errors=0
THERMAL gpu_temp_c=70 records=1032 errors=0
THERMAL gpu_temp_c=68 records=1036 errors=0
THERMAL gpu_temp_c=67 records=1036 errors=0
THERMAL gpu_temp_c=66 records=1036 errors=0
THERMAL gpu_temp_c=69 records=1036 errors=0
THERMAL gpu_temp_c=69 records=1036 errors=0
THERMAL gpu_temp_c=69 records=1036 errors=0
THERMAL gpu_temp_c=69 records=1036 errors=0
THERMAL gpu_temp_c=69 records=1036 errors=0
THERMAL gpu_temp_c=70 records=1036 errors=0
THERMAL gpu_temp_c=69 records=1036 errors=0
THERMAL gpu_temp_c=68 records=1040 errors=0
THERMAL gpu_temp_c=66 records=1040 errors=0
THERMAL gpu_temp_c=71 records=1040 errors=0
THERMAL gpu_temp_c=68 records=1040 errors=0
THERMAL gpu_temp_c=69 records=1040 errors=0
THERMAL gpu_temp_c=69 records=1040 errors=0
THERMAL gpu_temp_c=69 records=1040 errors=0
THERMAL gpu_temp_c=69 records=1040 errors=0
THERMAL gpu_temp_c=69 records=1040 errors=0
THERMAL gpu_temp_c=69 records=1040 errors=0
THERMAL gpu_temp_c=68 records=1044 errors=0
THERMAL gpu_temp_c=66 records=1044 errors=0
THERMAL gpu_temp_c=72 records=1044 errors=0
THERMAL gpu_temp_c=68 records=1044 errors=0
THERMAL gpu_temp_c=69 records=1044 errors=0
THERMAL gpu_temp_c=69 records=1044 errors=0
THERMAL gpu_temp_c=69 records=1044 errors=0
THERMAL gpu_temp_c=69 records=1044 errors=0
THERMAL gpu_temp_c=69 records=1044 errors=0
THERMAL gpu_temp_c=69 records=1044 errors=0
THERMAL gpu_temp_c=68 records=1048 errors=0
THERMAL gpu_temp_c=67 records=1048 errors=0
THERMAL gpu_temp_c=72 records=1048 errors=0
THERMAL gpu_temp_c=69 records=1048 errors=0
THERMAL gpu_temp_c=69 records=1048 errors=0
THERMAL gpu_temp_c=69 records=1048 errors=0
THERMAL gpu_temp_c=69 records=1048 errors=0
THERMAL gpu_temp_c=69 records=1048 errors=0
THERMAL gpu_temp_c=69 records=1048 errors=0
THERMAL gpu_temp_c=69 records=1048 errors=0
THERMAL gpu_temp_c=69 records=1052 errors=0
THERMAL gpu_temp_c=67 records=1052 errors=0
THERMAL gpu_temp_c=66 records=1052 errors=0
THERMAL gpu_temp_c=69 records=1052 errors=0
THERMAL gpu_temp_c=68 records=1052 errors=0
THERMAL gpu_temp_c=69 records=1052 errors=0
THERMAL gpu_temp_c=69 records=1052 errors=0
THERMAL gpu_temp_c=69 records=1052 errors=0
THERMAL gpu_temp_c=69 records=1052 errors=0
THERMAL gpu_temp_c=69 records=1052 errors=0
THERMAL gpu_temp_c=69 records=1052 errors=0
THERMAL gpu_temp_c=68 records=1056 errors=0
THERMAL gpu_temp_c=66 records=1056 errors=0
THERMAL gpu_temp_c=69 records=1056 errors=0
THERMAL gpu_temp_c=69 records=1056 errors=0
THERMAL gpu_temp_c=68 records=1056 errors=0
THERMAL gpu_temp_c=69 records=1056 errors=0
THERMAL gpu_temp_c=69 records=1056 errors=0
THERMAL gpu_temp_c=69 records=1056 errors=0
THERMAL gpu_temp_c=69 records=1056 errors=0
THERMAL gpu_temp_c=69 records=1056 errors=0
THERMAL gpu_temp_c=69 records=1056 errors=0
THERMAL gpu_temp_c=67 records=1060 errors=0
THERMAL gpu_temp_c=66 records=1060 errors=0
THERMAL gpu_temp_c=69 records=1060 errors=0
THERMAL gpu_temp_c=69 records=1060 errors=0
THERMAL gpu_temp_c=68 records=1060 errors=0
THERMAL gpu_temp_c=69 records=1060 errors=0
THERMAL gpu_temp_c=69 records=1060 errors=0
THERMAL gpu_temp_c=69 records=1060 errors=0
THERMAL gpu_temp_c=69 records=1060 errors=0
THERMAL gpu_temp_c=70 records=1060 errors=0
THERMAL gpu_temp_c=67 records=1064 errors=0
THERMAL gpu_temp_c=66 records=1064 errors=0
THERMAL gpu_temp_c=69 records=1064 errors=0
THERMAL gpu_temp_c=68 records=1064 errors=0
THERMAL gpu_temp_c=69 records=1064 errors=0
THERMAL gpu_temp_c=69 records=1064 errors=0
THERMAL gpu_temp_c=69 records=1064 errors=0
THERMAL gpu_temp_c=69 records=1064 errors=0
THERMAL gpu_temp_c=69 records=1064 errors=0
THERMAL gpu_temp_c=69 records=1064 errors=0
THERMAL gpu_temp_c=68 records=1068 errors=0
THERMAL gpu_temp_c=67 records=1068 errors=0
THERMAL gpu_temp_c=72 records=1068 errors=0
THERMAL gpu_temp_c=69 records=1068 errors=0
THERMAL gpu_temp_c=69 records=1068 errors=0
THERMAL gpu_temp_c=69 records=1068 errors=0
THERMAL gpu_temp_c=70 records=1068 errors=0
THERMAL gpu_temp_c=69 records=1068 errors=0
THERMAL gpu_temp_c=69 records=1068 errors=0
THERMAL gpu_temp_c=69 records=1068 errors=0
THERMAL gpu_temp_c=70 records=1068 errors=0
THERMAL gpu_temp_c=70 records=1068 errors=0
THERMAL gpu_temp_c=68 records=1072 errors=0
THERMAL gpu_temp_c=67 records=1072 errors=0
THERMAL gpu_temp_c=72 records=1072 errors=0
THERMAL gpu_temp_c=69 records=1072 errors=0
THERMAL gpu_temp_c=69 records=1072 errors=0
THERMAL gpu_temp_c=69 records=1072 errors=0
THERMAL gpu_temp_c=69 records=1072 errors=0
THERMAL gpu_temp_c=69 records=1072 errors=0
THERMAL gpu_temp_c=69 records=1072 errors=0
THERMAL gpu_temp_c=69 records=1072 errors=0
THERMAL gpu_temp_c=69 records=1076 errors=0
THERMAL gpu_temp_c=67 records=1076 errors=0
THERMAL gpu_temp_c=66 records=1076 errors=0
THERMAL gpu_temp_c=69 records=1076 errors=0
THERMAL gpu_temp_c=69 records=1076 errors=0
THERMAL gpu_temp_c=69 records=1076 errors=0
THERMAL gpu_temp_c=70 records=1076 errors=0
THERMAL gpu_temp_c=69 records=1076 errors=0
THERMAL gpu_temp_c=69 records=1076 errors=0
THERMAL gpu_temp_c=70 records=1076 errors=0
THERMAL gpu_temp_c=68 records=1080 errors=0
THERMAL gpu_temp_c=66 records=1080 errors=0
THERMAL gpu_temp_c=71 records=1080 errors=0
THERMAL gpu_temp_c=68 records=1080 errors=0
THERMAL gpu_temp_c=69 records=1080 errors=0
THERMAL gpu_temp_c=69 records=1080 errors=0
THERMAL gpu_temp_c=69 records=1080 errors=0
THERMAL gpu_temp_c=69 records=1080 errors=0
THERMAL gpu_temp_c=69 records=1080 errors=0
THERMAL gpu_temp_c=69 records=1080 errors=0
THERMAL gpu_temp_c=68 records=1084 errors=0
THERMAL gpu_temp_c=66 records=1084 errors=0
THERMAL gpu_temp_c=71 records=1084 errors=0
THERMAL gpu_temp_c=68 records=1084 errors=0
THERMAL gpu_temp_c=69 records=1084 errors=0
THERMAL gpu_temp_c=69 records=1084 errors=0
THERMAL gpu_temp_c=69 records=1084 errors=0
THERMAL gpu_temp_c=69 records=1084 errors=0
THERMAL gpu_temp_c=69 records=1084 errors=0
THERMAL gpu_temp_c=69 records=1084 errors=0
THERMAL gpu_temp_c=68 records=1088 errors=0
THERMAL gpu_temp_c=66 records=1088 errors=0
THERMAL gpu_temp_c=71 records=1088 errors=0
THERMAL gpu_temp_c=69 records=1088 errors=0
THERMAL gpu_temp_c=69 records=1088 errors=0
THERMAL gpu_temp_c=69 records=1088 errors=0
THERMAL gpu_temp_c=69 records=1088 errors=0
THERMAL gpu_temp_c=69 records=1088 errors=0
THERMAL gpu_temp_c=70 records=1088 errors=0
THERMAL gpu_temp_c=69 records=1088 errors=0
THERMAL gpu_temp_c=70 records=1088 errors=0
THERMAL gpu_temp_c=69 records=1092 errors=0
THERMAL gpu_temp_c=67 records=1092 errors=0
THERMAL gpu_temp_c=73 records=1092 errors=0
THERMAL gpu_temp_c=69 records=1092 errors=0
THERMAL gpu_temp_c=70 records=1092 errors=0
THERMAL gpu_temp_c=69 records=1092 errors=0
THERMAL gpu_temp_c=69 records=1092 errors=0
THERMAL gpu_temp_c=69 records=1092 errors=0
THERMAL gpu_temp_c=69 records=1092 errors=0
THERMAL gpu_temp_c=70 records=1092 errors=0
THERMAL gpu_temp_c=68 records=1096 errors=0
THERMAL gpu_temp_c=67 records=1096 errors=0
THERMAL gpu_temp_c=71 records=1096 errors=0
THERMAL gpu_temp_c=68 records=1096 errors=0
THERMAL gpu_temp_c=68 records=1096 errors=0
THERMAL gpu_temp_c=69 records=1096 errors=0
THERMAL gpu_temp_c=69 records=1096 errors=0
THERMAL gpu_temp_c=70 records=1096 errors=0
THERMAL gpu_temp_c=69 records=1096 errors=0
THERMAL gpu_temp_c=69 records=1096 errors=0
THERMAL gpu_temp_c=70 records=1096 errors=0
THERMAL gpu_temp_c=67 records=1100 errors=0
THERMAL gpu_temp_c=66 records=1100 errors=0
THERMAL gpu_temp_c=69 records=1100 errors=0
THERMAL gpu_temp_c=68 records=1100 errors=0
THERMAL gpu_temp_c=69 records=1100 errors=0
THERMAL gpu_temp_c=69 records=1100 errors=0
THERMAL gpu_temp_c=69 records=1100 errors=0
THERMAL gpu_temp_c=70 records=1100 errors=0
THERMAL gpu_temp_c=70 records=1100 errors=0
THERMAL gpu_temp_c=70 records=1100 errors=0
THERMAL gpu_temp_c=68 records=1104 errors=0
THERMAL gpu_temp_c=66 records=1104 errors=0
THERMAL gpu_temp_c=69 records=1104 errors=0
THERMAL gpu_temp_c=69 records=1104 errors=0
THERMAL gpu_temp_c=69 records=1104 errors=0
THERMAL gpu_temp_c=69 records=1104 errors=0
THERMAL gpu_temp_c=69 records=1104 errors=0
THERMAL gpu_temp_c=69 records=1104 errors=0
THERMAL gpu_temp_c=69 records=1104 errors=0
THERMAL gpu_temp_c=69 records=1104 errors=0
THERMAL gpu_temp_c=69 records=1108 errors=0
THERMAL gpu_temp_c=67 records=1108 errors=0
THERMAL gpu_temp_c=67 records=1108 errors=0
POWER_PLAN_RESTORE records=1108
POWER_PLAN_RESTORED records=1108
THERMAL gpu_temp_c=41 records=1108 errors=0
THERMAL gpu_temp_c=43 records=1108 errors=0
THERMAL gpu_temp_c=45 records=1108 errors=0
THERMAL gpu_temp_c=47 records=1108 errors=0
THERMAL gpu_temp_c=48 records=1108 errors=0
THERMAL gpu_temp_c=49 records=1108 errors=0
THERMAL gpu_temp_c=50 records=1108 errors=0
THERMAL gpu_temp_c=51 records=1108 errors=0
THERMAL gpu_temp_c=52 records=1108 errors=0
THERMAL gpu_temp_c=57 records=1108 errors=0
POWER_PLAN_RESTORE records=1108
POWER_PLAN_RESTORED records=1108
THERMAL gpu_temp_c=57 records=1108 errors=0
THERMAL gpu_temp_c=58 records=1108 errors=0
THERMAL gpu_temp_c=59 records=1108 errors=0
THERMAL gpu_temp_c=61 records=1108 errors=0
THERMAL gpu_temp_c=60 records=1112 errors=0
THERMAL gpu_temp_c=60 records=1112 errors=0
THERMAL gpu_temp_c=63 records=1112 errors=0
THERMAL gpu_temp_c=62 records=1112 errors=0
THERMAL gpu_temp_c=63 records=1112 errors=0
THERMAL gpu_temp_c=64 records=1112 errors=0
THERMAL gpu_temp_c=64 records=1112 errors=0
THERMAL gpu_temp_c=63 records=1112 errors=0
THERMAL gpu_temp_c=63 records=1112 errors=0
THERMAL gpu_temp_c=64 records=1112 errors=0
THERMAL gpu_temp_c=64 records=1112 errors=0
THERMAL gpu_temp_c=64 records=1112 errors=0
THERMAL gpu_temp_c=62 records=1116 errors=0
THERMAL gpu_temp_c=60 records=1116 errors=0
THERMAL gpu_temp_c=63 records=1116 errors=0
THERMAL gpu_temp_c=63 records=1116 errors=0
THERMAL gpu_temp_c=63 records=1116 errors=0
THERMAL gpu_temp_c=63 records=1116 errors=0
THERMAL gpu_temp_c=63 records=1116 errors=0
THERMAL gpu_temp_c=64 records=1116 errors=0
THERMAL gpu_temp_c=65 records=1116 errors=0
THERMAL gpu_temp_c=63 records=1120 errors=0
THERMAL gpu_temp_c=61 records=1120 errors=0
THERMAL gpu_temp_c=60 records=1120 errors=0
THERMAL gpu_temp_c=64 records=1120 errors=0
THERMAL gpu_temp_c=63 records=1120 errors=0
THERMAL gpu_temp_c=64 records=1120 errors=0
THERMAL gpu_temp_c=65 records=1120 errors=0
THERMAL gpu_temp_c=64 records=1120 errors=0
THERMAL gpu_temp_c=65 records=1120 errors=0
THERMAL gpu_temp_c=64 records=1120 errors=0
THERMAL gpu_temp_c=64 records=1120 errors=0
THERMAL gpu_temp_c=62 records=1124 errors=0
THERMAL gpu_temp_c=60 records=1124 errors=0
THERMAL gpu_temp_c=63 records=1124 errors=0
THERMAL gpu_temp_c=63 records=1124 errors=0
THERMAL gpu_temp_c=64 records=1124 errors=0
THERMAL gpu_temp_c=64 records=1124 errors=0
THERMAL gpu_temp_c=64 records=1124 errors=0
THERMAL gpu_temp_c=63 records=1124 errors=0
THERMAL gpu_temp_c=64 records=1124 errors=0
THERMAL gpu_temp_c=64 records=1124 errors=0
THERMAL gpu_temp_c=63 records=1128 errors=0
THERMAL gpu_temp_c=61 records=1128 errors=0
THERMAL gpu_temp_c=64 records=1128 errors=0
THERMAL gpu_temp_c=63 records=1128 errors=0
THERMAL gpu_temp_c=64 records=1128 errors=0
THERMAL gpu_temp_c=63 records=1128 errors=0
THERMAL gpu_temp_c=64 records=1128 errors=0
THERMAL gpu_temp_c=63 records=1128 errors=0
THERMAL gpu_temp_c=63 records=1128 errors=0
THERMAL gpu_temp_c=64 records=1128 errors=0
THERMAL gpu_temp_c=64 records=1128 errors=0
THERMAL gpu_temp_c=62 records=1132 errors=0
THERMAL gpu_temp_c=60 records=1132 errors=0
THERMAL gpu_temp_c=64 records=1132 errors=0
THERMAL gpu_temp_c=63 records=1132 errors=0
THERMAL gpu_temp_c=63 records=1132 errors=0
THERMAL gpu_temp_c=63 records=1132 errors=0
THERMAL gpu_temp_c=64 records=1132 errors=0
THERMAL gpu_temp_c=63 records=1132 errors=0
THERMAL gpu_temp_c=64 records=1132 errors=0
THERMAL gpu_temp_c=64 records=1132 errors=0
THERMAL gpu_temp_c=62 records=1136 errors=0
THERMAL gpu_temp_c=60 records=1136 errors=0
THERMAL gpu_temp_c=65 records=1136 errors=0
THERMAL gpu_temp_c=63 records=1136 errors=0
THERMAL gpu_temp_c=63 records=1136 errors=0
THERMAL gpu_temp_c=64 records=1136 errors=0
THERMAL gpu_temp_c=64 records=1136 errors=0
THERMAL gpu_temp_c=64 records=1136 errors=0
THERMAL gpu_temp_c=64 records=1136 errors=0
THERMAL gpu_temp_c=64 records=1140 errors=0
THERMAL gpu_temp_c=61 records=1140 errors=0
THERMAL gpu_temp_c=59 records=1140 errors=0
THERMAL gpu_temp_c=63 records=1140 errors=0
THERMAL gpu_temp_c=63 records=1140 errors=0
THERMAL gpu_temp_c=64 records=1140 errors=0
THERMAL gpu_temp_c=63 records=1140 errors=0
THERMAL gpu_temp_c=64 records=1140 errors=0
THERMAL gpu_temp_c=65 records=1140 errors=0
THERMAL gpu_temp_c=64 records=1140 errors=0
THERMAL gpu_temp_c=63 records=1144 errors=0
THERMAL gpu_temp_c=61 records=1144 errors=0
THERMAL gpu_temp_c=66 records=1144 errors=0
THERMAL gpu_temp_c=63 records=1144 errors=0
THERMAL gpu_temp_c=63 records=1144 errors=0
THERMAL gpu_temp_c=64 records=1144 errors=0
THERMAL gpu_temp_c=64 records=1144 errors=0
THERMAL gpu_temp_c=64 records=1144 errors=0
THERMAL gpu_temp_c=64 records=1144 errors=0
THERMAL gpu_temp_c=64 records=1144 errors=0
THERMAL gpu_temp_c=62 records=1148 errors=0
THERMAL gpu_temp_c=60 records=1148 errors=0
THERMAL gpu_temp_c=64 records=1148 errors=0
THERMAL gpu_temp_c=63 records=1148 errors=0
THERMAL gpu_temp_c=63 records=1148 errors=0
THERMAL gpu_temp_c=63 records=1148 errors=0
THERMAL gpu_temp_c=64 records=1148 errors=0
THERMAL gpu_temp_c=64 records=1148 errors=0
THERMAL gpu_temp_c=65 records=1148 errors=0
THERMAL gpu_temp_c=64 records=1148 errors=0
THERMAL gpu_temp_c=63 records=1152 errors=0
THERMAL gpu_temp_c=61 records=1152 errors=0
THERMAL gpu_temp_c=65 records=1152 errors=0
THERMAL gpu_temp_c=63 records=1152 errors=0
THERMAL gpu_temp_c=64 records=1152 errors=0
THERMAL gpu_temp_c=64 records=1152 errors=0
THERMAL gpu_temp_c=64 records=1152 errors=0
THERMAL gpu_temp_c=64 records=1152 errors=0
THERMAL gpu_temp_c=65 records=1152 errors=0
THERMAL gpu_temp_c=65 records=1152 errors=0
THERMAL gpu_temp_c=63 records=1156 errors=0
THERMAL gpu_temp_c=61 records=1156 errors=0
THERMAL gpu_temp_c=66 records=1156 errors=0
THERMAL gpu_temp_c=63 records=1156 errors=0
THERMAL gpu_temp_c=64 records=1156 errors=0
THERMAL gpu_temp_c=64 records=1156 errors=0
THERMAL gpu_temp_c=65 records=1156 errors=0
THERMAL gpu_temp_c=64 records=1156 errors=0
THERMAL gpu_temp_c=65 records=1156 errors=0
THERMAL gpu_temp_c=65 records=1156 errors=0
THERMAL gpu_temp_c=64 records=1160 errors=0
THERMAL gpu_temp_c=62 records=1160 errors=0
THERMAL gpu_temp_c=60 records=1160 errors=0
THERMAL gpu_temp_c=63 records=1160 errors=0
THERMAL gpu_temp_c=63 records=1160 errors=0
THERMAL gpu_temp_c=64 records=1160 errors=0
THERMAL gpu_temp_c=64 records=1160 errors=0
THERMAL gpu_temp_c=64 records=1160 errors=0
THERMAL gpu_temp_c=65 records=1160 errors=0
THERMAL gpu_temp_c=65 records=1160 errors=0
THERMAL gpu_temp_c=63 records=1164 errors=0
THERMAL gpu_temp_c=61 records=1164 errors=0
THERMAL gpu_temp_c=66 records=1164 errors=0
THERMAL gpu_temp_c=63 records=1164 errors=0
THERMAL gpu_temp_c=64 records=1164 errors=0
THERMAL gpu_temp_c=65 records=1164 errors=0
THERMAL gpu_temp_c=64 records=1164 errors=0
THERMAL gpu_temp_c=65 records=1164 errors=0
THERMAL gpu_temp_c=64 records=1164 errors=0
THERMAL gpu_temp_c=65 records=1164 errors=0
THERMAL gpu_temp_c=64 records=1168 errors=0
THERMAL gpu_temp_c=62 records=1168 errors=0
THERMAL gpu_temp_c=60 records=1168 errors=0
THERMAL gpu_temp_c=64 records=1168 errors=0
THERMAL gpu_temp_c=64 records=1168 errors=0
THERMAL gpu_temp_c=64 records=1168 errors=0
THERMAL gpu_temp_c=64 records=1168 errors=0
THERMAL gpu_temp_c=64 records=1168 errors=0
THERMAL gpu_temp_c=65 records=1168 errors=0
THERMAL gpu_temp_c=65 records=1168 errors=0
THERMAL gpu_temp_c=63 records=1172 errors=0
THERMAL gpu_temp_c=62 records=1172 errors=0
THERMAL gpu_temp_c=66 records=1172 errors=0
THERMAL gpu_temp_c=63 records=1172 errors=0
THERMAL gpu_temp_c=64 records=1172 errors=0
THERMAL gpu_temp_c=64 records=1172 errors=0
THERMAL gpu_temp_c=65 records=1172 errors=0
THERMAL gpu_temp_c=65 records=1172 errors=0
THERMAL gpu_temp_c=65 records=1172 errors=0
THERMAL gpu_temp_c=64 records=1176 errors=0
THERMAL gpu_temp_c=62 records=1176 errors=0
THERMAL gpu_temp_c=67 records=1176 errors=0
THERMAL gpu_temp_c=64 records=1176 errors=0
THERMAL gpu_temp_c=64 records=1176 errors=0
THERMAL gpu_temp_c=64 records=1176 errors=0
THERMAL gpu_temp_c=64 records=1176 errors=0
THERMAL gpu_temp_c=64 records=1176 errors=0
THERMAL gpu_temp_c=65 records=1176 errors=0
THERMAL gpu_temp_c=65 records=1176 errors=0
THERMAL gpu_temp_c=63 records=1180 errors=0
THERMAL gpu_temp_c=61 records=1180 errors=0
THERMAL gpu_temp_c=65 records=1180 errors=0
THERMAL gpu_temp_c=64 records=1180 errors=0
THERMAL gpu_temp_c=65 records=1180 errors=0
THERMAL gpu_temp_c=64 records=1180 errors=0
THERMAL gpu_temp_c=65 records=1180 errors=0
THERMAL gpu_temp_c=65 records=1180 errors=0
THERMAL gpu_temp_c=65 records=1180 errors=0
THERMAL gpu_temp_c=66 records=1180 errors=0
THERMAL gpu_temp_c=63 records=1184 errors=0
THERMAL gpu_temp_c=61 records=1184 errors=0
THERMAL gpu_temp_c=64 records=1184 errors=0
THERMAL gpu_temp_c=63 records=1184 errors=0
THERMAL gpu_temp_c=65 records=1184 errors=0
THERMAL gpu_temp_c=65 records=1184 errors=0
THERMAL gpu_temp_c=65 records=1184 errors=0
THERMAL gpu_temp_c=65 records=1184 errors=0
THERMAL gpu_temp_c=64 records=1184 errors=0
THERMAL gpu_temp_c=65 records=1184 errors=0
THERMAL gpu_temp_c=63 records=1188 errors=0
THERMAL gpu_temp_c=62 records=1188 errors=0
THERMAL gpu_temp_c=66 records=1188 errors=0
THERMAL gpu_temp_c=64 records=1188 errors=0
THERMAL gpu_temp_c=64 records=1188 errors=0
THERMAL gpu_temp_c=64 records=1188 errors=0
THERMAL gpu_temp_c=65 records=1188 errors=0
THERMAL gpu_temp_c=64 records=1188 errors=0
THERMAL gpu_temp_c=65 records=1188 errors=0
THERMAL gpu_temp_c=64 records=1192 errors=0
THERMAL gpu_temp_c=62 records=1192 errors=0
THERMAL gpu_temp_c=60 records=1192 errors=0
THERMAL gpu_temp_c=64 records=1192 errors=0
THERMAL gpu_temp_c=64 records=1192 errors=0
THERMAL gpu_temp_c=64 records=1192 errors=0
THERMAL gpu_temp_c=64 records=1192 errors=0
THERMAL gpu_temp_c=65 records=1192 errors=0
THERMAL gpu_temp_c=64 records=1192 errors=0
THERMAL gpu_temp_c=65 records=1192 errors=0
THERMAL gpu_temp_c=64 records=1196 errors=0
THERMAL gpu_temp_c=62 records=1196 errors=0
THERMAL gpu_temp_c=60 records=1196 errors=0
THERMAL gpu_temp_c=63 records=1196 errors=0
THERMAL gpu_temp_c=63 records=1196 errors=0
THERMAL gpu_temp_c=64 records=1196 errors=0
THERMAL gpu_temp_c=65 records=1196 errors=0
THERMAL gpu_temp_c=65 records=1196 errors=0
THERMAL gpu_temp_c=64 records=1196 errors=0
THERMAL gpu_temp_c=65 records=1196 errors=0
THERMAL gpu_temp_c=64 records=1200 errors=0
THERMAL gpu_temp_c=61 records=1200 errors=0
THERMAL gpu_temp_c=65 records=1200 errors=0
THERMAL gpu_temp_c=63 records=1200 errors=0
THERMAL gpu_temp_c=63 records=1200 errors=0
THERMAL gpu_temp_c=64 records=1200 errors=0
THERMAL gpu_temp_c=65 records=1200 errors=0
THERMAL gpu_temp_c=65 records=1200 errors=0
THERMAL gpu_temp_c=65 records=1200 errors=0
THERMAL gpu_temp_c=65 records=1200 errors=0
THERMAL gpu_temp_c=64 records=1204 errors=0
THERMAL gpu_temp_c=62 records=1204 errors=0
THERMAL gpu_temp_c=67 records=1204 errors=0
THERMAL gpu_temp_c=64 records=1204 errors=0
THERMAL gpu_temp_c=64 records=1204 errors=0
THERMAL gpu_temp_c=64 records=1204 errors=0
THERMAL gpu_temp_c=64 records=1204 errors=0
THERMAL gpu_temp_c=65 records=1204 errors=0
THERMAL gpu_temp_c=65 records=1204 errors=0
THERMAL gpu_temp_c=65 records=1204 errors=0
THERMAL gpu_temp_c=64 records=1208 errors=0
THERMAL gpu_temp_c=62 records=1208 errors=0
THERMAL gpu_temp_c=61 records=1208 errors=0
THERMAL gpu_temp_c=64 records=1208 errors=0
THERMAL gpu_temp_c=64 records=1208 errors=0
THERMAL gpu_temp_c=64 records=1208 errors=0
THERMAL gpu_temp_c=64 records=1208 errors=0
THERMAL gpu_temp_c=64 records=1208 errors=0
THERMAL gpu_temp_c=64 records=1208 errors=0
THERMAL gpu_temp_c=66 records=1208 errors=0
THERMAL gpu_temp_c=63 records=1212 errors=0
THERMAL gpu_temp_c=61 records=1212 errors=0
THERMAL gpu_temp_c=64 records=1212 errors=0
THERMAL gpu_temp_c=63 records=1212 errors=0
THERMAL gpu_temp_c=63 records=1212 errors=0
THERMAL gpu_temp_c=65 records=1212 errors=0
THERMAL gpu_temp_c=64 records=1212 errors=0
THERMAL gpu_temp_c=64 records=1212 errors=0
THERMAL gpu_temp_c=65 records=1212 errors=0
THERMAL gpu_temp_c=64 records=1212 errors=0
THERMAL gpu_temp_c=63 records=1216 errors=0
THERMAL gpu_temp_c=61 records=1216 errors=0
THERMAL gpu_temp_c=67 records=1216 errors=0
THERMAL gpu_temp_c=64 records=1216 errors=0
THERMAL gpu_temp_c=64 records=1216 errors=0
THERMAL gpu_temp_c=64 records=1216 errors=0
THERMAL gpu_temp_c=64 records=1216 errors=0
THERMAL gpu_temp_c=65 records=1216 errors=0
THERMAL gpu_temp_c=65 records=1216 errors=0
THERMAL gpu_temp_c=65 records=1216 errors=0
THERMAL gpu_temp_c=63 records=1220 errors=0
THERMAL gpu_temp_c=61 records=1220 errors=0
THERMAL gpu_temp_c=65 records=1220 errors=0
THERMAL gpu_temp_c=64 records=1220 errors=0
THERMAL gpu_temp_c=65 records=1220 errors=0
THERMAL gpu_temp_c=64 records=1220 errors=0
THERMAL gpu_temp_c=65 records=1220 errors=0
THERMAL gpu_temp_c=64 records=1220 errors=0
THERMAL gpu_temp_c=65 records=1220 errors=0
THERMAL gpu_temp_c=65 records=1220 errors=0
THERMAL gpu_temp_c=63 records=1224 errors=0
THERMAL gpu_temp_c=61 records=1224 errors=0
THERMAL gpu_temp_c=64 records=1224 errors=0
THERMAL gpu_temp_c=64 records=1224 errors=0
THERMAL gpu_temp_c=64 records=1224 errors=0
THERMAL gpu_temp_c=64 records=1224 errors=0
THERMAL gpu_temp_c=64 records=1224 errors=0
THERMAL gpu_temp_c=64 records=1224 errors=0
THERMAL gpu_temp_c=65 records=1224 errors=0
THERMAL gpu_temp_c=65 records=1224 errors=0
THERMAL gpu_temp_c=63 records=1228 errors=0
THERMAL gpu_temp_c=61 records=1228 errors=0
THERMAL gpu_temp_c=64 records=1228 errors=0
THERMAL gpu_temp_c=64 records=1228 errors=0
THERMAL gpu_temp_c=64 records=1228 errors=0
THERMAL gpu_temp_c=65 records=1228 errors=0
THERMAL gpu_temp_c=64 records=1228 errors=0
THERMAL gpu_temp_c=65 records=1228 errors=0
THERMAL gpu_temp_c=65 records=1228 errors=0
THERMAL gpu_temp_c=66 records=1228 errors=0
THERMAL gpu_temp_c=63 records=1232 errors=0
THERMAL gpu_temp_c=61 records=1232 errors=0
THERMAL gpu_temp_c=64 records=1232 errors=0
THERMAL gpu_temp_c=64 records=1232 errors=0
THERMAL gpu_temp_c=64 records=1232 errors=0
THERMAL gpu_temp_c=65 records=1232 errors=0
THERMAL gpu_temp_c=65 records=1232 errors=0
THERMAL gpu_temp_c=64 records=1232 errors=0
THERMAL gpu_temp_c=65 records=1232 errors=0
THERMAL gpu_temp_c=65 records=1232 errors=0
THERMAL gpu_temp_c=64 records=1236 errors=0
THERMAL gpu_temp_c=62 records=1236 errors=0
THERMAL gpu_temp_c=67 records=1236 errors=0
THERMAL gpu_temp_c=63 records=1236 errors=0
THERMAL gpu_temp_c=64 records=1236 errors=0
THERMAL gpu_temp_c=65 records=1236 errors=0
THERMAL gpu_temp_c=65 records=1236 errors=0
THERMAL gpu_temp_c=65 records=1236 errors=0
THERMAL gpu_temp_c=65 records=1236 errors=0
THERMAL gpu_temp_c=65 records=1236 errors=0
THERMAL gpu_temp_c=65 records=1236 errors=0
THERMAL gpu_temp_c=64 records=1240 errors=0
THERMAL gpu_temp_c=62 records=1240 errors=0
THERMAL gpu_temp_c=68 records=1240 errors=0
THERMAL gpu_temp_c=64 records=1240 errors=0
THERMAL gpu_temp_c=65 records=1240 errors=0
THERMAL gpu_temp_c=64 records=1240 errors=0
THERMAL gpu_temp_c=64 records=1240 errors=0
THERMAL gpu_temp_c=64 records=1240 errors=0
THERMAL gpu_temp_c=65 records=1240 errors=0
THERMAL gpu_temp_c=65 records=1240 errors=0
THERMAL gpu_temp_c=63 records=1244 errors=0
THERMAL gpu_temp_c=61 records=1244 errors=0
THERMAL gpu_temp_c=68 records=1244 errors=0
THERMAL gpu_temp_c=64 records=1244 errors=0
THERMAL gpu_temp_c=64 records=1244 errors=0
THERMAL gpu_temp_c=64 records=1244 errors=0
THERMAL gpu_temp_c=64 records=1244 errors=0
THERMAL gpu_temp_c=64 records=1244 errors=0
THERMAL gpu_temp_c=65 records=1244 errors=0
THERMAL gpu_temp_c=65 records=1244 errors=0
THERMAL gpu_temp_c=65 records=1244 errors=0
THERMAL gpu_temp_c=64 records=1248 errors=0
THERMAL gpu_temp_c=62 records=1248 errors=0
THERMAL gpu_temp_c=68 records=1248 errors=0
THERMAL gpu_temp_c=65 records=1248 errors=0
THERMAL gpu_temp_c=64 records=1248 errors=0
THERMAL gpu_temp_c=65 records=1248 errors=0
THERMAL gpu_temp_c=65 records=1248 errors=0
THERMAL gpu_temp_c=65 records=1248 errors=0
THERMAL gpu_temp_c=65 records=1248 errors=0
THERMAL gpu_temp_c=65 records=1248 errors=0
THERMAL gpu_temp_c=65 records=1248 errors=0
THERMAL gpu_temp_c=65 records=1252 errors=4
FULL_EXTRACTION_FAIL_FAST records=1252 errors=4
WARNING: Could not remove empty redirect log 
'D:\UIT\KLTN\runtime\ministral3_8b_challenger\logs\event_v3_8_full_wrapper_20260827_103133.stderr.log': Exception 
calling "Delete" with "1" argument(s): "The process cannot access the file 
'D:\UIT\KLTN\runtime\ministral3_8b_challenger\logs\event_v3_8_full_wrapper_20260827_103133.stderr.log' because it is 
being used by another process."
SAFETY_CLEANUP_COMPLETE power_plan=Balanced gpu_temp_c=65
